檔類	original	zh_tw	來源/備註
SCENARIO_BRIEF	Arracourt	阿拉庫爾	自譯(戰役簡報散文,第二輪補完;人名/地名對齊歷史百科與glossary.tsv)
SCENARIO_BRIEF	September 8, 1944	1944 年 9 月 8 日	自譯(戰役簡報散文,第二輪補完;人名/地名對齊歷史百科與glossary.tsv)
SCENARIO_BRIEF	"	With the Germans falling back in disarray after Falaise, the Allied forces try to secure Nancy as a springboard for the fall offensive into Germany itself.  Meanwhile, the Germans rush up new and refitted armored formations to stop the Allied onslaught."	"	法萊斯戰役後德軍潰退,盟軍試圖奪取南錫,作為秋季攻入德國本土的跳板。與此同時,德軍緊急調來新編與整補後的裝甲部隊,企圖阻止盟軍攻勢。"	自譯(戰役簡報散文,第二輪補完;人名/地名對齊歷史百科與glossary.tsv)
SCENARIO_BRIEF	2 Players	2 位玩家	自譯(戰役簡報散文,第二輪補完;人名/地名對齊歷史百科與glossary.tsv)
SCENARIO_BRIEF	16 Turns	16 回合	自譯(戰役簡報散文,第二輪補完;人名/地名對齊歷史百科與glossary.tsv)
SCENARIO_BRIEF	Invasion Salerno	薩雷諾防禦戰	自譯(戰役簡報散文,第二輪補完;人名/地名對齊歷史百科與glossary.tsv)
SCENARIO_BRIEF	September 11, 1943	1943 年 9 月 11 日	自譯(戰役簡報散文,第二輪補完;人名/地名對齊歷史百科與glossary.tsv)
SCENARIO_BRIEF	At the same time the Allies are establishing a foothold near Salerno, German forces are trying to push the Allied invasion back out to sea.	盟軍在薩雷諾附近建立灘頭堡的同時,德軍正試圖將盟軍登陸部隊逐回海裡。	自譯(戰役簡報散文,第二輪補完;人名/地名對齊歷史百科與glossary.tsv)
SCENARIO_BRIEF	Two Player	2 位玩家	自譯(戰役簡報散文,第二輪補完;人名/地名對齊歷史百科與glossary.tsv)
SCENARIO_BRIEF	13 Turns	13 回合	自譯(戰役簡報散文,第二輪補完;人名/地名對齊歷史百科與glossary.tsv)
SCENARIO_BRIEF	Avalanche	雪崩作戰	自譯(戰役簡報散文,第二輪補完;人名/地名對齊歷史百科與glossary.tsv)
SCENARIO_BRIEF	August 9, 1943	1943 年 8 月 9 日	自譯(戰役簡報散文,第二輪補完;人名/地名對齊歷史百科與glossary.tsv)
SCENARIO_BRIEF	"	The Invasion of Italy"	"	義大利入侵戰"	自譯(戰役簡報散文,第二輪補完;人名/地名對齊歷史百科與glossary.tsv)
SCENARIO_BRIEF	"	A properly planned amphibious assault, supported by massive naval gunfire, was difficult if not impossible to repel. At Salerno, the Germans, who didn't know this, almost crushed the beachhead and might have done so with just slightly better luck."	"	一場規劃周密、又有強大艦砲支援的兩棲登陸作戰,幾乎不可能被擊退。但在薩雷諾,不明就裡的德軍幾乎把灘頭堡打垮,只要運氣再好一點,或許就能得手。"	自譯(戰役簡報散文,第二輪補完;人名/地名對齊歷史百科與glossary.tsv)
SCENARIO_BRIEF	22 Turns	22 回合	自譯(戰役簡報散文,第二輪補完;人名/地名對齊歷史百科與glossary.tsv)
SCENARIO_BRIEF	Caen - Operation Goodwood	卡昂-古德伍德作戰	自譯(戰役簡報散文,第二輪補完;人名/地名對齊歷史百科與glossary.tsv)
SCENARIO_BRIEF	July 17, 1944	1944 年 7 月 17 日	自譯(戰役簡報散文,第二輪補完;人名/地名對齊歷史百科與glossary.tsv)
SCENARIO_BRIEF	"	After partial success in capturing Caen, the British attempt to push the Germans out of Caen and breakout of Normandy."	"	在部分奪取卡昂後,英軍試圖將德軍徹底逐出卡昂,突破諾曼第防線。"	自譯(戰役簡報散文,第二輪補完;人名/地名對齊歷史百科與glossary.tsv)
SCENARIO_BRIEF	Cauldron	大鍋	自譯(戰役簡報散文,第二輪補完;人名/地名對齊歷史百科與glossary.tsv)
SCENARIO_BRIEF	June 5, 1942	1942 年 6 月 5 日	自譯(戰役簡報散文,第二輪補完;人名/地名對齊歷史百科與glossary.tsv)
SCENARIO_BRIEF	"	The British attempt to smash Rommel's armor south of Tobruk.  Rommel launches a counter-attack in the afternoon.  By sunset, every British unit trying to get to the ""Cauldron"" has been driven back."	"	英軍試圖在托布魯克以南擊潰隆美爾的裝甲部隊。隆美爾於當日下午發動反擊。到日落時,所有試圖進入「大鍋」地帶的英軍部隊都被擊退。"	自譯(戰役簡報散文,第二輪補完;人名/地名對齊歷史百科與glossary.tsv)
SCENARIO_BRIEF	"	Can you do better than the British 8th Army?"	"	你能做得比英國第 8 軍團更好嗎?"	自譯(戰役簡報散文,第二輪補完;人名/地名對齊歷史百科與glossary.tsv)
SCENARIO_BRIEF	6 Turns	6 回合	自譯(戰役簡報散文,第二輪補完;人名/地名對齊歷史百科與glossary.tsv)
SCENARIO_BRIEF	Caen - Operation Charnwood	卡昂-查恩伍德作戰	自譯(戰役簡報散文,第二輪補完;人名/地名對齊歷史百科與glossary.tsv)
SCENARIO_BRIEF	July 7, 1944	1944 年 7 月 7 日	自譯(戰役簡報散文,第二輪補完;人名/地名對齊歷史百科與glossary.tsv)
SCENARIO_BRIEF	"	British commander Bernard Montgomery promised the Allied command that his troops would capture the old city of Caen on the first day of the Normandy landings. After weeks of hard, bloody fighting, Montgomery attempts to make good on his promise."	"	英軍指揮官蒙哥馬利曾向盟軍統帥部保證,他的部隊將在諾曼第登陸首日就攻下卡昂古城。歷經數週血腥苦戰後,蒙哥馬利試圖兌現這項承諾。"	自譯(戰役簡報散文,第二輪補完;人名/地名對齊歷史百科與glossary.tsv)
SCENARIO_BRIEF	18 Turns	18 回合	自譯(戰役簡報散文,第二輪補完;人名/地名對齊歷史百科與glossary.tsv)
SCENARIO_BRIEF	Ciechanow	切哈努夫	自譯(戰役簡報散文,第二輪補完;人名/地名對齊歷史百科與glossary.tsv)
SCENARIO_BRIEF	September 5, 1939	1939 年 9 月 5 日	自譯(戰役簡報散文,第二輪補完;人名/地名對齊歷史百科與glossary.tsv)
SCENARIO_BRIEF	"	The German troops try to clear Polish forces from Mlawa and Ciechanow.  The Polish army attempts to defend their homeland against the German invaders. "	"	德軍試圖清除姆瓦瓦與切哈努夫一帶的波蘭部隊。波蘭軍隊則力圖抵禦德國入侵者,保衛家園。"	自譯(戰役簡報散文,第二輪補完;人名/地名對齊歷史百科與glossary.tsv)
SCENARIO_BRIEF	17 Turns	17 回合	自譯(戰役簡報散文,第二輪補完;人名/地名對齊歷史百科與glossary.tsv)
SCENARIO_BRIEF	Dessau	德紹	自譯(戰役簡報散文,第二輪補完;人名/地名對齊歷史百科與glossary.tsv)
SCENARIO_BRIEF	April 11, 1945	1945 年 4 月 11 日	自譯(戰役簡報散文,第二輪補完;人名/地名對齊歷史百科與glossary.tsv)
SCENARIO_BRIEF	The Third Armored Division has been ordered to attack towards Dessau in an attempt to beat the Soviets to the experimental airbase nearby.  The Americans must capture the German town and airfield at Dessau.  The German defenders try to prevent an easy victory for the Americans.	美軍第 3 裝甲師奉命向德紹進攻,搶在蘇軍之前奪取附近的實驗機場。美軍必須攻佔德紹城鎮與機場;德軍守軍則試圖不讓美軍輕易得手。	自譯(戰役簡報散文,第二輪補完;人名/地名對齊歷史百科與glossary.tsv)
SCENARIO_BRIEF	14 Turns	14 回合	自譯(戰役簡報散文,第二輪補完;人名/地名對齊歷史百科與glossary.tsv)
SCENARIO_BRIEF	Red Tide Rising	赤潮湧現	自譯(戰役簡報散文,第二輪補完;人名/地名對齊歷史百科與glossary.tsv)
SCENARIO_BRIEF	June 1, 1945	1945 年 6 月 1 日	自譯(戰役簡報散文,第二輪補完;人名/地名對齊歷史百科與glossary.tsv)
SCENARIO_BRIEF	Postwar mistrust between the Allied Powers leads to hostilities. The Soviets attack U.S. and British forces near Dessau, attempting to drive towards Halle, Sangerhausen and Halberstadt. 	戰後盟國之間的猜忌演變為衝突。蘇軍在德紹附近攻擊美英部隊,企圖向哈勒、桑格豪森與哈爾伯施塔特方向推進。	自譯(戰役簡報散文,第二輪補完;人名/地名對齊歷史百科與glossary.tsv)
SCENARIO_BRIEF	3 Players 	3 位玩家	自譯(戰役簡報散文,第二輪補完;人名/地名對齊歷史百科與glossary.tsv)
SCENARIO_BRIEF	Ja Wolfgang, I was as surprised as you that they chose Normandy.... Ah, Herr General, come in. Allow me to explain the present situation. We have a chance to drive the Allies back into the sea, here, near Caen. I will not pretend that this will be an easy task, but you have shown yourself to be a most resourceful fellow time and time again, ja? You will need all your skill to wrest a victory here. Our thoughts are with you. Ja, As I was saying, Wolfgang.... 	是啊,沃爾夫岡,他們選在諾曼第登陸,我和你一樣意外……啊,將軍閣下,請進。容我向您說明目前局勢。我們在這裡,卡昂附近,有機會把盟軍逼回海裡。我不會騙您說這是件容易的差事,但您已經一次又一次證明自己足智多謀,是吧?您需要拿出全部本事才能在此贏得勝利。我們的心與您同在。是啊,我剛才說到哪了,沃爾夫岡……	自譯(戰役簡報散文,第二輪補完;人名/地名對齊歷史百科與glossary.tsv)
SCENARIO_BRIEF	Excellent! Despite the fact the enemy have managed to force their way inland at other points, you have swept all before you. And because of this blow you have dealt them, the Allies will not be able to take advantage of their successes elsewhere. It is unfortunate that we do not have more like you, Herr General. 	太好了!儘管敵軍已在其他地點成功打入內陸,您卻所向披靡。正因為您給予敵人這記重擊,盟軍將無法利用他們在其他戰線上的戰果。可惜像您這樣的人才,我們實在太少了,將軍閣下。	自譯(戰役簡報散文,第二輪補完;人名/地名對齊歷史百科與glossary.tsv)
SCENARIO_BRIEF	Very good! Despite the fact the enemy has managed to force their way inland at other points, you have swept all before you. And because of this blow you have dealt them, the Allies will not be able to take advantage of their successes elsewhere. You have done very well, Herr General.	很好!儘管敵軍已在其他地點成功打入內陸,您卻所向披靡。正因為您給予敵人這記重擊,盟軍將無法利用他們在其他戰線上的戰果。您表現得很出色,將軍閣下。	自譯(戰役簡報散文,第二輪補完;人名/地名對齊歷史百科與glossary.tsv)
SCENARIO_BRIEF	Herr General, I am sorry that the sacrifice of your fine troops have been in vain.  You have been ordered to Berlin.  I do not envy your reception there.	將軍閣下,很遺憾您麾下優秀部隊的犧牲都白費了。上級已命令您返回柏林述職。我不敢想像您在那裡會受到什麼樣的接待。	自譯(戰役簡報散文,第二輪補完;人名/地名對齊歷史百科與glossary.tsv)
SCENARIO_BRIEF	Herr General, we have an excellent opportunity to deliver a crushing blow to the enemy, here, north of Strasbourg. As you can see, the advance of the American Third Army has left this sector of 	將軍閣下,我們在此,史特拉斯堡以北,有絕佳機會給敵人致命一擊。如您所見,美軍第 3 軍團的推進,讓這一段	自譯(戰役簡報散文,第二輪補完;人名/地名對齊歷史百科與glossary.tsv)
SCENARIO_BRIEF	their front inadequately defended. If you can knife through to Strasbourg, the Americans and British will be forced to halt their drive on the Fatherland. Good luck.	戰線的防禦變得空虛。若您能長驅直入史特拉斯堡,美軍與英軍將被迫停止對祖國的攻勢。祝您好運。	自譯(戰役簡報散文,第二輪補完;人名/地名對齊歷史百科與glossary.tsv)
SCENARIO_BRIEF	Herr General, your thrust to Strasbourg will be used as a textbook example of offensive maneuver. This lightning blow has changed the course of the war in the west.  Outstanding.	將軍閣下,您進擊史特拉斯堡的行動,將成為進攻機動戰的教科書範例。這記閃電打擊,已經改變了西線戰局的走向。表現卓越。	自譯(戰役簡報散文,第二輪補完;人名/地名對齊歷史百科與glossary.tsv)
SCENARIO_BRIEF	Herr General, your thrust to Strasbourg will be used as a textbook example of offensive maneuver. This lightning blow, you have changed the course of the war in the west. Outstanding.	將軍閣下,您進擊史特拉斯堡的行動,將成為進攻機動戰的教科書範例。憑藉這記閃電打擊,您已經改變了西線戰局的走向。表現卓越。	自譯(戰役簡報散文,第二輪補完;人名/地名對齊歷史百科與glossary.tsv)
SCENARIO_BRIEF	The Americans and British have pushed us back across the Rhine. We no longer have the strength to halt them. All that is left for the fatherland is defeat and disgrace. But you have already experienced that. Haven't you, Herr General?	美軍與英軍已將我們逼退過萊茵河。我們已無力阻擋他們。留給祖國的只剩下失敗與恥辱。不過這些您早已嚐過了,不是嗎,將軍閣下?	自譯(戰役簡報散文,第二輪補完;人名/地名對齊歷史百科與glossary.tsv)
SCENARIO_BRIEF	Herr General, I know that you and your men have not had time even to catch a breath, but the situation here is critical. Buda-Pest is besieged by the Bolsheviks. Your troops must force their way into the city. It is doubtful that our Hungarian allies will continue to fight if Buda-Pest falls. If you can drive the Reds into the Danube, we may stop the Russian Bear from consuming us.	將軍閣下,我知道您和弟兄們連喘口氣的時間都沒有,但這裡的情勢非常危急。布達佩斯已遭布爾什維克圍困。您的部隊必須強行打入城內。一旦布達佩斯陷落,恐怕我們的匈牙利盟友將無心再戰。若您能把紅軍逼入多瑙河,或許還能阻止俄國熊將我們吞噬。	自譯(戰役簡報散文,第二輪補完;人名/地名對齊歷史百科與glossary.tsv)
SCENARIO_BRIEF	The Russians are dazed and reeling from the blows you and your brave men have delivered! Not only did you succeed in relieving Buda-Pest, you drove the Reds back across the Danube. Herr General, diplomatic representatives of Germany and the Soviet Union are meeting even as we speak... Your string of victories here, and in the west, are unparalleled. You are to return home to a grateful nation.	俄國人被您和您麾下勇士的打擊打得暈頭轉向!您不僅成功解圍布達佩斯,更把紅軍逼回多瑙河對岸。將軍閣下,此刻德國與蘇聯的外交代表正在會談……您在此地和西線接連的勝利,舉世無雙。您即將返回祖國,接受全國同胞的感激。	自譯(戰役簡報散文,第二輪補完;人名/地名對齊歷史百科與glossary.tsv)
SCENARIO_BRIEF	Herr General, diplomatic representatives of Germany and the Soviet Union are meeting even as we speak... Your string of victories here, and in the west, are unparalleled.... You are to return home to a grateful nation.	將軍閣下,此刻德國與蘇聯的外交代表正在會談……您在此地和西線接連的勝利,舉世無雙……您即將返回祖國,接受全國同胞的感激。	自譯(戰役簡報散文,第二輪補完;人名/地名對齊歷史百科與glossary.tsv)
SCENARIO_BRIEF	It was hoped that you would once again snatch victory from defeat. But it was not to be. The Wehrmacht is a spent force, unable even to slow the Russian Bear.  I advise you to fight your way to the west, Herr General. The Reds are not known for their hospitality to guests.	原本我們期盼您能再次反敗為勝,但事與願違。國防軍已是強弩之末,連拖延俄國熊的腳步都做不到了。我勸您殺出一條血路往西撤,將軍閣下。紅軍向來不以待客之道聞名。	自譯(戰役簡報散文,第二輪補完;人名/地名對齊歷史百科與glossary.tsv)
SCENARIO_BRIEF	Herr General, we have underestimated the Bolsheviks' powers of resistance. They have crossed the Don and completely encircled Sixth Army. You must drive on Kletskaya and Serafimov to reestablish contact. We will never, never surrender to the Red Army, but in order for us to hold our position, you must prevail. Good Luck.	將軍閣下,我們低估了布爾什維克的抵抗能力。他們已渡過頓河,將第 6 軍團徹底包圍。您必須向克列茨卡亞與謝拉菲莫維奇方向推進,重新打通聯繫。我們絕不、絕不向紅軍投降,但要守住陣地,就必須靠您打贏這一仗。祝您好運。	自譯(戰役簡報散文,第二輪補完;人名/地名對齊歷史百科與glossary.tsv)
SCENARIO_BRIEF	Congratulations, Herr General.  Your troops have successfully cleared a corridor to our comrades in Sixth Army. We will be able to continue to send reinforcements and supplies to our brave men.  Bravo.	恭喜您,將軍閣下。您的部隊成功打通了通往第 6 軍團弟兄的走廊。我們將能繼續向前線勇士輸送援軍與補給。太棒了。	自譯(戰役簡報散文,第二輪補完;人名/地名對齊歷史百科與glossary.tsv)
SCENARIO_BRIEF	Congratulations, Herr General. Your troops have successfully cleared a corridor to our comrades in Sixth Army. We will be able to continue to send reinforcements and supplies to our brave men. Bravo.	恭喜您,將軍閣下。您的部隊成功打通了通往第 6 軍團弟兄的走廊。我們將能繼續向前線勇士輸送援軍與補給。太棒了。	自譯(戰役簡報散文,第二輪補完;人名/地名對齊歷史百科與glossary.tsv)
SCENARIO_BRIEF	Herr General, this is a disaster! Sixth Army is entirely lost to us.  Though this situation is not totally of your making, your career is obviously finished. You are dismissed.	將軍閣下,這是一場災難!第 6 軍團已經徹底覆滅。雖然這個局面並非全然是您造成的,但您的軍旅生涯顯然已經結束了。您被免職了。	自譯(戰役簡報散文,第二輪補完;人名/地名對齊歷史百科與glossary.tsv)
SCENARIO_BRIEF	Herr General, as you know the Kursk Salient poses a serious threat to us. To reduce this salient and restore the integrity of our line, we will attack from the north and south, pocket, and then crush the enemy trapped inside. You and your command will lead the northern thrust of our offensive. You must penetrate as far as the town of Prokhorovka. Good Luck. 	將軍閣下,如您所知,庫斯克突出部對我們構成嚴重威脅。為了消除這個突出部、恢復戰線完整,我們將從南北兩面夾擊,將敵軍包圍後予以殲滅。您與您的部隊將負責北路主攻,必須突進到普羅霍羅夫卡鎮。祝您好運。	自譯(戰役簡報散文,第二輪補完;人名/地名對齊歷史百科與glossary.tsv)
SCENARIO_BRIEF	You have dealt the Red Army a crippling blow. With our line shortened, we will be able to transfer a large number of  troops to Feldmarschall von Paulus at Stalingrad. Superlative work, Herr General.	您給了紅軍一記重創。隨著戰線縮短,我們將能把大批部隊調撥給史達林格勒的包路斯元帥。表現極為出色,將軍閣下。	自譯(戰役簡報散文,第二輪補完;人名/地名對齊歷史百科與glossary.tsv)
SCENARIO_BRIEF	You have dealt the Red Army a severe blow. With our line shortened, we will be able to transfer some troops to Feldmarschall von Paulus at Stalingrad. Good work, Herr General.	您給了紅軍沉重一擊。隨著戰線縮短,我們將能把部分部隊調撥給史達林格勒的包路斯元帥。表現優異,將軍閣下。	自譯(戰役簡報散文,第二輪補完;人名/地名對齊歷史百科與glossary.tsv)
SCENARIO_BRIEF	Herr General, we have broken our teeth on the enemy defenses. The Bolsheviks are counterattacking all along our front. Army Group South has been shaken and must give ground. General Hoth will be assuming your duties. That is all.	將軍閣下,我們在敵軍防線前碰得頭破血流。布爾什維克正沿著我方整條戰線發動反攻。南方集團軍已經動搖,必須讓出陣地。霍特將軍將接替您的職務。就這樣。	自譯(戰役簡報散文,第二輪補完;人名/地名對齊歷史百科與glossary.tsv)
SCENARIO_BRIEF	Herr General, you already know that the enemy has launched an amphibious operation south of Naples, near Salerno. The terrain in this part of Italy is hilly and rugged, and we have been able to contain the enemy beachhead thus far. It is of critical importance that the Americans and British are not allowed to gain a foothold on the continent. We are relying on you and your crack troops to throw the enemy into the sea. Failure here is not an option.	將軍閣下,您已經知道,敵軍已在那不勒斯以南、薩雷諾附近發動兩棲登陸。這一帶義大利地形丘陵起伏、崎嶇難行,目前我軍還壓制得住敵軍灘頭堡。絕不能讓美軍與英軍在歐陸站穩腳跟,這一點至關重要。我們仰賴您和您的精銳部隊,把敵人趕回海裡。這一仗絕不容失敗。	自譯(戰役簡報散文,第二輪補完;人名/地名對齊歷史百科與glossary.tsv)
SCENARIO_BRIEF	Herr General, once again you and your courageous men have kept us from the brink of disaster. Italy remains firmly in our camp, and the invaders have been forced out of Salerno. The Fatherland owes you a great debt.	將軍閣下,您和您麾下的勇士再次把我們從絕境邊緣拉了回來。義大利依然穩穩站在我們這一邊,入侵者已被逐出薩雷諾。祖國虧欠您良多。	自譯(戰役簡報散文,第二輪補完;人名/地名對齊歷史百科與glossary.tsv)
SCENARIO_BRIEF	Herr General, once again you and your courageous men have kept us from the brink of disaster. The invaders have been forced out of Salerno. The Fatherland owes you a great debt.  	將軍閣下,您和您麾下的勇士再次把我們從絕境邊緣拉了回來。入侵者已被逐出薩雷諾。祖國虧欠您良多。	自譯(戰役簡報散文,第二輪補完;人名/地名對齊歷史百科與glossary.tsv)
SCENARIO_BRIEF	Herr General, I am sorry that the sacrifices of your fine troops have been in vain. Italy has  capitulated to the Allies, and we must fall back quickly or face annihilation. You have been ordered to Berlin. I do not envy your reception there.	將軍閣下,很遺憾您麾下優秀部隊的犧牲都白費了。義大利已向盟軍投降,我們必須迅速撤退,否則就要面臨全軍覆沒。上級已命令您返回柏林述職。我不敢想像您在那裡會受到什麼樣的接待。	自譯(戰役簡報散文,第二輪補完;人名/地名對齊歷史百科與glossary.tsv)
SCENARIO_BRIEF	Race To Dunkirk	搶攻敦克爾克	自譯(戰役簡報散文,第二輪補完;人名/地名對齊歷史百科與glossary.tsv)
SCENARIO_BRIEF	May 21, 1940	1940 年 5 月 21 日	自譯(戰役簡報散文,第二輪補完;人名/地名對齊歷史百科與glossary.tsv)
SCENARIO_BRIEF	The Germans try to break through the Anglo-French lines and capture the French city of Dunkirk.	德軍試圖突破英法聯軍防線,攻佔法國城市敦克爾克。	自譯(戰役簡報散文,第二輪補完;人名/地名對齊歷史百科與glossary.tsv)
SCENARIO_BRIEF	2 Player	2 位玩家	自譯(戰役簡報散文,第二輪補完;人名/地名對齊歷史百科與glossary.tsv)
SCENARIO_BRIEF	20 Turns	20 回合	自譯(戰役簡報散文,第二輪補完;人名/地名對齊歷史百科與glossary.tsv)
SCENARIO_BRIEF	Finnish Finished?	芬蘭完蛋?	自譯(戰役簡報散文,第二輪補完;人名/地名對齊歷史百科與glossary.tsv)
SCENARIO_BRIEF	June 15, 1945	1945 年 6 月 15 日	自譯(戰役簡報散文,第二輪補完;人名/地名對齊歷史百科與glossary.tsv)
SCENARIO_BRIEF	With the help of their German ally, Finland tries to retake what was lost to the Soviets a year earlier.	在德國盟友的協助下,芬蘭試圖奪回一年前割讓給蘇聯的失土。	自譯(戰役簡報散文,第二輪補完;人名/地名對齊歷史百科與glossary.tsv)
SCENARIO_BRIEF	3 Players	3 位玩家	自譯(戰役簡報散文,第二輪補完;人名/地名對齊歷史百科與glossary.tsv)
SCENARIO_BRIEF	Drive to the Sea	逐退入海	自譯(戰役簡報散文,第二輪補完;人名/地名對齊歷史百科與glossary.tsv)
SCENARIO_BRIEF	June 6, 1944	1944 年 6 月 6 日	自譯(戰役簡報散文,第二輪補完;人名/地名對齊歷史百科與glossary.tsv)
SCENARIO_BRIEF	"	For well over two years, the German High Command had known that the Allies would eventually try to land somewhere in France. The day is now."	"	德軍統帥部早在兩年多前就已經知道,盟軍終將設法在法國某處登陸。這一天,終於來了。"	自譯(戰役簡報散文,第二輪補完;人名/地名對齊歷史百科與glossary.tsv)
SCENARIO_BRIEF	The Germans must inflict a severe enough defeat that the Allies begin evacuating the beaches.	德軍必須予以盟軍重創,迫使他們開始撤離灘頭。	自譯(戰役簡報散文,第二輪補完;人名/地名對齊歷史百科與glossary.tsv)
SCENARIO_BRIEF	11 Turns	11 回合	自譯(戰役簡報散文,第二輪補完;人名/地名對齊歷史百科與glossary.tsv)
SCENARIO_BRIEF	Though our attack was well timed and resulted in complete surprise of the enemy, your performance was not of the highest caliber, Herr General.  Although you were successful, we expected more from you.	雖然我軍出擊時機掌握得當,徹底打了敵人一個措手不及,但將軍閣下,您的表現並非最上乘。您雖然成功了,我們原本期望您能有更好的表現。	自譯(戰役簡報散文,第二輪補完;人名/地名對齊歷史百科與glossary.tsv)
SCENARIO_BRIEF	You were fortunate to have escaped capture after the fiasco you perpetrated in Finland.  However, your previous performance merits another opportunity.  Do not fail us again.	您在芬蘭闖下大禍,能全身而退未被俘虜,算是幸運。不過,考量您先前的表現,值得再給一次機會。別再讓我們失望了。	自譯(戰役簡報散文,第二輪補完;人名/地名對齊歷史百科與glossary.tsv)
SCENARIO_BRIEF	We have seized the Norwegian capital of Oslo, but still the Norwegians and their British allies resist us.  They are attempting to keep us out of the valley leading north from Oslo through Lillehammer.  Your forces are tasked with securing this important communications center.  Good luck, Herr General. 	我軍已攻佔挪威首都奧斯陸,但挪威人與他們的英國盟友仍在頑抗。他們試圖阻止我軍進入從奧斯陸向北經利勒哈默爾延伸的谷地。您的部隊奉命奪取這個重要的交通樞紐。祝您好運,將軍閣下。	自譯(戰役簡報散文,第二輪補完;人名/地名對齊歷史百科與glossary.tsv)
SCENARIO_BRIEF	Very well done!  You have exceeded the General Staff's hopes!  Your drive through the Lillehammer Valley has broken enemy resistance. And, because of your bold attack, the Norwegian government has sued for peace.  Congratulations!	表現非常出色!您超越了參謀本部的期望!您突破利勒哈默爾谷地的攻勢,已經瓦解了敵軍的抵抗。而且,由於您這次大膽的攻擊,挪威政府已經求和。恭喜您!	自譯(戰役簡報散文,第二輪補完;人名/地名對齊歷史百科與glossary.tsv)
SCENARIO_BRIEF	Good work. You have fulfilled the General Staff's hopes!  Your attack has weakened enemy resistance.  And now, the war with Norway will soon be over. 	表現不錯。您達成了參謀本部的期望!您的攻勢削弱了敵軍的抵抗。如今,與挪威的戰爭即將結束。	自譯(戰役簡報散文,第二輪補完;人名/地名對齊歷史百科與glossary.tsv)
SCENARIO_BRIEF	You have succeeded in your mission where many others would have failed.  However, the Western Allies have been able to evacuate a majority of their troops and sink most of our surface fleet.	換作旁人多半會失敗,而您完成了任務。不過,西方盟軍還是撤走了大部分部隊,並擊沉了我軍大部分水面艦隊。	自譯(戰役簡報散文,第二輪補完;人名/地名對齊歷史百科與glossary.tsv)
SCENARIO_BRIEF	You have failed miserably.  With the loss of our surface fleet, England remains dominant on the high seas. Report for reassignment immediately!	您慘遭失敗。隨著我軍水面艦隊的損失,英國依然稱霸公海。立刻回報聽候改派!	自譯(戰役簡報散文,第二輪補完;人名/地名對齊歷史百科與glossary.tsv)
SCENARIO_BRIEF	Herr General, your victory at Lillehammer allows us an opportunity to crush our old enemy, France.  Their army is said to be the world's finest.  We shall see!  Now, we believe the Allies plan to push into Belgium in response to our offensive.  Your task is to lead your forces through the Ardennes and emerge behind the enemy.  Our victory at Sedan in 1870 made Germany a Great Power.  Your victory at Sedan will return us to that status.  	將軍閣下,您在利勒哈默爾的勝利,讓我們有機會擊潰宿敵法國。據說他們的陸軍是世界最強,我們就等著瞧吧!如今我們判斷,盟軍為了因應我方攻勢,將會推進至比利時。您的任務是率軍穿越阿登森林,繞到敵軍後方。1870 年我軍在色當的勝利,讓德國躋身列強。您在色當的勝利,將讓我們重返那樣的地位。	自譯(戰役簡報散文,第二輪補完;人名/地名對齊歷史百科與glossary.tsv)
SCENARIO_BRIEF	Congratulations on your successful escape from Finland, Herr General.  Rapid developments over the past few months have caused the General Staff to forget your failure there.  You are given one last chance - to play an important role in our invasion of France.  Their army is said to be the world's finest.  We shall see!  Now, we believe the Allies plan to push into Belgium in response to our offensive.  Your task is to lead your forces through the Ardennes and emerge behind the enemy.  Our victory at Sedan in 1870 made Germany a Great Power.  Your victory at Sedan will return us to that status.  	恭喜您成功從芬蘭脫身,將軍閣下。過去幾個月局勢發展迅速,參謀本部已經不再追究您在那裡的失敗。這是最後一次機會——讓您在我軍進攻法國的行動中擔綱要角。據說他們的陸軍是世界最強,我們就等著瞧吧!如今我們判斷,盟軍為了因應我方攻勢,將會推進至比利時。您的任務是率軍穿越阿登森林,繞到敵軍後方。1870 年我軍在色當的勝利,讓德國躋身列強。您在色當的勝利,將讓我們重返那樣的地位。	自譯(戰役簡報散文,第二輪補完;人名/地名對齊歷史百科與glossary.tsv)
SCENARIO_BRIEF	Herr General, though you shamed the Wehrmacht with your miserable performance against the Poles, other recent victories have put the General Staff in a forgiving mood.  You have been granted another chance to lead an attack against our old enemy, France.  Their army is said to be the world's finest.  We shall see!  Now, we believe the Allies plan to push into Belgium in response to our offensive.  Your task is to lead your forces through the Ardennes and emerge behind the enemy.  Our victory at Sedan in 1870 made Germany a Great Power.  Your victory at Sedan will return us to that status.  	將軍閣下,雖然您在對波蘭作戰中的拙劣表現讓國防軍蒙羞,但近來其他戰線的勝利,讓參謀本部願意既往不咎。您獲得另一次機會,率軍進攻宿敵法國。據說他們的陸軍是世界最強,我們就等著瞧吧!如今我們判斷,盟軍為了因應我方攻勢,將會推進至比利時。您的任務是率軍穿越阿登森林,繞到敵軍後方。1870 年我軍在色當的勝利,讓德國躋身列強。您在色當的勝利,將讓我們重返那樣的地位。	自譯(戰役簡報散文,第二輪補完;人名/地名對齊歷史百科與glossary.tsv)
SCENARIO_BRIEF	Superb work, Herr General!  Thanks to your rapid advance across the Meuse, the Allies are in complete disarray.  You have demonstrated the superiority of our tactics over what was once called the world's best army.  We must now push rapidly to the shores of the English Channel and complete the defeat of our enemies.	表現絕佳,將軍閣下!多虧您迅速強渡默茲河,盟軍已陷入全面混亂。您已證明我軍戰術遠勝於那支曾被稱為世界最強的軍隊。我們現在必須火速推進到英吉利海峽岸邊,徹底擊潰敵人。	自譯(戰役簡報散文,第二輪補完;人名/地名對齊歷史百科與glossary.tsv)
SCENARIO_BRIEF	Ah, Good day, Herr General!  Please sit down  and allow me to explain the present situation.  The Spanish Nationalists have requested the help of Germany to wrest control of Spain from their enemies. In leading this expedition, you will have the opportunity to sharpen your skills in the art of war. You will test the General Staff's new ideas regarding tank use, concentration of force, and combined arms operations.  Your expertise can then be put to work towards the real objective:  the return of Germany to its proper place,  the leader of Europe.	啊,日安,將軍閣下!請坐,容我向您說明目前局勢。西班牙國民軍已請求德國協助,從敵人手中奪回西班牙的控制權。率領這支遠征軍,您將有機會磨練用兵之術。您將測試參謀本部關於戰車運用、兵力集中與諸兵種協同作戰的新構想。屆時,您的專業將能為真正的目標效力:讓德國重返其應有的地位——歐洲的領導者。	自譯(戰役簡報散文,第二輪補完;人名/地名對齊歷史百科與glossary.tsv)
SCENARIO_BRIEF	You have accomplished your mission, but your lack of speed has allowed the enemy armies to escape.  It is possible that the campaign against the British and French could go on as long as the last war.  Herr General, we will, no doubt, call on you again for your services. 	您完成了任務,但行動不夠迅速,讓敵軍主力逃脫。對英法的這場戰役,恐怕會像上一次大戰一樣曠日持久。將軍閣下,我們無疑還會再次借重您的長才。	自譯(戰役簡報散文,第二輪補完;人名/地名對齊歷史百科與glossary.tsv)
SCENARIO_BRIEF	Your failure is beyond comprehension.  The enemy armies have escaped encirclement and already have begun to counterattack.  The General Staff has no need for incompetent commanders.	您的失敗令人費解。敵軍主力已突破包圍,並已開始反攻。參謀本部不需要無能的指揮官。	自譯(戰役簡報散文,第二輪補完;人名/地名對齊歷史百科與glossary.tsv)
SCENARIO_BRIEF	Well, following your success at Sedan, your brave men must now capture the port of Dunkirk on the Channel.  Allied forces in Belgium will be trapped if we can secure this harbor.  With the British Army as prisoners, we can dictate peace on our terms.  Of course, the English are aware of this possibility and will fight  furiously to protect their lines of retreat.  Good luck to you. 	好,在色當告捷之後,您麾下的勇士現在必須攻佔海峽邊的敦克爾克港。只要我們拿下這座港口,困在比利時的盟軍就將插翅難逃。俘虜了英國陸軍,我們就能按自己的條件主導和談。當然,英國人也明白這個可能性,必定會拚死力戰,保住他們的退路。祝您好運。	自譯(戰役簡報散文,第二輪補完;人名/地名對齊歷史百科與glossary.tsv)
SCENARIO_BRIEF	You have captured the British Expeditionary Force, and the French have surrendered.  You have achieved a great victory, Herr General. 	您俘獲了英國遠征軍,法國已經投降。您贏得了一場偉大的勝利,將軍閣下。	自譯(戰役簡報散文,第二輪補完;人名/地名對齊歷史百科與glossary.tsv)
SCENARIO_BRIEF	You have achieved a Great Victory, Herr General. You have crippled the British Expeditionary Force, and the French have surrendered. Very good.	您贏得了一場偉大的勝利,將軍閣下。您重創了英國遠征軍,法國已經投降。表現非常好。	自譯(戰役簡報散文,第二輪補完;人名/地名對齊歷史百科與glossary.tsv)
SCENARIO_BRIEF	You have won, Herr General. You have crippled the British Expeditionary Force, and the French have surrendered. Unfortunately, the English continue to resist us even after the loss of their contemptible, little army. Good work. 	您贏了,將軍閣下。您重創了英國遠征軍,法國已經投降。可惜的是,即使英國人那支不堪一擊的小軍隊已經覆滅,他們依然頑抗到底。表現不錯。	自譯(戰役簡報散文,第二輪補完;人名/地名對齊歷史百科與glossary.tsv)
SCENARIO_BRIEF	Herr General, German field commanders are not allowed to fail. Do you understand? I have nothing more to say to you.	將軍閣下,德軍前線指揮官不容許失敗。您明白嗎?我沒有別的話要對您說了。	自譯(戰役簡報散文,第二輪補完;人名/地名對齊歷史百科與glossary.tsv)
SCENARIO_BRIEF	Well, our forces have stormed ashore on England's beaches only to meet ferocious resistance.  Our drive to capture London has been stalled.  Now, your services are needed to capture Windsor, a vital communications center.  With this rail junction in our hands, London will be cut off from their industrial centers and be forced to surrender.  Good luck, Herr General.	好,我軍已在英國海灘搶灘登陸,卻遭遇猛烈抵抗。我軍進攻倫敦的攻勢已陷入停滯。現在,我們需要您出馬奪取溫莎這個重要的交通樞紐。一旦這個鐵路樞紐落入我軍之手,倫敦將與其工業中心斷絕聯繫,被迫投降。祝您好運,將軍閣下。	自譯(戰役簡報散文,第二輪補完;人名/地名對齊歷史百科與glossary.tsv)
SCENARIO_BRIEF	Congratulations, Herr General!  You have accomplished what has not been done for centuries, the conquest of England.  Now, the English have no choice but to sue for peace.  I can assure you that your name shall be remembered alongside the greatest heroes of our nation.  I salute you, Herr General!	恭喜您,將軍閣下!您完成了數百年來無人辦到的偉業——征服英格蘭。如今,英國人除了求和已別無選擇。我可以向您保證,您的名字將與我國最偉大的英雄一同被世人銘記。向您致敬,將軍閣下!	自譯(戰役簡報散文,第二輪補完;人名/地名對齊歷史百科與glossary.tsv)
SCENARIO_BRIEF	Well, you barely accomplished your mission, but the conquest of England is the positive result.  Now, the English will have no choice but to sue for peace.  You have been lucky, Herr General, with this narrow victory.	嗯,您勉強完成了任務,但征服英格蘭終究是個正面的成果。如今,英國人除了求和已別無選擇。將軍閣下,這場險勝算您走運。	自譯(戰役簡報散文,第二輪補完;人名/地名對齊歷史百科與glossary.tsv)
SCENARIO_BRIEF	Congratulations, Herr General!  You have accomplished what has not been done for centuries, the conquest of England.  Now, the English have no choice but to sue for peace.  I can assure you that your name shall be remembered alongside the greatest heroes of our nation.	恭喜您,將軍閣下!您完成了數百年來無人辦到的偉業——征服英格蘭。如今,英國人除了求和已別無選擇。我可以向您保證,您的名字將與我國最偉大的英雄一同被世人銘記。	自譯(戰役簡報散文,第二輪補完;人名/地名對齊歷史百科與glossary.tsv)
SCENARIO_BRIEF	Herr General, it may have been to your advantage to have remained in captivity. This failure was completely unexpected from an officer of your caliber and experience. Your services will no longer be required!	將軍閣下,或許您當初留在戰俘營裡對您還比較有利。以您的能力與經歷,這樣的失敗完全出乎意料。我們不再需要您的服務了!	自譯(戰役簡報散文,第二輪補完;人名/地名對齊歷史百科與glossary.tsv)
SCENARIO_BRIEF	My commendations, Herr General!  Under harsh conditions, you have done very well!  Your complete victory has shown that already you have gained valuable experience in this new type of warfare.  In addition, the new pro-German government in Spain will prove to be a useful ally in the coming years.  	向您致敬,將軍閣下!在艱苦條件下,您表現得非常出色!您的全面勝利證明,您已經在這種新型態的戰爭中累積了寶貴的經驗。此外,西班牙新的親德政府,將在未來成為一個有用的盟友。	自譯(戰役簡報散文,第二輪補完;人名/地名對齊歷史百科與glossary.tsv)
SCENARIO_BRIEF	Herr General, your narrow victory has shown that already you have gained some experience in this new type of warfare.  In addition, the new pro-German government in Spain may prove to be a useful ally in the coming years.  	將軍閣下,您這場險勝證明,您已經在這種新型態的戰爭中累積了一些經驗。此外,西班牙新的親德政府,或許會在未來成為一個有用的盟友。	自譯(戰役簡報散文,第二輪補完;人名/地名對齊歷史百科與glossary.tsv)
SCENARIO_BRIEF	Well Herr General, despite harsh conditions, you have done quite well!  Your victory has shown that already you have gained valuable experience in this new type of warfare.  In addition, the new pro-German government in Spain may prove to be a useful ally in the coming years.	嗯,將軍閣下,儘管條件艱苦,您的表現相當出色!您的勝利證明,您已經在這種新型態的戰爭中累積了寶貴的經驗。此外,西班牙新的親德政府,或許會在未來成為一個有用的盟友。	自譯(戰役簡報散文,第二輪補完;人名/地名對齊歷史百科與glossary.tsv)
SCENARIO_BRIEF	The General Staff has decided that you should lead the attack against the British in North Africa.  Their will to fight has by no means been broken.  If we can push the English out of North Africa, we will gain access to the Suez Canal and the oil-rich Middle East.	參謀本部已決定,由您率軍在北非進攻英軍。他們的鬥志絲毫未見動搖。若我軍能將英國人逐出北非,我們就能打通蘇伊士運河,以及蘊藏豐富石油的中東。	自譯(戰役簡報散文,第二輪補完;人名/地名對齊歷史百科與glossary.tsv)
SCENARIO_BRIEF	Congratulations, Herr General.  Your aggressive leadership has shattered the British forces. Now, we must capture the port of Tobruk, before the English can prepare an effective defense.	恭喜您,將軍閣下。您積極果敢的指揮,已經擊潰了英軍。現在,我們必須搶在英國人完成有效防禦之前,奪取托布魯克港。	自譯(戰役簡報散文,第二輪補完;人名/地名對齊歷史百科與glossary.tsv)
SCENARIO_BRIEF	Your leadership has shattered the British forces.  Congratulations, Herr General.  Now, we must capture the port of Tobruk before the English can prepare an effective defense.	您的指揮擊潰了英軍。恭喜您,將軍閣下。現在,我們必須搶在英國人完成有效防禦之前,奪取托布魯克港。	自譯(戰役簡報散文,第二輪補完;人名/地名對齊歷史百科與glossary.tsv)
SCENARIO_BRIEF	You have pushed the British back, but they have managed to withdraw into their Tobruk fortress.  Unfortunately, we do not have the resources to capture Tobruk at this time.  The war in the desert will continue.  Herr General, you are to return to Germany immediately. 	您把英軍逼退了,但他們還是設法撤入托布魯克要塞。可惜我們目前沒有足夠資源攻下托布魯克。沙漠中的戰事將繼續下去。將軍閣下,您必須立刻返回德國。	自譯(戰役簡報散文,第二輪補完;人名/地名對齊歷史百科與glossary.tsv)
SCENARIO_BRIEF	Thanks to your feeble efforts, the war in North Africa will continue to drag on.  You will return immediately to Germany to face a court martial. Your replacement here will be Herr General Rommel.  You are dismissed.	多虧您軟弱無力的表現,北非戰事恐將繼續拖延下去。您必須立刻返回德國接受軍事法庭審判。接替您的將是隆美爾將軍。您被免職了。	自譯(戰役簡報散文,第二輪補完;人名/地名對齊歷史百科與glossary.tsv)
SCENARIO_BRIEF	Herr General, you must quickly crush the defenses of Tobruk and finish what you have so successfully begun.  If Tobruk falls into our hands, the British will never recover.  Now is our chance to drive them into the sea.	將軍閣下,您必須盡快擊潰托布魯克的防禦,完成您已經成功展開的任務。一旦托布魯克落入我軍之手,英軍將再也無法恢復元氣。現在正是我們把他們趕下海的機會。	自譯(戰役簡報散文,第二輪補完;人名/地名對齊歷史百科與glossary.tsv)
SCENARIO_BRIEF	Congratulations!  The General Staff is pleased by your performance.  Egypt and the Middle East lie at our feet. Herr General, you have exceeded all expectations. Your mastery of the art of war continues to dismay our enemies.	恭喜您!參謀本部對您的表現非常滿意。埃及與中東如今已臣服於我們腳下。將軍閣下,您超越了所有人的期望。您精湛的用兵之術,持續讓敵人膽寒。	自譯(戰役簡報散文,第二輪補完;人名/地名對齊歷史百科與glossary.tsv)
SCENARIO_BRIEF	Well, The General Staff is pleased by your performance.  Egypt and the Middle East lie at our feet.  Your ability on the battlefield continues to confound our enemies.	嗯,參謀本部對您的表現感到滿意。埃及與中東如今已臣服於我們腳下。您在戰場上的用兵能力,持續讓敵人困惑不已。	自譯(戰役簡報散文,第二輪補完;人名/地名對齊歷史百科與glossary.tsv)
SCENARIO_BRIEF	Well, Herr General, you have managed to take Tobruk after a hard fight, but the English were still able to withdraw and strengthen their forces in Egypt.  Unfortunately, the war in North Africa will continue to drag on, since we lack the resources to sustain a major effort in the desert.  	嗯,將軍閣下,您歷經苦戰終於拿下托布魯克,但英國人還是設法撤退,並在埃及加強了兵力。可惜的是,由於我們缺乏足夠資源在沙漠中維持大規模作戰,北非戰事恐將繼續拖延下去。	自譯(戰役簡報散文,第二輪補完;人名/地名對齊歷史百科與glossary.tsv)
SCENARIO_BRIEF	Herr General, you have disgraced the Wehrmacht with your conduct of this battle!  Many here demand your return to Berlin to face a court-martial.  Your services will no longer required.	將軍閣下,您在這場戰役中的表現讓國防軍蒙羞!這裡許多人要求您返回柏林接受軍事法庭審判。我們不再需要您的服務了。	自譯(戰役簡報散文,第二輪補完;人名/地名對齊歷史百科與glossary.tsv)
SCENARIO_BRIEF	Ah, Herr General, I hope you have enjoyed your leave.  As you know, British and Commonwealth  troops have occupied the historic pass at Thermopylae.  You must secure this pass and prevent the escape of the enemy.  The terrain is rugged and difficult for maneuver.   You must act decisively.  	啊,將軍閣下,希望您的休假過得愉快。如您所知,英國與大英國協部隊已佔領歷史悠久的溫泉關隘口。您必須奪取這個關口,阻斷敵軍的退路。當地地形崎嶇,不利機動作戰。您必須當機立斷。	自譯(戰役簡報散文,第二輪補完;人名/地名對齊歷史百科與glossary.tsv)
SCENARIO_BRIEF	Herr General, I must congratulate you on this resounding success.  British and Commonwealth forces have surrendered, and Greek resistance has collapsed.  You handled this difficult assignment with great skill and intelligence.  You will be, no doubt, honored when you return to the fatherland.	將軍閣下,我必須恭喜您這場輝煌的勝利。英國與大英國協部隊已經投降,希臘的抵抗也已瓦解。您以高超的技巧與智慧完成了這項艱鉅任務。您返回祖國時,無疑將受到表彰。	自譯(戰役簡報散文,第二輪補完;人名/地名對齊歷史百科與glossary.tsv)
SCENARIO_BRIEF	I am aware that conditions have been harsh, but you have done poorly!  The only positive result is that you and your troops have gained some experience in this new type of armored warfare.   But, the new Spanish government and our other allies have not yet learned to respect our military capabilities which we require!   Herr General, do not disappoint us again.	我知道當地條件艱苦,但您的表現實在不佳!唯一值得一提的成果,是您和部隊在這種新型態的裝甲戰爭中累積了一些經驗。但西班牙新政府與我們其他的盟友,還沒能學會該有的敬意,認清我軍所需要展現的實力!將軍閣下,別再讓我們失望了。	自譯(戰役簡報散文,第二輪補完;人名/地名對齊歷史百科與glossary.tsv)
SCENARIO_BRIEF	The English have withdrawn, and Greek resistance has collapsed.   Your performance has been adequate.  Thank you, Herr General.	英國人已經撤退,希臘的抵抗也已瓦解。您的表現尚可。謝謝您,將軍閣下。	自譯(戰役簡報散文,第二輪補完;人名/地名對齊歷史百科與glossary.tsv)
SCENARIO_BRIEF	The English have withdrawn, and Greek resistance has collapsed.  Your performance has been excellent, and we will continue to rely on your expertise.  Well done!	英國人已經撤退,希臘的抵抗也已瓦解。您的表現非常出色,我們將繼續倚重您的長才。表現優異!	自譯(戰役簡報散文,第二輪補完;人名/地名對齊歷史百科與glossary.tsv)
SCENARIO_BRIEF	Herr General, you have failed.  The British have successfully withdrawn.  We expected more from you.  Dismissed.	將軍閣下,您失敗了。英軍成功撤離。我們原本期望您能有更好的表現。您被免職了。	自譯(戰役簡報散文,第二輪補完;人名/地名對齊歷史百科與glossary.tsv)
SCENARIO_BRIEF	For far too long, the English based on Malta have interrupted our flow of supplies to North Africa.  You have been selected to lead an elite assault force and subdue this enemy stronghold.  You must secure all the island's harbors and airfields so that our hold on the Mediterranean is secure.	駐守馬爾他的英軍已經干擾我軍運往北非的補給線太久了。您獲選率領一支精銳突擊部隊,拿下這個敵軍據點。您必須奪取島上所有港口與機場,才能確保我軍在地中海的控制權。	自譯(戰役簡報散文,第二輪補完;人名/地名對齊歷史百科與glossary.tsv)
SCENARIO_BRIEF	Your successful capture of Malta has secured our position in the Mediterranean basin.  The English will trouble us no longer, and the entire area is under our control.  You are to be congratulated.  Excellent work!	您成功攻佔馬爾他,鞏固了我軍在地中海盆地的地位。英國人再也無法對我們造成威脅,整個地區都已在我軍掌控之下。您應該受到表揚。表現優異!	自譯(戰役簡報散文,第二輪補完;人名/地名對齊歷史百科與glossary.tsv)
SCENARIO_BRIEF	Your successful capture of Malta has secured our position in the Mediterranean basin.  The English will trouble us no longer, and the entire area is under our control.  You are to be congratulated.	您成功攻佔馬爾他,鞏固了我軍在地中海盆地的地位。英國人再也無法對我們造成威脅,整個地區都已在我軍掌控之下。您應該受到表揚。	自譯(戰役簡報散文,第二輪補完;人名/地名對齊歷史百科與glossary.tsv)
SCENARIO_BRIEF	Your successful capture of Malta has secured our position in the Mediterranean basin.  The English will trouble us no longer, and the entire area is under our control.  Good day, Herr General.	您成功攻佔馬爾他,鞏固了我軍在地中海盆地的地位。英國人再也無法對我們造成威脅,整個地區都已在我軍掌控之下。日安,將軍閣下。	自譯(戰役簡報散文,第二輪補完;人名/地名對齊歷史百科與glossary.tsv)
SCENARIO_BRIEF	German field commanders are not allowed to fail.  I have nothing more to say to you.	德軍前線指揮官不容許失敗。我沒有別的話要對您說了。	自譯(戰役簡報散文,第二輪補完;人名/地名對齊歷史百科與glossary.tsv)
SCENARIO_BRIEF	Herr General, as you know, Germany has declared war on the Soviet Union.  You have been chosen to play a key role in our drive into southern Russia. You will assist our Romanian Allies in their attempt to reclaim their lost province of Moldavia. The key city in this province is Kishinev, and it is also your primary objective.  Not only is this assignment strategically important, it is politically critical.  The world is watching, Herr General, do not disappoint.	將軍閣下,如您所知,德國已經對蘇聯宣戰。您獲選在我軍南俄攻勢中擔任要角。您將協助羅馬尼亞盟軍,奪回他們失去的摩爾多瓦省。這個省份的核心城市是基希涅夫,也是您的首要目標。這項任務不僅具有重大戰略意義,在政治上更是至關重要。全世界都在看著,將軍閣下,別讓我們失望。	自譯(戰役簡報散文,第二輪補完;人名/地名對齊歷史百科與glossary.tsv)
SCENARIO_BRIEF	Herr General, this victory is worthy of great praise. The southern front is now secure, and, more importantly, the Ukraine with its rich resources is ours.  It is my pleasure to inform you that your request for leave has been granted.  Berlin is beautiful in the summer.  Enjoy yourself.	將軍閣下,這場勝利值得高度讚揚。南線戰線如今已經穩固,更重要的是,資源豐富的烏克蘭已歸我們所有。很高興通知您,您的休假申請已獲批准。柏林的夏天很美,好好享受吧。	自譯(戰役簡報散文,第二輪補完;人名/地名對齊歷史百科與glossary.tsv)
SCENARIO_BRIEF	Herr General, you must break through and encircle the enemy along the Polish frontier, exploiting their lack of mobility.  We will send pre-emptive strikes to destroy the Polish air force, therefore no aircraft will impede your advance.  Speed is essential; a successful advance here will allow us to threaten Warsaw from the north and east simultaneously.  In addition, we can welcome our Soviet friends to the key city of Brest-Litovsk on the new German-Soviet border.  The General Staff will not be pleased if it is the Soviets who welcome us instead.	將軍閣下,您必須沿波蘭邊境突破並包圍敵軍,善用他們機動力不足的弱點。我軍將先發制人摧毀波蘭空軍,因此不會有敵機阻礙您的推進。速度至關重要;若能在此順利推進,我軍就能同時從北面與東面威脅華沙。此外,我們還能在德蘇新邊界上的要城布列斯特-立陶夫斯克,迎接我們的蘇聯朋友。倘若反倒是蘇聯人先到,來迎接我們,參謀本部可不會高興。	自譯(戰役簡報散文,第二輪補完;人名/地名對齊歷史百科與glossary.tsv)
SCENARIO_BRIEF	Herr General, Kishinev is secure. German and Romanian troops are occupying the Ukraine.  This victory is worthy of great praise. Soon, you will be needed at Army Group North.  	將軍閣下,基希涅夫已經確保。德軍與羅馬尼亞部隊正佔領烏克蘭。這場勝利值得高度讚揚。很快地,北方集團軍那邊也需要借重您了。	自譯(戰役簡報散文,第二輪補完;人名/地名對齊歷史百科與glossary.tsv)
SCENARIO_BRIEF	Herr General, Kishinev is secure. German and Romanian troops are occupying the Ukraine.  This victory is worthy of great praise.  Soon, you will be needed at Army Group North. I am sure that you will do very well.	將軍閣下,基希涅夫已經確保。德軍與羅馬尼亞部隊正佔領烏克蘭。這場勝利值得高度讚揚。很快地,北方集團軍那邊也需要借重您了。我相信您一定能表現優異。	自譯(戰役簡報散文,第二輪補完;人名/地名對齊歷史百科與glossary.tsv)
SCENARIO_BRIEF	Herr General. Even now, enemy troops are advancing on our position.  Arm yourself with a rifle and seek redemption on the front lines. You may leave at once.	將軍閣下。此刻,敵軍部隊正朝我方陣地推進。拿起步槍,到前線去尋求救贖吧。您現在就可以離開了。	自譯(戰役簡報散文,第二輪補完;人名/地名對齊歷史百科與glossary.tsv)
SCENARIO_BRIEF	Herr General,  it is your privilege to lead our attack here, south of Novgorod, in the Russian heartland.  A successful offensive here will sever communications between Moscow and Leningrad and trap several Soviet armies. It is, of course, imperative to take your objectives quickly.  Our thoughts are with you.	將軍閣下,由您率領我軍在此,諾夫哥羅德以南的俄羅斯腹地發動攻勢,是您的殊榮。若能在此成功發起攻勢,將切斷莫斯科與列寧格勒之間的聯繫,並困住數個蘇軍軍團。當然,必須盡快拿下各項目標。我們的心與您同在。	自譯(戰役簡報散文,第二輪補完;人名/地名對齊歷史百科與glossary.tsv)
SCENARIO_BRIEF	Excellent. The Bolshevik armies are cut off without hope of relief.  And, even now,  communication between Moscow and Leningrad has been severed.  Leningrad should now fall easily; Moscow will be more problematic.	太好了。布爾什維克各軍團已被切斷,再無獲援的希望。而且此刻,莫斯科與列寧格勒之間的聯繫已被切斷。列寧格勒現在應該不難攻陷;莫斯科則會比較棘手。	自譯(戰役簡報散文,第二輪補完;人名/地名對齊歷史百科與glossary.tsv)
SCENARIO_BRIEF	A  good performance, to be sure. The Bolshevik armies are cut off without hope of relief.  And, even now,  communication between Moscow and Leningrad has been severed.  Leningrad should now fall easily; Moscow will be more problematic.	表現確實不錯。布爾什維克各軍團已被切斷,再無獲援的希望。而且此刻,莫斯科與列寧格勒之間的聯繫已被切斷。列寧格勒現在應該不難攻陷;莫斯科則會比較棘手。	自譯(戰役簡報散文,第二輪補完;人名/地名對齊歷史百科與glossary.tsv)
SCENARIO_BRIEF	Herr General, you have narrowly achieved your objectives.  Unfortunately, the Soviet armies have been able to withdraw in good order and regroup behind new defensive lines.  You are obviously suffering from combat stress and will be reassigned to oversee the construction of beach defenses in Norway.  Dismissed.	將軍閣下,您勉強達成了目標。可惜蘇軍各部得以有秩序地撤退,並在新的防線後方重新集結。您顯然承受了過度的戰鬥壓力,將被調任監督挪威海岸防禦工事的建造。您被免職了。	自譯(戰役簡報散文,第二輪補完;人名/地名對齊歷史百科與glossary.tsv)
SCENARIO_BRIEF	Colonel Schmidt?  Please, come in.  You have heard the news?  Maybe it is best that he did not return from Novgorod.  After all, the shame of utter defeat would have been too much for him to bear.  A slice of strudel Colonel Schmidt?	施密特上校?請進。您聽說這個消息了嗎?或許他沒能從諾夫哥羅德回來,反倒是件好事。畢竟,徹底戰敗的恥辱,他恐怕承受不起。來塊蘋果捲吧,施密特上校?	自譯(戰役簡報散文,第二輪補完;人名/地名對齊歷史百科與glossary.tsv)
SCENARIO_BRIEF	Herr General, our drive on Moscow has been quite successful, but enemy resistance continues to stiffen.  You must break through along the Volokolamsk Highway.   There is no doubt; the enemy will commit his toughest units to defend the capital, but we will persevere.	將軍閣下,我軍進逼莫斯科的攻勢相當順利,但敵軍的抵抗卻越來越頑強。您必須沿沃洛科拉姆斯克公路突破防線。毫無疑問,敵人會投入最精銳的部隊死守首都,但我們一定會堅持到底。	自譯(戰役簡報散文,第二輪補完;人名/地名對齊歷史百科與glossary.tsv)
SCENARIO_BRIEF	Herr General, you have exceeded our expectations.  The enemy fought valiantly, but this did not stop you.  And now, the last Bolshevik reserves await your attack.  Defeat them and end this war.	將軍閣下,您超越了我們的期望。敵人英勇作戰,卻無法阻擋您。如今,布爾什維克最後的預備隊正等著您發動攻擊。擊敗他們,結束這場戰爭。	自譯(戰役簡報散文,第二輪補完;人名/地名對齊歷史百科與glossary.tsv)
SCENARIO_BRIEF	Herr General, the enemy fought valiantly, but this did not stop you.  And now, the last Bolshevik reserves await your attack.  Defeat them and end this war.	將軍閣下,敵人英勇作戰,卻無法阻擋您。如今,布爾什維克最後的預備隊正等著您發動攻擊。擊敗他們,結束這場戰爭。	自譯(戰役簡報散文,第二輪補完;人名/地名對齊歷史百科與glossary.tsv)
SCENARIO_BRIEF	Herr General!  Very good work!  The crisis is over, and the Polish Army has collapsed.  Once you led us past the river, nothing could stop our panzers.  Congratulations.	將軍閣下!表現非常出色!危機已經解除,波蘭陸軍已經崩潰。自從您率我軍渡過河流之後,再也沒有什麼能阻擋我軍的裝甲部隊。恭喜您。	自譯(戰役簡報散文,第二輪補完;人名/地名對齊歷史百科與glossary.tsv)
SCENARIO_BRIEF	Herr General!  Good work!  The crisis is over, and the Polish Army has collapsed.  Once you led us past the river, nothing could stop our panzers.  Congratulations.	將軍閣下!表現不錯!危機已經解除,波蘭陸軍已經崩潰。自從您率我軍渡過河流之後,再也沒有什麼能阻擋我軍的裝甲部隊。恭喜您。	自譯(戰役簡報散文,第二輪補完;人名/地名對齊歷史百科與glossary.tsv)
SCENARIO_BRIEF	Herr General,  you narrowly accomplished what was expected of you.  Unfortunately, the Soviets held the Volokolamsk Highway long enough for more troops to arrive.  In addition, heavy snows are now falling.  Our offensive cannot continue under these conditions. Herr General, you are not suited to command at this level.  You will report to the officer training school at Metz. There is an opening for a panzer maintenance instructor.	將軍閣下,您勉強完成了原本對您的期望。可惜蘇軍守住沃洛科拉姆斯克公路的時間夠長,得以調來更多援軍。此外,大雪如今開始降下。在這種條件下,我軍的攻勢已無法繼續。將軍閣下,您並不適合擔任這個層級的指揮官。您將前往梅斯的軍官訓練學校報到。那裡剛好有個裝甲車輛保養教官的職缺。	自譯(戰役簡報散文,第二輪補完;人名/地名對齊歷史百科與glossary.tsv)
SCENARIO_BRIEF	This is a bitter defeat. Even now, enemy troops are advancing on our position.  Arm yourself with a rifle and seek redemption on the front lines.  I must leave you now, Herr General. 	這是一場慘痛的失敗。此刻,敵軍部隊正朝我方陣地推進。拿起步槍,到前線去尋求救贖吧。我得先離開了,將軍閣下。	自譯(戰役簡報散文,第二輪補完;人名/地名對齊歷史百科與glossary.tsv)
SCENARIO_BRIEF	Well,  Herr General, a bold stroke from the city of Klin to Fedoroloka will close the ring on Moscow. If we can drive through to this point, the enemy capital will surely be ours.  Good luck!	嗯,將軍閣下,從克林城向費多羅洛卡發動大膽一擊,將能合攏莫斯科的包圍圈。若我軍能突進到這一點,敵國首都必定落入我軍之手。祝您好運!	自譯(戰役簡報散文,第二輪補完;人名/地名對齊歷史百科與glossary.tsv)
SCENARIO_BRIEF	Superb  performance, Herr General! The Bolsheviks have fled to Siberia and sued for peace. You have helped accomplish what Napoleon could not -  the conquest of Russia!  Our panzers rumble through Red Square, and our troops sleep in the Kremlin!  Your reputation in war is unparalleled.	表現卓越,將軍閣下!布爾什維克已逃往西伯利亞並請求和談。您協助達成了拿破崙未能完成的偉業——征服俄羅斯!我軍的裝甲車隆隆駛過紅場,我軍的士兵在克里姆林宮裡過夜!您的戰爭聲譽舉世無雙。	自譯(戰役簡報散文,第二輪補完;人名/地名對齊歷史百科與glossary.tsv)
SCENARIO_BRIEF	Superb  performance, Herr General! The Bolsheviks have fled to Siberia and sued for peace. You have helped accomplish what Napoleon could not -  the conquest of Russia.  Our panzers rumble through Red Square, and our troops sleep in the Kremlin!  	表現卓越,將軍閣下!布爾什維克已逃往西伯利亞並請求和談。您協助達成了拿破崙未能完成的偉業——征服俄羅斯。我軍的裝甲車隆隆駛過紅場,我軍的士兵在克里姆林宮裡過夜!	自譯(戰役簡報散文,第二輪補完;人名/地名對齊歷史百科與glossary.tsv)
SCENARIO_BRIEF	Herr General, though able to achieve some limited success, you did not show the initiative demanded of German field commanders.  You were expected to do more than merely follow orders. The Bolsheviks still defy us.	將軍閣下,雖然您取得了一些有限的成果,卻沒有展現出德軍前線指揮官應有的主動精神。我們期望您做的,不僅僅是按命令行事而已。布爾什維克依然在頑抗。	自譯(戰役簡報散文,第二輪補完;人名/地名對齊歷史百科與glossary.tsv)
SCENARIO_BRIEF	Herr General, German field commanders are not allowed to fail. Do you understand?  I have nothing more to say to you.	將軍閣下,德軍前線指揮官不容許失敗。您明白嗎?我沒有別的話要對您說了。	自譯(戰役簡報散文,第二輪補完;人名/地名對齊歷史百科與glossary.tsv)
SCENARIO_BRIEF	Ah, Herr General, excuse me, Herr Feldmarschall! As you know, our campaign in the north continues to go well.  You have been chosen to lead our invasion in the south.  After your beachhead is secure,  it is imperative for you to seize the port city of Savannah. Once this is accomplished, our drive inland will cut the United States in half.  It is believed that the Americans are ignorant of our plans.  But be aware that the people of this region will fight us to their last breath.  	啊,將軍閣下,不,失禮了,元帥閣下!如您所知,我軍在北線的攻勢依然順利。您獲選率領我軍在南線的入侵行動。灘頭堡確保之後,您必須盡快奪取港口城市薩凡納。一旦達成,我軍向內陸的推進將把美國一分為二。研判美國人尚不知曉我方計畫。但請留意,這一帶的百姓將會戰到最後一口氣。	自譯(戰役簡報散文,第二輪補完;人名/地名對齊歷史百科與glossary.tsv)
SCENARIO_BRIEF	Congratulations!  Brilliant performance.  The capture of Savannah will rank with Tannenberg and Koniggratz as great German victories.  There is talk of renaming the city in your honor.	恭喜您!表現輝煌。攻佔薩凡納此役,將與坦能堡、柯尼希格雷茨齊名,並列德國偉大的勝利。已經有人提議,以您的名字為這座城市重新命名。	自譯(戰役簡報散文,第二輪補完;人名/地名對齊歷史百科與glossary.tsv)
SCENARIO_BRIEF	Congratulations!  Brilliant performance.  The capture of Savannah will be remembered as a great German victory.  There is talk of renaming the city in your honor.	恭喜您!表現輝煌。攻佔薩凡納此役,將被世人銘記為德國偉大的勝利。已經有人提議,以您的名字為這座城市重新命名。	自譯(戰役簡報散文,第二輪補完;人名/地名對齊歷史百科與glossary.tsv)
SCENARIO_BRIEF	Your less than spectacular performance has motivated a reevaluation of your usefulness.   Some of the enemy has retreated into Romania.  The British and French have now declared war on Germany.  If we did not need every man to fight, your career would be over!	您平庸的表現,讓我們不得不重新評估您的用處。部分敵軍已退入羅馬尼亞。英國與法國如今已對德國宣戰。要不是我們每一個能打仗的人都需要,您的軍旅生涯早就結束了!	自譯(戰役簡報散文,第二輪補完;人名/地名對齊歷史百科與glossary.tsv)
SCENARIO_BRIEF	Herr General. The crisis is over, and the Polish Army has collapsed.   Unfortunately, some of the enemy has retreated into Romania.  No doubt, we will encounter these tough and vengeful troops again.  There are other repercussions as well.  The British and French have now declared war on Germany. 	將軍閣下。危機已經解除,波蘭陸軍已經崩潰。可惜部分敵軍已退入羅馬尼亞。毫無疑問,我們遲早會再次遭遇這批頑強而心懷復仇的部隊。此外還有其他後果——英國與法國如今已對德國宣戰。	自譯(戰役簡報散文,第二輪補完;人名/地名對齊歷史百科與glossary.tsv)
SCENARIO_BRIEF	Herr Feldmarshall, though your performance has been.....competent, the decision has been made to ... relieve you of command.  The General Staff feels it is best that a more.... seasoned officer replace you.  The great Erich von Manstein will assume your duties.  	元帥閣下,雖然您的表現……還算稱職,但上級已經決定……解除您的指揮權。參謀本部認為,最好由一位……更資深的軍官接替您。偉大的埃里希·馮·曼施坦因,將接掌您的職務。	自譯(戰役簡報散文,第二輪補完;人名/地名對齊歷史百科與glossary.tsv)
SCENARIO_BRIEF	Herr Feldmarshall, I am at a loss for words.  Your failure is...  incomprehensible. You have left us no choice but to come to terms with the Americans. This debacle will be remembered as one of the worst military disasters of our nation.  It is better for you that you will never return to the fatherland.  Much better.	元帥閣下,我實在無言以對。您的失敗……令人費解。您讓我們別無選擇,只能與美國人談和。這場潰敗將被銘記為我國史上最慘重的軍事災難之一。對您而言,最好永遠別再回到祖國了。真的最好如此。	自譯(戰役簡報散文,第二輪補完;人名/地名對齊歷史百科與glossary.tsv)
SCENARIO_BRIEF	Herr Feldmarschall, due to your unprecedented advance, we will soon see the triumphant finish of our Southern campaign.  Feldmarschall von Manstein's Army Group North is within 100 kilometers of Knoxville, and .....  excuse me, Herr Feldmarschall .....           Herr Feldmarschall, I have just received information of the most critical importance. Less than 20 kilometers north of us, here, is a large facility. Intelligence reports indicate that the Americans are building a weapon of terrifying explosive power there. It is imperative that we act decisively and destroy this facility.	元帥閣下,由於您前所未有的推進速度,我軍南線戰役即將迎來勝利的終局。曼施坦因元帥的北方集團軍距離諾克斯維爾已不到 100 公里,而……失禮了,元帥閣下……… 元帥閣下,我剛收到一份極其重要的情報。就在此地以北不到 20 公里處,有一座大型設施。情報顯示,美國人正在那裡建造一種威力驚人的爆炸性武器。我們必須當機立斷,摧毀這座設施。	自譯(戰役簡報散文,第二輪補完;人名/地名對齊歷史百科與glossary.tsv)
SCENARIO_BRIEF	"Herr Feldmarschall, this triumph is a fitting end to our Southern campaign.  Once again your skill has led to victory, and more importantly, you have prevented the Americans from using their ""Atomic Bomb.""  Their research facility is a gutted ruin.  It is most extraordinary that you were able to capture Knoxville despite this distraction.  We must hope that only one such facility exists."	元帥閣下,這場輝煌的勝利,為我軍南線戰役畫下完美的句點。您的用兵之術再次帶來勝利,更重要的是,您阻止了美國人使用他們的「原子彈」。他們的研究設施如今已成廢墟。儘管遭逢這樣的意外插曲,您依然能夠攻下諾克斯維爾,實屬不凡。我們只能寄望,這樣的設施僅此一座。	自譯(戰役簡報散文,第二輪補完;人名/地名對齊歷史百科與glossary.tsv)
SCENARIO_BRIEF	Herr Feldmarschall, although you overran the Oak Ridge facility, the Americans had time to dismantle and move the most critical material. This Atomic Bomb may still a threat to us. We have no choice but to negotiate with the Americans.	元帥閣下,雖然您攻陷了橡樹嶺設施,但美國人已經有時間拆解並轉移最關鍵的材料。這顆原子彈或許依然對我們構成威脅。我們別無選擇,只能與美國人談判。	自譯(戰役簡報散文,第二輪補完;人名/地名對齊歷史百科與glossary.tsv)
SCENARIO_BRIEF	Herr Feldmarschall, the Americans have successfully evacuated their research site.  This is your failure.  This Atomic Bomb is still a threat to us, and now we are forced to make peace with the Americans on their terms.  You have disgraced the German nation.  	元帥閣下,美國人已成功撤離他們的研究基地。這是您的失敗。這顆原子彈依然對我們構成威脅,如今我們被迫按美國人的條件求和。您讓德意志民族蒙羞。	自譯(戰役簡報散文,第二輪補完;人名/地名對齊歷史百科與glossary.tsv)
SCENARIO_BRIEF	The Soviet Union has invaded Finland, Herr General, and our Finnish friends have trapped a Soviet division in the town of Suomussalmi. Unfortunately, an even greater Soviet relief force is moving to aid their comrades, and the Finns are outnumbered. It is your task to destroy the isolated enemy and prevent the relief force from reaching him. Of course, due to our non-aggression pact with the Soviet Union, you and your troops will be considered volunteers.  If you are defeated, the General Staff will deny any knowledge of your participation, and you may expect the worst if captured.	蘇聯已經入侵芬蘭,將軍閣下,我們的芬蘭朋友已將一個蘇軍師困在蘇奧穆薩爾米鎮。可惜的是,一支規模更大的蘇軍援軍正趕來救援他們的同志,芬蘭軍隊寡不敵眾。您的任務是殲滅這股孤立的敵軍,並阻止援軍抵達。當然,鑑於我國與蘇聯簽有互不侵犯條約,您和您的部隊將被視為「志願軍」。若您戰敗,參謀本部將否認知曉您的參與;若您被俘,最壞的下場恐怕難免。	自譯(戰役簡報散文,第二輪補完;人名/地名對齊歷史百科與glossary.tsv)
SCENARIO_BRIEF	Herr General, your bold and energetic tactics have allowed us a complete victory.  And now the Finnish people have been given the will to face the Soviets with us in future campaigns.  Well done!	將軍閣下,您大膽而有活力的戰術,為我們帶來了一場全面的勝利。如今芬蘭人民也有了與我們並肩對抗蘇聯、共赴未來戰役的意志。表現優異!	自譯(戰役簡報散文,第二輪補完;人名/地名對齊歷史百科與glossary.tsv)
SCENARIO_BRIEF	Herr General, your bold and energetic tactics have allowed us a complete victory.  Finland is still a nation and now a valuable ally.  Good work, Herr General!	將軍閣下,您大膽而有活力的戰術,為我們帶來了一場全面的勝利。芬蘭仍是一個獨立國家,如今更成為我們寶貴的盟友。表現不錯,將軍閣下!	自譯(戰役簡報散文,第二輪補完;人名/地名對齊歷史百科與glossary.tsv)
SCENARIO_BRIEF	Four Player Madness	四人混戰	自譯(戰役簡報散文,第二輪補完;人名/地名對齊歷史百科與glossary.tsv)
SCENARIO_BRIEF	August 8, 1945	1945 年 8 月 8 日	自譯(戰役簡報散文,第二輪補完;人名/地名對齊歷史百科與glossary.tsv)
SCENARIO_BRIEF	The Axis players take on the Allied players.	軸心國玩家對戰同盟國玩家。	自譯(戰役簡報散文,第二輪補完;人名/地名對齊歷史百科與glossary.tsv)
SCENARIO_BRIEF	2 Human Players vs. 2 Human Players	2 位真人玩家 對戰 2 位真人玩家	自譯(戰役簡報散文,第二輪補完;人名/地名對齊歷史百科與glossary.tsv)
SCENARIO_BRIEF	9 Turns	9 回合	自譯(戰役簡報散文,第二輪補完;人名/地名對齊歷史百科與glossary.tsv)
SCENARIO_BRIEF	Duel in the Desert	沙漠對決	自譯(戰役簡報散文,第二輪補完;人名/地名對齊歷史百科與glossary.tsv)
SCENARIO_BRIEF	August 1, 1945	1945 年 8 月 1 日	自譯(戰役簡報散文,第二輪補完;人名/地名對齊歷史百科與glossary.tsv)
SCENARIO_BRIEF	8 Turns	8 回合	自譯(戰役簡報散文,第二輪補完;人名/地名對齊歷史百科與glossary.tsv)
SCENARIO_BRIEF	Finnish Vacation	芬蘭假期	自譯(戰役簡報散文,第二輪補完;人名/地名對齊歷史百科與glossary.tsv)
SCENARIO_BRIEF	BLITZKRIEG	閃擊戰	自譯(戰役簡報散文,第二輪補完;人名/地名對齊歷史百科與glossary.tsv)
SCENARIO_BRIEF	Blitzkrieg	閃擊戰	自譯(戰役簡報散文,第二輪補完;人名/地名對齊歷史百科與glossary.tsv)
SCENARIO_BRIEF	German Campaign 1938-????	德國戰役 1938-????	自譯(戰役簡報散文,第二輪補完;人名/地名對齊歷史百科與glossary.tsv)
SCENARIO_BRIEF	"You take command from the civil war in Spain, to the ""lightning"" victories of early World War II and beyond."	您將從西班牙內戰開始執掌兵符,一路指揮到二戰初期「閃電般」的勝利,以及更遠的未來。	自譯(戰役簡報散文,第二輪補完;人名/地名對齊歷史百科與glossary.tsv)
SCENARIO_BRIEF	DEFENDING THE REICH	保衛帝國	自譯(戰役簡報散文,第二輪補完;人名/地名對齊歷史百科與glossary.tsv)
SCENARIO_BRIEF	Defending the Reich	保衛帝國	自譯(戰役簡報散文,第二輪補完;人名/地名對齊歷史百科與glossary.tsv)
SCENARIO_BRIEF	German Campaign 1942-????	德國戰役 1942-????	自譯(戰役簡報散文,第二輪補完;人名/地名對齊歷史百科與glossary.tsv)
SCENARIO_BRIEF	While Germany was on the strategic defensive after the fall of Stalingrad, there were several operational offensives before the Soviet conquest of Berlin.	史達林格勒陷落後,德國轉入戰略防禦態勢,但在蘇軍攻克柏林之前,仍發動過數次戰役層級的攻勢。	自譯(戰役簡報散文,第二輪補完;人名/地名對齊歷史百科與glossary.tsv)
SCENARIO_BRIEF	You take control of Axis forces trying to re-open the way to Stalingrad, and try to change history. 	您將指揮軸心國部隊,試圖重新打通通往史達林格勒的道路,並嘗試改寫歷史。	自譯(戰役簡報散文,第二輪補完;人名/地名對齊歷史百科與glossary.tsv)
SCENARIO_BRIEF	Can you stop the Allies before they reach Berlin?	您能在盟軍攻抵柏林之前擋下他們嗎?	自譯(戰役簡報散文,第二輪補完;人名/地名對齊歷史百科與glossary.tsv)
SCENARIO_BRIEF	WARNING!	警告!	自譯(戰役簡報散文,第二輪補完;人名/地名對齊歷史百科與glossary.tsv)
SCENARIO_BRIEF	This is the toughest of the Panzer General 2 campaigns.	這是《裝甲元帥 II》中最艱難的一套戰役。	自譯(戰役簡報散文,第二輪補完;人名/地名對齊歷史百科與glossary.tsv)
SCENARIO_BRIEF	This campaign is for the General who is willing to risk everything to win.	這套戰役,是留給願意孤注一擲、只求勝利的將軍。	自譯(戰役簡報散文,第二輪補完;人名/地名對齊歷史百科與glossary.tsv)
SCENARIO_BRIEF	Kanev	卡涅夫	自譯(戰役簡報散文,第二輪補完;人名/地名對齊歷史百科與glossary.tsv)
SCENARIO_BRIEF	September 23, 1943	1943 年 9 月 23 日	自譯(戰役簡報散文,第二輪補完;人名/地名對齊歷史百科與glossary.tsv)
SCENARIO_BRIEF	The Soviets launch an assault across the Dnepr.	蘇軍發動強渡第聶伯河的攻勢。	自譯(戰役簡報散文,第二輪補完;人名/地名對齊歷史百科與glossary.tsv)
SCENARIO_BRIEF	15 Turns	15 回合	自譯(戰役簡報散文,第二輪補完;人名/地名對齊歷史百科與glossary.tsv)
SCENARIO_BRIEF	Operation Konrad	康拉德作戰	自譯(戰役簡報散文,第二輪補完;人名/地名對齊歷史百科與glossary.tsv)
SCENARIO_BRIEF	January 14, 1945	1945 年 1 月 14 日	自譯(戰役簡報散文,第二輪補完;人名/地名對齊歷史百科與glossary.tsv)
SCENARIO_BRIEF	The Hungarian capital of Budapest is besieged by the Red Army.  The Germans must break through the Soviet lines to help their last remaining ally.	匈牙利首都布達佩斯遭紅軍圍困。德軍必須突破蘇軍防線,救援他們僅存的盟友。	自譯(戰役簡報散文,第二輪補完;人名/地名對齊歷史百科與glossary.tsv)
SCENARIO_BRIEF	Klin	克林	自譯(戰役簡報散文,第二輪補完;人名/地名對齊歷史百科與glossary.tsv)
SCENARIO_BRIEF	November 15, 1941	1941 年 11 月 15 日	自譯(戰役簡報散文,第二輪補完;人名/地名對齊歷史百科與glossary.tsv)
SCENARIO_BRIEF	The Germans try to open the gate to Moscow at Klin, while the Soviet forces attempt to slam it closed.	德軍試圖在克林打開通往莫斯科的大門,蘇軍則試圖將其重新關上。	自譯(戰役簡報散文,第二輪補完;人名/地名對齊歷史百科與glossary.tsv)
SCENARIO_BRIEF	Kishinev	基希涅夫	自譯(戰役簡報散文,第二輪補完;人名/地名對齊歷史百科與glossary.tsv)
SCENARIO_BRIEF	July 9, 1941	1941 年 7 月 9 日	自譯(戰役簡報散文,第二輪補完;人名/地名對齊歷史百科與glossary.tsv)
SCENARIO_BRIEF	The Romanian army, with the help of its German ally, musters its strength to capture the Soviet controlled city of Kishinev.	羅馬尼亞軍隊在德國盟友的協助下,集結兵力奪取蘇聯控制下的城市基希涅夫。	自譯(戰役簡報散文,第二輪補完;人名/地名對齊歷史百科與glossary.tsv)
SCENARIO_BRIEF	Lillehammer	利勒哈默爾	自譯(戰役簡報散文,第二輪補完;人名/地名對齊歷史百科與glossary.tsv)
SCENARIO_BRIEF	April 20, 1940	1940 年 4 月 20 日	自譯(戰役簡報散文,第二輪補完;人名/地名對齊歷史百科與glossary.tsv)
SCENARIO_BRIEF	The Germans attempt to push through central Norway, hoping to destroy the Norwegian army before the British Expeditionary Force arrives.	德軍試圖突入挪威中部,期望在英國遠征軍抵達之前殲滅挪威軍隊。	自譯(戰役簡報散文,第二輪補完;人名/地名對齊歷史百科與glossary.tsv)
SCENARIO_BRIEF	Leningrad	列寧格勒	自譯(戰役簡報散文,第二輪補完;人名/地名對齊歷史百科與glossary.tsv)
SCENARIO_BRIEF	January 14, 1944	1944 年 1 月 14 日	自譯(戰役簡報散文,第二輪補完;人名/地名對齊歷史百科與glossary.tsv)
SCENARIO_BRIEF	The Soviets attempt to break the German siege of Leningrad.	蘇軍試圖打破德軍對列寧格勒的圍城。	自譯(戰役簡報散文,第二輪補完;人名/地名對齊歷史百科與glossary.tsv)
SCENARIO_BRIEF	Malta	馬爾他	自譯(戰役簡報散文,第二輪補完;人名/地名對齊歷史百科與glossary.tsv)
SCENARIO_BRIEF	May 24, 1941	1941 年 5 月 24 日	自譯(戰役簡報散文,第二輪補完;人名/地名對齊歷史百科與glossary.tsv)
SCENARIO_BRIEF	Hypothetical German-Italian invasion of the British controlled island of Malta.	假想情境:德義聯軍入侵英國控制的馬爾他島。	自譯(戰役簡報散文,第二輪補完;人名/地名對齊歷史百科與glossary.tsv)
SCENARIO_BRIEF	Sitting astride the sea lanes between Italy and Libya, the British-held island of Malta proved a major nuisance to Italian efforts to push supply convoys across the Mediterranean Sea.  The German plan (Operation Hercules) put its faith in airborne landings.  German and Italian paratroopers would secure the most important points, and reinforcements would then come over the beaches to finish off the island's garrison.	馬爾他島扼守義大利與利比亞之間的航道,英軍控制此島,對義大利設法穿越地中海運送補給船隊構成了極大困擾。德軍的計畫(大力神作戰)寄望於空降登陸——德義傘兵將先奪取最重要的據點,隨後由灘頭上岸的援軍肅清島上守軍。	自譯(戰役簡報散文,第二輪補完;人名/地名對齊歷史百科與glossary.tsv)
SCENARIO_BRIEF	The Axis never found themselves in a position to assault Malta.	軸心國始終未能取得進攻馬爾他的有利態勢。	自譯(戰役簡報散文,第二輪補完;人名/地名對齊歷史百科與glossary.tsv)
SCENARIO_BRIEF	This is one of the game's smallest maps, and provides a naval conflict as part of the action. 	這是遊戲中最小的地圖之一,戰局中也包含海戰要素。	自譯(戰役簡報散文,第二輪補完;人名/地名對齊歷史百科與glossary.tsv)
SCENARIO_BRIEF	Madrid Offensive	馬德里攻勢	自譯(戰役簡報散文,第二輪補完;人名/地名對齊歷史百科與glossary.tsv)
SCENARIO_BRIEF	December 23, 1938	1938 年 12 月 23 日	自譯(戰役簡報散文,第二輪補完;人名/地名對齊歷史百科與glossary.tsv)
SCENARIO_BRIEF	"	The Civil War in Spain provided a testing ground for the German Wehrmacht, as well as the Soviet and Italian armies. In the battle of Guadalajara, northwest of Madrid, both sides committed some of their best units as the Nationalists tried to cut off Madrid, still held by the Republic despite repeated attacks."	"	西班牙內戰為德國國防軍,以及蘇聯與義大利軍隊,提供了一個實戰練兵場。在馬德里西北方的瓜達拉哈拉之役,雙方都投入了各自的精銳部隊——國民軍試圖切斷馬德里,而共和軍歷經多次進攻,仍死守著這座首都。"	自譯(戰役簡報散文,第二輪補完;人名/地名對齊歷史百科與glossary.tsv)
SCENARIO_BRIEF	Gibraltar or Bust	直布羅陀或死	自譯(戰役簡報散文,第二輪補完;人名/地名對齊歷史百科與glossary.tsv)
SCENARIO_BRIEF	September 20, 1940	1940 年 9 月 20 日	自譯(戰役簡報散文,第二輪補完;人名/地名對齊歷史百科與glossary.tsv)
SCENARIO_BRIEF	"	 After the fall of France, the Axis powers look for an avenue to Gibraltar.  They ask their one time partner, the Spanish Nationalists, but they deny land passage to the Straits.  With backing from the British, the Spanish await the Axis onslaught."	"	法國淪陷後,軸心國尋求一條通往直布羅陀的路徑。他們向昔日夥伴西班牙國民軍請求借道,卻遭到拒絕,無法取道陸路進抵海峽。在英國撐腰下,西班牙人嚴陣以待,準備迎擊軸心國的攻勢。"	自譯(戰役簡報散文,第二輪補完;人名/地名對齊歷史百科與glossary.tsv)
SCENARIO_BRIEF	Metz	梅斯	自譯(戰役簡報散文,第二輪補完;人名/地名對齊歷史百科與glossary.tsv)
SCENARIO_BRIEF	November 17, 1944	1944 年 11 月 17 日	自譯(戰役簡報散文,第二輪補完;人名/地名對齊歷史百科與glossary.tsv)
SCENARIO_BRIEF	The Allies try to kick the Germans out of the fortified city of Metz.	盟軍試圖把德軍逐出設防堅固的梅斯城。	自譯(戰役簡報散文,第二輪補完;人名/地名對齊歷史百科與glossary.tsv)
SCENARIO_BRIEF	12 Turns	12 回合	自譯(戰役簡報散文,第二輪補完;人名/地名對齊歷史百科與glossary.tsv)
SCENARIO_BRIEF	Nordwind	北風作戰	自譯(戰役簡報散文,第二輪補完;人名/地名對齊歷史百科與glossary.tsv)
SCENARIO_BRIEF	December 30, 1944	1944 年 12 月 30 日	自譯(戰役簡報散文,第二輪補完;人名/地名對齊歷史百科與glossary.tsv)
SCENARIO_BRIEF	The Germans attack the American and French forces near Strassbourg.	德軍在史特拉斯堡附近攻擊美法部隊。	自譯(戰役簡報散文,第二輪補完;人名/地名對齊歷史百科與glossary.tsv)
SCENARIO_BRIEF	Novgorod	諾夫哥羅德	自譯(戰役簡報散文,第二輪補完;人名/地名對齊歷史百科與glossary.tsv)
SCENARIO_BRIEF	August 15, 1941	1941 年 8 月 15 日	自譯(戰役簡報散文,第二輪補完;人名/地名對齊歷史百科與glossary.tsv)
SCENARIO_BRIEF	Staraya Russa, south of Novgorod, was an important communications center between Leningrad and Moscow.  Though the Germans made some progress, the Soviets prevented a complete breakthrough, delaying the German push to Moscow until the cold winter snows had fallen. 	諾夫哥羅德以南的斯塔拉亞魯薩,是列寧格勒與莫斯科之間的重要交通樞紐。儘管德軍取得了一些進展,蘇軍仍阻止了德軍的全面突破,將德軍進逼莫斯科的腳步一路拖延到嚴冬降雪之時。	自譯(戰役簡報散文,第二輪補完;人名/地名對齊歷史百科與glossary.tsv)
SCENARIO_BRIEF	Oak Ridge	橡樹嶺	自譯(戰役簡報散文,第二輪補完;人名/地名對齊歷史百科與glossary.tsv)
SCENARIO_BRIEF	September 7, 1944	1944 年 9 月 7 日	自譯(戰役簡報散文,第二輪補完;人名/地名對齊歷史百科與glossary.tsv)
SCENARIO_BRIEF	The German forces attempt to cut the Eastern United States in half, while the Americans attempt to hold Knoxville.	德軍試圖將美國東部一分為二,美軍則試圖死守諾克斯維爾。	自譯(戰役簡報散文,第二輪補完;人名/地名對齊歷史百科與glossary.tsv)
SCENARIO_BRIEF	Prokhorovka	普羅霍羅夫卡	自譯(戰役簡報散文,第二輪補完;人名/地名對齊歷史百科與glossary.tsv)
SCENARIO_BRIEF	July 12, 1943	1943 年 7 月 12 日	自譯(戰役簡報散文,第二輪補完;人名/地名對齊歷史百科與glossary.tsv)
SCENARIO_BRIEF	The Soviets go on the attack against the Germans in what was to become the largest tank battle in the world.	蘇軍向德軍發動攻勢,此役後來成為史上規模最大的戰車會戰。	自譯(戰役簡報散文,第二輪補完;人名/地名對齊歷史百科與glossary.tsv)
SCENARIO_BRIEF	Pursuit to Tobruk	托布魯克追擊戰	自譯(戰役簡報散文,第二輪補完;人名/地名對齊歷史百科與glossary.tsv)
SCENARIO_BRIEF	April 1, 1941	1941 年 4 月 1 日	自譯(戰役簡報散文,第二輪補完;人名/地名對齊歷史百科與glossary.tsv)
SCENARIO_BRIEF	The combined German and Italian army attempts to push back British forces in North Africa.	德義聯軍試圖在北非擊退英軍。	自譯(戰役簡報散文,第二輪補完;人名/地名對齊歷史百科與glossary.tsv)
SCENARIO_BRIEF	Tobruk	托布魯克	自譯(戰役簡報散文,第二輪補完;人名/地名對齊歷史百科與glossary.tsv)
SCENARIO_BRIEF	April 8, 1941	1941 年 4 月 8 日	自譯(戰役簡報散文,第二輪補完;人名/地名對齊歷史百科與glossary.tsv)
SCENARIO_BRIEF	The German-Italian force attempts to capture Tobruk in North Africa.	德義聯軍試圖攻佔北非的托布魯克。	自譯(戰役簡報散文,第二輪補完;人名/地名對齊歷史百科與glossary.tsv)
SCENARIO_BRIEF	Comrade General, you have arrived early.  We can begin our meeting now.  The samovar has just been refilled if you would like a drink.  Very good.  Let us begin.  The historical dialectic propounded by Marx and Lenin and refined by the Great Stalin has proven its inevitable truth.  The fascist invaders of our homeland have over-extended themselves in a futile attempt to seize the city of Stalingrad.  Here along the Chir River, you and your forces will surge through their defenses and drive southward with maximum speed.  The Red Army of workers and peasants will surround the enemy and force his surrender.	同志將軍,您來早了。我們現在就可以開始會議。茶炊剛剛續滿,若您想喝點什麼請自便。很好,那我們開始吧。馬克思與列寧提出、經偉大的史達林精煉而成的歷史辯證法,已經證明了它必然的真理。侵略我們祖國的法西斯份子,為了奪取史達林格勒這座徒勞無功的目標,已將自身兵力過度延伸。在此,沿著契爾河,您和您的部隊將突破他們的防線,以最快速度向南推進。工農紅軍將包圍敵人,迫使他們投降。	自譯(戰役簡報散文,第二輪補完;人名/地名對齊歷史百科與glossary.tsv)
SCENARIO_BRIEF	Good work, Comrade, very good!  Thanks to your proper understanding of party doctrine, you have been able to accomplish your mission.  The fascist invaders are trapped without any hope of escape.  Now, prepare yourself and your men to drive them out of the Motherland.	表現不錯,同志,非常好!多虧您正確理解了黨的教義,您才得以完成任務。法西斯侵略者已被困住,毫無逃脫的希望。現在,做好準備,率領您的部下把他們趕出祖國母親的土地。	自譯(戰役簡報散文,第二輪補完;人名/地名對齊歷史百科與glossary.tsv)
SCENARIO_BRIEF	This is good, Comrade General!  Thanks to your proper understanding of party doctrine, you have been able to accomplish your mission.  The fascist invaders are trapped without any hope of escape.  Now, prepare yourself and your men to drive them out of the motherland.	這樣很好,同志將軍!多虧您正確理解了黨的教義,您才得以完成任務。法西斯侵略者已被困住,毫無逃脫的希望。現在,做好準備,率領您的部下把他們趕出祖國母親的土地。	自譯(戰役簡報散文,第二輪補完;人名/地名對齊歷史百科與glossary.tsv)
SCENARIO_BRIEF	Well Comrade, most of the fascist invaders are trapped.  At least, you accomplished your mission.  Now, you must prepare yourself for further operations.	嗯,同志,大部分法西斯侵略者已被困住。至少您完成了任務。現在,您必須為接下來的行動做好準備。	自譯(戰役簡報散文,第二輪補完;人名/地名對齊歷史百科與glossary.tsv)
SCENARIO_BRIEF	Your failure to follow the clear directives of the Party's Central Committee has resulted in a grievous defeat.  You are therefore to report to Yakutsk, to study further the writings of Marx, Lenin and the Great Stalin.  	您未能遵循黨中央委員會明確的指示,導致了一場慘痛的失敗。因此,您將前往雅庫茨克報到,進一步研讀馬克思、列寧與偉大的史達林的著作。	自譯(戰役簡報散文,第二輪補完;人名/地名對齊歷史百科與glossary.tsv)
SCENARIO_BRIEF	Good news, Comrade General.  The fascist offensive has been halted.  Now is the time for our counter-offensive.  You have been selected to drive the fascists back.  The Red Army of workers and peasants will triumph!	好消息,同志將軍。法西斯的攻勢已被遏止。現在正是我軍發動反攻的時刻。您獲選負責把法西斯份子擊退。工農紅軍必將獲勝!	自譯(戰役簡報散文,第二輪補完;人名/地名對齊歷史百科與glossary.tsv)
SCENARIO_BRIEF	You have exceeded our expectations!  The enemy has been crushed.  We are victorious.   Now, the Red Army holds the initiative.  This is good, very good.  To the west, Comrade!	您超越了我們的期望!敵人已被擊潰。我們勝利了。如今,紅軍已掌握主動權。這很好,非常好。向西挺進,同志!	自譯(戰役簡報散文,第二輪補完;人名/地名對齊歷史百科與glossary.tsv)
SCENARIO_BRIEF	You and your forces have crushed the enemy.  We are victorious.   Now, the Red Army holds the initiative.  This is good.  To the west, Comrade!	您和您的部隊已擊潰敵人。我們勝利了。如今,紅軍已掌握主動權。這很好。向西挺進,同志!	自譯(戰役簡報散文,第二輪補完;人名/地名對齊歷史百科與glossary.tsv)
SCENARIO_BRIEF	Comrade, your counterattack has sent the enemy reeling, but, at the same time your men have suffered severe losses.  Nevertheless, the Red Army now holds the initiative.  It is the beginning of the end of the fascists. Comrade, to the west!	同志,您的反攻讓敵人潰不成軍,但與此同時,您的部下也蒙受了慘重損失。儘管如此,紅軍如今已掌握主動權。這是法西斯份子末日的開端。同志,向西挺進!	自譯(戰役簡報散文,第二輪補完;人名/地名對齊歷史百科與glossary.tsv)
SCENARIO_BRIEF	You have been defeated Comrade General.  The Party is most displeased with your performance.  Due to your failure, at Prohkorovka, many workers and peasants are no longer with us.  Report immediately for punishment, you will be informed of your trial date later.	您戰敗了,同志將軍。黨對您的表現極為不滿。由於您在普羅霍羅夫卡的失敗,許多工農弟兄已不在人世。立刻回報接受懲處,審判日期稍後另行通知。	自譯(戰役簡報散文,第二輪補完;人名/地名對齊歷史百科與glossary.tsv)
SCENARIO_BRIEF	At this moment, the fascist invaders are in retreat.  But, we know they hope to stop our offensive along the Dnepr River.  You and your men will force a crossing of the river aided by our Guards Airborne forces. The sight of red parachutes will help demoralize the fascists and bring us victory. 	此刻,法西斯侵略者正在撤退。但我們知道,他們企圖在第聶伯河一線擋住我軍攻勢。您和您的部下,將在我軍近衛空降部隊的協助下強渡此河。滿天紅色降落傘的景象,將有助於瓦解法西斯份子的士氣,為我們帶來勝利。	自譯(戰役簡報散文,第二輪補完;人名/地名對齊歷史百科與glossary.tsv)
SCENARIO_BRIEF	The Great Stalin himself congratulates you and your devoted young troops; you are true Communists.  The fascists are fleeing before us, and now our army has successfully crossed the Dnepr.  Very good work, Comrade.	偉大的史達林親自向您與您忠誠的年輕部隊致賀;你們是真正的共產黨人。法西斯份子正在我軍面前潰逃,如今我軍已成功渡過第聶伯河。表現非常出色,同志。	自譯(戰役簡報散文,第二輪補完;人名/地名對齊歷史百科與glossary.tsv)
SCENARIO_BRIEF	Thanks are in order to you and your devoted troops, you are true Communists.  The enemy is fleeing before us. And now, our army has successfully crossed the Dnepr.  Good work, Comrade General.	應當向您和您忠誠的部隊致謝,你們是真正的共產黨人。敵人正在我軍面前潰逃。如今,我軍已成功渡過第聶伯河。表現不錯,同志將軍。	自譯(戰役簡報散文,第二輪補完;人名/地名對齊歷史百科與glossary.tsv)
SCENARIO_BRIEF	Comrade General, your troops have successfully crossed the Dnepr and driven back the fascist invaders.  Your performance, though adequate, does not entirely reflect what we expect of the New Soviet Man.  And now, Comrade, I have work to do.	同志將軍,您的部隊已成功渡過第聶伯河,並擊退了法西斯侵略者。您的表現雖然過得去,卻不完全符合我們對新蘇維埃人的期望。好了,同志,我還有公務要辦。	自譯(戰役簡報散文,第二輪補完;人名/地名對齊歷史百科與glossary.tsv)
SCENARIO_BRIEF	Your failure to follow the advice of your political advisors has cost the party dearly.  Only by bringing in reinforcements could the crossing of the Dnepr be forced.  It is clear the party must place a more dedicated communist in command.  Report to Stalingrad immediately to assist in rebuilding that city.	您未能聽從政治顧問的建議,讓黨付出了慘痛的代價。渡過第聶伯河一事,最終還是靠調來增援才勉強達成。顯然,黨必須派一位更堅定的共產黨員來擔任指揮。立刻前往史達林格勒報到,協助重建該城。	自譯(戰役簡報散文,第二輪補完;人名/地名對齊歷史百科與glossary.tsv)
SCENARIO_BRIEF	Comrade General, for over 900 days, Leningrad has been entrapped by the fascist invaders.  The Party has decreed that you must break their stranglehold on the city.  Comrade, the people must be freed at all costs. Their sacrifices must not have been in vain.	同志將軍,九百多天以來,列寧格勒一直被法西斯侵略者困鎖。黨已下令,您必須打破他們對這座城市的封鎖。同志,不惜一切代價,人民都必須獲得解放。他們的犧牲絕不能白費。	自譯(戰役簡報散文,第二輪補完;人名/地名對齊歷史百科與glossary.tsv)
SCENARIO_BRIEF	Superb performance, Comrade General.  I salute you.  You and your troops have successfully freed Leningrad.  The birthplace of the revolution can again breathe the sweet air of freedom.  Now, we must help our Finnish brothers to the north to escape the fascist scourge.	表現卓越,同志將軍。我向您致敬。您與您的部隊已成功解放列寧格勒。這座革命的搖籃,如今又能再次呼吸到自由的甜美空氣。現在,我們必須協助北方的芬蘭同胞擺脫法西斯的荼毒。	自譯(戰役簡報散文,第二輪補完;人名/地名對齊歷史百科與glossary.tsv)
SCENARIO_BRIEF	Very good, very good!  You and your troops have successfully freed Leningrad.  The birthplace of the revolution can again breathe the sweet air of freedom.  Now, we must help our Finnish brothers to the north to escape the fascist scourge.	很好,非常好!您與您的部隊已成功解放列寧格勒。這座革命的搖籃,如今又能再次呼吸到自由的甜美空氣。現在,我們必須協助北方的芬蘭同胞擺脫法西斯的荼毒。	自譯(戰役簡報散文,第二輪補完;人名/地名對齊歷史百科與glossary.tsv)
SCENARIO_BRIEF	You and your troops have freed Leningrad.  The birthplace of the revolution can again breathe the sweet air of freedom.  Now, we must help our Finnish brothers to the north to escape the fascist scourge. That will be all, Comrade General.	您與您的部隊解放了列寧格勒。這座革命的搖籃,如今又能再次呼吸到自由的甜美空氣。現在,我們必須協助北方的芬蘭同胞擺脫法西斯的荼毒。就這樣,同志將軍。	自譯(戰役簡報散文,第二輪補完;人名/地名對齊歷史百科與glossary.tsv)
SCENARIO_BRIEF	The Central Committee is very displeased.  Leningrad continues to suffer under enemy bombardment.  You are clearly unfit to lead troops into combat.  Report at once to Ulyanovsk.  A detachment of Red Octobrists are waiting for you to join them.  	中央委員會對此極為不滿。列寧格勒仍持續遭受敵軍砲擊之苦。您顯然不適合率軍作戰。立刻前往烏里揚諾夫斯克報到。一支紅色十月支隊正等著您加入。	自譯(戰役簡報散文,第二輪補完;人名/地名對齊歷史百科與glossary.tsv)
SCENARIO_BRIEF	"It is time to help the oppressed people of Finland break their capitalist chains, Comrade General.  You and your troops must capture the city of Vyborg, or ""Viipuri"" as it is known in their language.  The Finns foolishly believe that Vyborg is an ancient Finnish city.  Typical capitalist lie.  But, to defend their city, they will use all available reserves, including their contemptible navy and air force.  Good luck, Comrade."	是時候幫助受壓迫的芬蘭人民,掙脫資本主義的枷鎖了,同志將軍。您和您的部隊必須攻佔維堡城,他們的語言中稱之為「維普里」。芬蘭人愚蠢地相信,維堡自古以來就是芬蘭的城市。這是典型的資本主義謊言。不過,為了保衛這座城市,他們將動用一切可用的預備隊,包括他們那不入流的海軍與空軍。祝您好運,同志。	自譯(戰役簡報散文,第二輪補完;人名/地名對齊歷史百科與glossary.tsv)
SCENARIO_BRIEF	Comrade General.  Please, come in. Some caviar?  The occupation of Vyborg has broken the will of the fascists.  The Finns have been abandoned by their German allies and have sued for peace.  Finally, a proper socialist government has been installed.  Excellent, excellent work.	同志將軍,請進。來點魚子醬?佔領維堡一事,已經瓦解了法西斯份子的意志。芬蘭人已被他們的德國盟友拋棄,只得求和。終於,一個正統的社會主義政府已經成立。表現優異,非常優異。	自譯(戰役簡報散文,第二輪補完;人名/地名對齊歷史百科與glossary.tsv)
SCENARIO_BRIEF	Comrade General.  Please, come in.  The occupation of Vyborg has broken the will of the fascists.  The Finns have been abandoned by their German allies and have sued for peace.  Finally, a proper socialist government has been installed. Good work. 	同志將軍,請進。佔領維堡一事,已經瓦解了法西斯份子的意志。芬蘭人已被他們的德國盟友拋棄,只得求和。終於,一個正統的社會主義政府已經成立。表現不錯。	自譯(戰役簡報散文,第二輪補完;人名/地名對齊歷史百科與glossary.tsv)
SCENARIO_BRIEF	Congratulations on your capture of Vyborg. The Finns have sued for peace, but they have declared neutrality and will maintain their archaic capitalist system.  And now, if you will excuse me, I have work to do.	恭喜您攻下維堡。芬蘭人已經求和,但他們宣布中立,仍將維持他們陳舊的資本主義制度。好了,失陪一下,我還有公務要辦。	自譯(戰役簡報散文,第二輪補完;人名/地名對齊歷史百科與glossary.tsv)
SCENARIO_BRIEF	Well, Comrade General, thanks to your abject failure, the Finns continue to defy us and capitalist rule is still in place.  The Party is most displeased with your inept performance.  You are relieved of your command.	嗯,同志將軍,多虧您徹底的失敗,芬蘭人依然在頑抗我們,資本主義的統治依舊未被推翻。黨對您無能的表現極為不滿。您被解除指揮權了。	自譯(戰役簡報散文,第二輪補完;人名/地名對齊歷史百科與glossary.tsv)
SCENARIO_BRIEF	The historical dialectic has once again proven its inevitable truth.  We stand at the gates of the fascist capital.  It is your task, Comrade General, to destroy this nest of vipers so that the Soviet peoples' sacrifices will not have been pointless.  Once the enemy along the Seelow Heights have been eradicated, the road to the fascist capital will be open.  Good luck, Comrade.  	歷史辯證法再次證明了它必然的真理。我們已兵臨法西斯首都城下。您的任務,同志將軍,就是搗毀這個毒蛇巢穴,讓蘇聯人民的犧牲不致徒勞無功。一旦澤洛高地一線的敵軍被肅清,通往法西斯首都的道路便將暢通無阻。祝您好運,同志。	自譯(戰役簡報散文,第二輪補完;人名/地名對齊歷史百科與glossary.tsv)
SCENARIO_BRIEF	The Party has brought the Great Patriotic War to a victorious end and we celebrate your role in this final battle.  The banners of the SSSR fly over the Reichstag, and our liberation mission is complete.  All the peoples of the world herald your name for freeing them from the fascist nightmare. Comrade General, a dacha on the Black Sea has been granted you and awaits your pleasure. And now, Vodka! 	黨已帶領偉大的衛國戰爭迎來勝利的終局,我們同賀您在這場最終戰役中的功勳。蘇聯的紅旗如今飄揚在國會大廈上空,我們的解放使命已經完成。全世界人民都在傳頌您的名字,感謝您將他們從法西斯的噩夢中解放出來。同志將軍,一棟黑海濱的別墅已賜予您,靜候您的光臨。現在,來杯伏特加吧!	自譯(戰役簡報散文,第二輪補完;人名/地名對齊歷史百科與glossary.tsv)
SCENARIO_BRIEF	Comrade General, we congratulate you!  You are a true Hero of the Soviet Union.  Your forces have freed the world from the scourge of fascism, and the people of the world celebrate this victory with you.  The party, in order to show its gratitude, has secured for you an apartment in Moskva, and looks forward to your continued loyal service.  And now, let us drink tea.  The samovar is full!	同志將軍,我們向您致賀!您是真正的蘇聯英雄。您的部隊將世界從法西斯的荼毒中解放,全世界人民都與您一同慶祝這場勝利。為表謝意,黨已在莫斯科為您安排了一間公寓,並期盼您繼續效忠服務。現在,讓我們喝杯茶吧。茶炊已經斟滿!	自譯(戰役簡報散文,第二輪補完;人名/地名對齊歷史百科與glossary.tsv)
SCENARIO_BRIEF	Comrade General, you have completed your mission.  The fascists have been crushed. The western capitalists now understand that a state of free workers and peasants under the enlightened guidance of the Party can never be defeated.  You will be granted a medal to be worn proudly as evidence of your sacrifice and heroism.  Congratulations.	同志將軍,您完成了任務。法西斯份子已被擊潰。西方資本主義者如今明白,在黨的英明領導下,一個自由工農的國家是永遠不可能被擊敗的。您將獲頒一枚勳章,作為您犧牲奉獻與英勇事蹟的見證,可以自豪地佩戴。恭喜您。	自譯(戰役簡報散文,第二輪補完;人名/地名對齊歷史百科與glossary.tsv)
SCENARIO_BRIEF	You were given the chance to end this war with a glorious victory.  Instead, you dithered on the approaches to the fascist capital, and have allowed the sacrifices of your brave troops to go to waste.  It is fortunate for you, Comrade General, that we have won the war. You will report immediately to a site in the Urals to engage in self-criticism.	您原本有機會以一場光榮的勝利結束這場戰爭。然而您卻在法西斯首都的門前猶豫不決,讓您麾下英勇部隊的犧牲付諸東流。算您走運,同志將軍,這場戰爭我們終究還是打贏了。您將立刻前往烏拉爾山區的一處基地,進行自我批評。	自譯(戰役簡報散文,第二輪補完;人名/地名對齊歷史百科與glossary.tsv)
SCENARIO_BRIEF	Sedan	色當	自譯(戰役簡報散文,第二輪補完;人名/地名對齊歷史百科與glossary.tsv)
SCENARIO_BRIEF	May 13, 1940	1940 年 5 月 13 日	自譯(戰役簡報散文,第二輪補完;人名/地名對齊歷史百科與glossary.tsv)
SCENARIO_BRIEF	The German plan for the 1940 campaign in the west centered around a surprise strike through the dense Ardennes forest, emerging at Sedan to drive across France to the English Channel. This portion of the French line was considered the safest outside of Maginot, shielded as it was by the heavily forested Ardennes.	德軍 1940 年西線作戰計畫的核心,是經由茂密的阿登森林發動奇襲,從色當突破後橫掃法國直抵英吉利海峽。這一段法軍防線,除了馬奇諾防線本身之外,一向被認為最為安全,因為有森林密布的阿登地帶作為屏障。	自譯(戰役簡報散文,第二輪補完;人名/地名對齊歷史百科與glossary.tsv)
SCENARIO_BRIEF	Despite the stunning German success, many things could have gone wrong.   The French might have succeeded and the German advance to the sea slowed enough to allow the Allied mobile forces to escape from the encirclement at Dunkirk.	儘管德軍最終大獲全勝,但許多環節原本都可能出岔子。法軍或許能夠成功阻擋,讓德軍推向海岸的速度放緩,使盟軍的機動部隊得以從敦克爾克的包圍圈中脫身。	自譯(戰役簡報散文,第二輪補完;人名/地名對齊歷史百科與glossary.tsv)
SCENARIO_BRIEF	Salerno - Return To Europe	薩雷諾-重返歐陸	自譯(戰役簡報散文,第二輪補完;人名/地名對齊歷史百科與glossary.tsv)
SCENARIO_BRIEF	September 27, 1943	1943 年 9 月 27 日	自譯(戰役簡報散文,第二輪補完;人名/地名對齊歷史百科與glossary.tsv)
SCENARIO_BRIEF	The Allies, after securing a beachhead in Italy, try to push the Germans away from Salerno and drive northward towards Naples.	盟軍在義大利站穩灘頭堡後,試圖將德軍逐出薩雷諾,並向北推進那不勒斯。	自譯(戰役簡報散文,第二輪補完;人名/地名對齊歷史百科與glossary.tsv)
SCENARIO_BRIEF	Savannah	薩凡納	自譯(戰役簡報散文,第二輪補完;人名/地名對齊歷史百科與glossary.tsv)
SCENARIO_BRIEF	The Germans and their allies invade the USA near Savannah.	德軍及其盟友在薩凡納附近入侵美國本土。	自譯(戰役簡報散文,第二輪補完;人名/地名對齊歷史百科與glossary.tsv)
SCENARIO_BRIEF	St. Lo - Operation Cobra	聖洛-眼鏡蛇作戰	自譯(戰役簡報散文,第二輪補完;人名/地名對齊歷史百科與glossary.tsv)
SCENARIO_BRIEF	July 25, 1944	1944 年 7 月 25 日	自譯(戰役簡報散文,第二輪補完;人名/地名對齊歷史百科與glossary.tsv)
SCENARIO_BRIEF	The Allied forces attempt to breakout in Normandy against the Germans.	盟軍試圖在諾曼第突破德軍防線。	自譯(戰役簡報散文,第二輪補完;人名/地名對齊歷史百科與glossary.tsv)
SCENARIO_BRIEF	St. Lo - Advance on St. Lo	聖洛推進戰	自譯(戰役簡報散文,第二輪補完;人名/地名對齊歷史百科與glossary.tsv)
SCENARIO_BRIEF	June 30, 1944	1944 年 6 月 30 日	自譯(戰役簡報散文,第二輪補完;人名/地名對齊歷史百科與glossary.tsv)
SCENARIO_BRIEF	"	American forces strike the Germans near St. Lo in preparation for a full-scale breakout."	"	美軍在聖洛附近攻擊德軍,為全面突破做準備。"	自譯(戰役簡報散文,第二輪補完;人名/地名對齊歷史百科與glossary.tsv)
SCENARIO_BRIEF	Saturn on the Chir	契爾河畔的土星作戰	自譯(戰役簡報散文,第二輪補完;人名/地名對齊歷史百科與glossary.tsv)
SCENARIO_BRIEF	November 18, 1942	1942 年 11 月 18 日	自譯(戰役簡報散文,第二輪補完;人名/地名對齊歷史百科與glossary.tsv)
SCENARIO_BRIEF	The Soviets attempt to cut the Axis supply line going to Stalingrad.	蘇軍試圖切斷通往史達林格勒的軸心國補給線。	自譯(戰役簡報散文,第二輪補完;人名/地名對齊歷史百科與glossary.tsv)
SCENARIO_BRIEF	Suomussalmi	蘇奧穆薩爾米	自譯(戰役簡報散文,第二輪補完;人名/地名對齊歷史百科與glossary.tsv)
SCENARIO_BRIEF	December 24, 1939	1939 年 12 月 24 日	自譯(戰役簡報散文,第二輪補完;人名/地名對齊歷史百科與glossary.tsv)
SCENARIO_BRIEF	"	In the winter of 1939, Finland was invaded by the Soviet Union.  The Finns, although vastly outnumbered, were determined to defend their country.  The Soviet High Command hoped to ""cut Finland in two"" by driving past the key road junction of Suomussalmi and continuing to the Baltic Sea.  The Finnish commander, von Mannerheim, believed the Soviet attack had to be stopped at Suomussalmi, or his nation was doomed. "	"	1939 年冬,芬蘭遭蘇聯入侵。芬軍雖兵力懸殊,仍決心保衛國家。蘇軍統帥部期望突破蘇奧穆薩爾米這個關鍵公路樞紐,一路推進到波羅的海,藉此「將芬蘭一分為二」。芬蘭指揮官曼納海姆元帥認為,蘇軍的攻勢必須在蘇奧穆薩爾米被擋下來,否則國家將難逃覆亡。"	自譯(戰役簡報散文,第二輪補完;人名/地名對齊歷史百科與glossary.tsv)
SCENARIO_BRIEF	"	The Finnish forces have trapped one Soviet division in and around Suomussalmi, but an even more powerful Soviet relief force is moving to their aid."	"	芬軍已將一個蘇軍師困在蘇奧穆薩爾米內外,但一支更強大的蘇軍援軍,正趕來馳援。"	自譯(戰役簡報散文,第二輪補完;人名/地名對齊歷史百科與glossary.tsv)
SCENARIO_BRIEF	"	You decide the outcome of the Winter War.  "	"	冬季戰爭的結局,由您決定。"	自譯(戰役簡報散文,第二輪補完;人名/地名對齊歷史百科與glossary.tsv)
SCENARIO_BRIEF	Seelow Heights	澤洛高地	自譯(戰役簡報散文,第二輪補完;人名/地名對齊歷史百科與glossary.tsv)
SCENARIO_BRIEF	April 14, 1945	1945 年 4 月 14 日	自譯(戰役簡報散文,第二輪補完;人名/地名對齊歷史百科與glossary.tsv)
SCENARIO_BRIEF	The Seelow Heights marked the last place before Berlin offering good defensive terrain for the German forces. 	澤洛高地是柏林之前,德軍最後一處具有防禦優勢的地形。	自譯(戰役簡報散文,第二輪補完;人名/地名對齊歷史百科與glossary.tsv)
SCENARIO_BRIEF	Only their deep desire for revenge and to crush the German political leadership drove the Soviet armies forward.	唯有復仇的強烈渴望,以及摧毀德國政治領導核心的決心,驅使著蘇軍不斷向前推進。	自譯(戰役簡報散文,第二輪補完;人名/地名對齊歷史百科與glossary.tsv)
SCENARIO_BRIEF	Thermopylae	溫泉關	自譯(戰役簡報散文,第二輪補完;人名/地名對齊歷史百科與glossary.tsv)
SCENARIO_BRIEF	April 17, 1941	1941 年 4 月 17 日	自譯(戰役簡報散文,第二輪補完;人名/地名對齊歷史百科與glossary.tsv)
SCENARIO_BRIEF	The Germans attempt to push through the Australian and New Zealand lines on the way to Athens, Greece.	德軍試圖突破紐澳聯軍防線,直取希臘雅典。	自譯(戰役簡報散文,第二輪補完;人名/地名對齊歷史百科與glossary.tsv)
SCENARIO_BRIEF	19 Turns	19 回合	自譯(戰役簡報散文,第二輪補完;人名/地名對齊歷史百科與glossary.tsv)
SCENARIO_BRIEF	Tutorial - Madrid Offensive	教學關-馬德里攻勢	自譯(戰役簡報散文,第二輪補完;人名/地名對齊歷史百科與glossary.tsv)
SCENARIO_BRIEF	To win you must take Almadrones.	您必須攻佔阿爾馬德羅內斯才能獲勝。	自譯(戰役簡報散文,第二輪補完;人名/地名對齊歷史百科與glossary.tsv)
SCENARIO_BRIEF	4 Turns	4 回合	自譯(戰役簡報散文,第二輪補完;人名/地名對齊歷史百科與glossary.tsv)
SCENARIO_BRIEF	Good day, Commander.  British troops are to land at Salerno with the assistance of sundry American formations.   Be advised to press on from the beachhead as quickly as possible since recent reports indicate the presence of a panzer division hiding in the area.  Then, it is imperative, Commander, to drive on.  This will secure our line of supply as we continue our drive North.  	日安,指揮官。英軍將在若干美軍部隊的協助下,於薩雷諾登陸。請留意,務必儘速脫離灘頭向前推進,因為近期情報顯示,該地區可能潛伏著一個裝甲師。之後,指揮官,務必持續向前挺進。這將確保我軍在繼續北上時的補給線安全。	自譯(戰役簡報散文,第二輪補完;人名/地名對齊歷史百科與glossary.tsv)
SCENARIO_BRIEF	Good job, Commander. Your success has allowed British troops to pour into southern Italy.  And, as we surmised, Italy may be on the verge of surrendering. 	幹得好,指揮官。您的成功讓英軍得以大舉湧入義大利南部。而且正如我們推測,義大利可能已瀕臨投降邊緣。	自譯(戰役簡報散文,第二輪補完;人名/地名對齊歷史百科與glossary.tsv)
SCENARIO_BRIEF	Well, commander the battle was, shall we say, slightly difficult, and Jerry managed to cause problems for us. Britain has returned to the continent, and for this we are grateful. At least, the enemy must stretch their resources even further.  	嗯,指揮官,這場戰鬥,該怎麼說呢,有點棘手,德國佬確實給我們添了些麻煩。但英國總算重返歐陸,這一點我們心懷感激。至少,敵人的資源這下得拉得更長了。	自譯(戰役簡報散文,第二輪補完;人名/地名對齊歷史百科與glossary.tsv)
SCENARIO_BRIEF	Unfortunately, sir, you have not quite met the expectations of crown and government.  You will be transferred to, what shall we say, a less exciting post.  I believe there is a billet awaiting you in Nepal, training our Gurkha volunteers. I would arrange to obtain warm clothing. You will need it.	很遺憾,長官,您沒能達到王室與政府的期望。您將被調往一個,該怎麼說呢,比較沒那麼刺激的職位。我想尼泊爾那邊正好有個缺,訓練我們的廓爾喀志願兵。我會替您安排一些保暖衣物,您會用得上的。	自譯(戰役簡報散文,第二輪補完;人名/地名對齊歷史百科與glossary.tsv)
SCENARIO_BRIEF	The war effort has come to a critical junction, Commander.  Now that British and Commonwealth troops have landed on the beaches of Normandy, we must surge ahead.  The big push will come at St. Lo, where Jerry is well entrenched.  You must force him back and drive through his lines.  If you cannot achieve some level of success quickly,  the Germans could well give us a hard time in this hedgerow country forever!  Press on.	戰局已來到關鍵時刻,指揮官。如今英國與大英國協部隊已在諾曼第灘頭登陸,我軍必須乘勢猛進。這場重大攻勢的重點將落在聖洛,德國佬在那裡佈防甚固。您必須將他逼退,突破他的防線。若您無法儘快取得若干進展,德國人恐怕會讓我們在這片樹籬鄉間永遠吃盡苦頭!繼續推進吧。	自譯(戰役簡報散文,第二輪補完;人名/地名對齊歷史百科與glossary.tsv)
SCENARIO_BRIEF	Splendid job, Commander. Quite splendid.  Due to your, if I do say so myself, splendid performance at St. Lo, our forces will have the impetus they require to break out of Normandy and liberate France.  But now your services are needed at Caen, where Monty is having a spot of bother with Jerry. 	表現精采,指揮官。相當精采。恕我這麼說,正是您在聖洛的精采表現,讓我軍有了突破諾曼第、解放法國所需的衝勁。不過現在,卡昂那邊需要您出馬了,蒙蒂正跟德國佬有點過不去。	自譯(戰役簡報散文,第二輪補完;人名/地名對齊歷史百科與glossary.tsv)
SCENARIO_BRIEF	Back from your mission, Commander?  Good. I must say, you were rather long about it.  At least, you took your objectives, I'll grant you that.  But now, your presence is needed at Caen, where the Germans are delaying our advance.  Hopefully,  you will improve your performance.	任務歸來了,指揮官?很好。不過我得說,您花的時間是長了點。至少,您拿下了目標,這點我承認。不過現在,卡昂那邊需要您出馬,德軍正拖延我軍的推進。希望您接下來能有所改善。	自譯(戰役簡報散文,第二輪補完;人名/地名對齊歷史百科與glossary.tsv)
SCENARIO_BRIEF	Well, Commander, you are to be given not only a promotion, but also an audience with the Duke of Penzance. It is very important to portray a picture of  success and, thanks to your failure, this will be extremely difficult.  Good day, Commander.  We will not meet again.	嗯,指揮官,您不但將獲得晉升,還會獲賜覲見潘贊斯公爵。塑造成功的形象非常重要,而多虧了您的失敗,這下可就難辦了。日安,指揮官。我們不會再見面了。	自譯(戰役簡報散文,第二輪補完;人名/地名對齊歷史百科與glossary.tsv)
SCENARIO_BRIEF	Well, Commander, our invasion of Normandy has bogged down near Caen.  Do you know Caen was home to William the Conqueror, 1066 and all that?   At any rate, Commonwealth forces must drive through Caen and press on into France.	嗯,指揮官,我軍在諾曼第的攻勢已在卡昂附近陷入膠著。您知道嗎,卡昂正是征服者威廉的故鄉,就是 1066 年那段歷史?總之,大英國協部隊必須突破卡昂,繼續向法國腹地推進。	自譯(戰役簡報散文,第二輪補完;人名/地名對齊歷史百科與glossary.tsv)
SCENARIO_BRIEF	Caen proved to be a sticky wicket, indeed, but you brought us off the pitch with no trouble at all.  It was a difficult area for our brave men to break through, but you did it!  By jove, you did it. Good work!  Now, our lads are on their way to liberate all of France.	卡昂確實是個棘手的局面,但您輕輕鬆鬆就帶著我們全身而退。這對我軍勇士來說是一塊難啃的硬骨頭,但您做到了!天哪,您真的做到了。表現優異!現在,我們的弟兄正在解放全法國的路上。	自譯(戰役簡報散文,第二輪補完;人名/地名對齊歷史百科與glossary.tsv)
SCENARIO_BRIEF	Well,  you had a spot of trouble while capturing Caen.  Nevertheless, British pluck won out in the end. However, the battle of Caen will soon be forgotten as other more glorious victories are won.  Onward, Commander.	嗯,您攻佔卡昂時碰上了點麻煩。不過,英國人的膽識終究佔了上風。話說回來,卡昂之役很快就會被遺忘,因為還有更輝煌的勝利等著我們去贏得。繼續前進吧,指揮官。	自譯(戰役簡報散文,第二輪補完;人名/地名對齊歷史百科與glossary.tsv)
SCENARIO_BRIEF	Well, Commander, I would offer you tea, but after your disappointing performance, it would be difficult to have you in the vicinity without choking on my crumpet.  There's talk at GHQ of your relief.  It seems to be the most positive solution under the circumstances.	嗯,指揮官,我是很想請您喝杯茶,但以您這番令人失望的表現,您要是待在我附近,恐怕我連鬆餅都要噎住了。總部那邊已有人在談論撤換您的事。以目前的情況看來,這似乎是最正面的解決方案了。	自譯(戰役簡報散文,第二輪補完;人名/地名對齊歷史百科與glossary.tsv)
SCENARIO_BRIEF	Your mission is to capture the important industrial city of Nancy and secure a springboard for our fall offensive into Germany itself. Without full control of this rail and shipping center, our advance will be impossible.  Commander, please be advised, that directly east of the city, Jerry has armored forces ready to counterattack any offensive against this stronghold.	您的任務是攻佔重要的工業城市南錫,為我軍秋季攻入德國本土建立跳板。若不能完全掌控這個鐵路與航運樞紐,我軍將無法推進。指揮官,請留意,城市正東方,德國佬已部署裝甲部隊,隨時準備對任何進攻這個據點的行動發動反擊。	自譯(戰役簡報散文,第二輪補完;人名/地名對齊歷史百科與glossary.tsv)
SCENARIO_BRIEF	Commander, jolly good performance!  I think something stronger than tea is appropriate after your capture of Nancy.  Now, the door is open for our invasion of Germany.  Do you know, there's been talk, merely rumor at this stage, of honours, possibly a knighthood?  Coffee?	指揮官,表現非常出色!我想您攻下南錫之後,該喝點比茶更烈的東西才對。現在,我軍進攻德國的大門已經敞開。您知道嗎,已經有人在談——目前還只是傳聞——是否該授勳,說不定還是個爵位?來杯咖啡?	自譯(戰役簡報散文,第二輪補完;人名/地名對齊歷史百科與glossary.tsv)
SCENARIO_BRIEF	Well, it appears you did manage to take the city, but it seems that, this is all you managed to do.  The enemy has withdrawn and regrouped, and now await us some 20 miles down the road.  Another indifferent performance like this one and the Yanks will be claiming they are winning the war!	嗯,看來您確實拿下了這座城市,但似乎也僅止於此了。敵人已經撤退並重新集結,如今就在前方約 20 英里處等著我們。再來一次這種平庸的表現,美國佬可就要宣稱是他們在打贏這場戰爭了!	自譯(戰役簡報散文,第二輪補完;人名/地名對齊歷史百科與glossary.tsv)
SCENARIO_BRIEF	I must say, I do find it hard to believe that you secured a King's commission.  I believe promotion by purchase was banned in the last century. Your name, sir, shall be stricken from your regiment's otherwise honorable rolls.  Your services will no longer be required.	我得說,我實在難以相信您當初是怎麼獲得國王委任的。買官晉升這種事,上個世紀應該就已經被禁止了吧。長官,您的名字將從您那支素有榮譽的團隊名冊中除名。我們不再需要您的服務了。	自譯(戰役簡報散文,第二輪補完;人名/地名對齊歷史百科與glossary.tsv)
SCENARIO_BRIEF	I would invite you to tea Commander, but, there is simply no time.  My apologies.  Here is the situation. The Germans have held the fortress city of Metz for two months against American attacks, and now the Yanks have requested our help.  Our troops must  smash Jerry's resistance, then punch through the Maginot Line. Metz is the site of the German training schools for officers and NCOs, so you can expect a tough fight.  This mission is crucial, Commander.  You must act decisively.	我很想請您喝杯茶,指揮官,但實在沒有時間了,還請見諒。情況是這樣的。德軍已在要塞城市梅斯抵擋美軍攻勢兩個月了,如今美國佬請求我軍支援。我軍部隊必須擊潰德國佬的抵抗,再突破馬奇諾防線。梅斯是德國軍官與士官訓練學校的所在地,所以您得預期一場硬仗。這項任務至關重要,指揮官。您必須當機立斷。	自譯(戰役簡報散文,第二輪補完;人名/地名對齊歷史百科與glossary.tsv)
SCENARIO_BRIEF	"Congratulations! Your troops stormed the city in a charge that Henry V would admire!  Your victory at Metz shall stand alongside the great battles of Agincourt and Cressy.  I have heard your name mentioned several times in relation to some promotion or advancement.  Commander, your successful offensive has paved the way to our invasion of the ""fatherland."""	恭喜您!您的部隊攻城的那股氣勢,連亨利五世都會讚嘆!您在梅斯的勝利,足以與阿金庫爾、克雷西這些偉大戰役並列。我已多次聽聞有人提及您的名字,議論著晉升或升遷的事。指揮官,您這場成功的攻勢,已為我軍進攻「德國本土」鋪平了道路。	自譯(戰役簡報散文,第二輪補完;人名/地名對齊歷史百科與glossary.tsv)
SCENARIO_BRIEF	Well sir, your performance at Metz was rather, how can I put it politely, subpar.  Many at GHQ believe that more is expected of a officer of your reputed caliber. Nevertheless, you will have a chance to redeem yourself, but I must tell you that patience all round is wearing thin.	嗯,長官,您在梅斯的表現,該怎麼說得客氣一點呢,差強人意。總部裡不少人認為,以您素負盛名的能力,理應有更好的表現。不過,您還會有機會將功贖罪,但我必須告訴您,大家的耐心已經所剩無幾了。	自譯(戰役簡報散文,第二輪補完;人名/地名對齊歷史百科與glossary.tsv)
SCENARIO_BRIEF	Commander, you have been a disappointment to King and country.  It was necessary to drive through Metz and move on, but instead, we find ourselves sandbagged in the trenches!  Our brave lads will capture Metz, I assure you, but it will be done with a different commander.  Good day.	指揮官,您讓國王與國家都失望了。原本必須突破梅斯繼續前進,結果我們卻困在戰壕的沙包後面動彈不得!我向您保證,我們英勇的弟兄終究會拿下梅斯,但那將由另一位指揮官來完成。日安。	自譯(戰役簡報散文,第二輪補完;人名/地名對齊歷史百科與glossary.tsv)
SCENARIO_BRIEF	CRUSADE IN THE WEST	西線聖戰	自譯(戰役簡報散文,第二輪補完;人名/地名對齊歷史百科與glossary.tsv)
SCENARIO_BRIEF	Crusade in the West	西線聖戰	自譯(戰役簡報散文,第二輪補完;人名/地名對齊歷史百科與glossary.tsv)
SCENARIO_BRIEF	British Campaign 1943 - 1945	英國戰役 1943 - 1945	自譯(戰役簡報散文,第二輪補完;人名/地名對齊歷史百科與glossary.tsv)
SCENARIO_BRIEF	The tide has turned.  After a long struggle, the British Empire returns to the Continent.  You now lead British forces into battle with the final goal of unconditional surrender of the Axis powers.	戰局已經逆轉。歷經長期苦戰,大英帝國終於重返歐陸。您現在將率領英軍投入戰鬥,最終目標是迫使軸心國無條件投降。	自譯(戰役簡報散文,第二輪補完;人名/地名對齊歷史百科與glossary.tsv)
SCENARIO_BRIEF	Good day, Commander. It is your mission to capture the experimental Airbase at Dessau before the Soviets can get there.  Jerry's jet and rocket aircraft must not be allowed to fall into the wrong hands.  Good luck Commander, and God's speed.	日安,指揮官。您的任務是搶在蘇軍之前,奪取德紹的實驗機場。絕不能讓德國佬的噴射機與火箭飛機落入不該落入的人手中。祝您好運,指揮官,願上帝保佑您一路平安。	自譯(戰役簡報散文,第二輪補完;人名/地名對齊歷史百科與glossary.tsv)
SCENARIO_BRIEF	Commander, congratulations and accolades on a mission well done!  Your troops certainly gave the Germans everything that they deserved and more!  A field marshal's baton, engraved with your name awaits your arrival at Number 10.  I shall personally be there with the PM for the ceremony.  A spot of tea, Commander?	指揮官,恭喜您,任務完成得漂亮,值得表揚!您的部隊確實給了德國人應得的教訓,而且還不止於此!一支刻有您姓名的元帥權杖,正在唐寧街十號等著您。我會親自和首相一同出席授勳典禮。來杯茶如何,指揮官?	自譯(戰役簡報散文,第二輪補完;人名/地名對齊歷史百科與glossary.tsv)
SCENARIO_BRIEF	Well, what can I say?  You did manage to secure your objectives as well as capture a few Jerries.  A comparatively successful performance, and the war has been won.	嗯,我還能說什麼呢?您確實達成了目標,還俘虜了幾個德國佬。就整體而言,表現還算成功,而這場戰爭終究是打贏了。	自譯(戰役簡報散文,第二輪補完;人名/地名對齊歷史百科與glossary.tsv)
SCENARIO_BRIEF	Commander, to have come so far at such cost, and then to have failed is utterly galling.  I have no doubt that you tried your best, but sadly, a try is not good enough. In spite of your forgettable performance, we have won the war. I bid you farewell.  	指揮官,付出這麼大的代價才走到這一步,結果卻功虧一簣,實在令人惱火。我毫不懷疑您已經盡了全力,但可惜光是盡力還不夠。儘管您這回表現乏善可陳,我們終究還是打贏了這場戰爭。就此別過。	自譯(戰役簡報散文,第二輪補完;人名/地名對齊歷史百科與glossary.tsv)
SCENARIO_BRIEF	Commander, good to see you.  Smoke? Here you are.  Well, let's get down to business.  American and British troops are to land at Salerno and begin a Second Front against the Germans and knock Italy out of the war.  Once you're ashore, you'll need to get your men off those beaches  pronto.  By the way, you should be aware that the Krauts have got a panzer division somewhere in the area.  Good luck, Commander.	指揮官,很高興見到你。來根菸?給你。好,咱們談正事吧。美英部隊將在薩雷諾登陸,對德軍開闢第二戰線,把義大利踢出戰局。一上岸,你就得馬上把弟兄們帶離灘頭。對了,你該知道,德國佬在這一帶某處部署了一個裝甲師。祝你好運,指揮官。	自譯(戰役簡報散文,第二輪補完;人名/地名對齊歷史百科與glossary.tsv)
SCENARIO_BRIEF	Good work.  You hit a  home run!  Now, we've got men and machines rolling into southern Italy, and rumor has it that Italy's on the verge of surrendering.  Nice going, Commander.	幹得好。你打出了一記全壘打!現在,我們的人員和裝備正大舉開進義大利南部,而且傳聞義大利已瀕臨投降。表現不錯,指揮官。	自譯(戰役簡報散文,第二輪補完;人名/地名對齊歷史百科與glossary.tsv)
SCENARIO_BRIEF	Well, nice work.  Now, we've got men and machines rolling into southern Italy, and rumor has it that Italy's on the verge of surrendering.  Good goin', Commander.	嗯,表現不錯。現在,我們的人員和裝備正大舉開進義大利南部,而且傳聞義大利已瀕臨投降。做得好,指揮官。	自譯(戰役簡報散文,第二輪補完;人名/地名對齊歷史百科與glossary.tsv)
SCENARIO_BRIEF	Not bad, Commander, but we're going to have to do better in the next one, or it's going to be a long war.	還不賴,指揮官,不過下一仗我們得表現得更好,不然這場戰爭有得拖了。	自譯(戰役簡報散文,第二輪補完;人名/地名對齊歷史百科與glossary.tsv)
SCENARIO_BRIEF	Commander, you struck out here, and good men died because of it.  We're lucky the Krauts didn't kick us back into the sea.  You've earned yourself a ticket home, but we both know there's nothing to be proud of.  Good luck as a civilian.	指揮官,你這回三振出局,好弟兄因此送了命。算我們走運,德國佬沒把我們踢回海裡。你算是掙到一張回家的票了,但你我都清楚,這沒什麼好驕傲的。祝你當個平民也順利。	自譯(戰役簡報散文,第二輪補完;人名/地名對齊歷史百科與glossary.tsv)
SCENARIO_BRIEF	Commander, fruitcake? Just got it from the wife. Well, as you know, we've got a critical situation on our hands.  Our troops, along with the Brits, have blasted into Normandy.  Now, we've got to drive inland.  You and your men have got to smash through the Kraut lines and take St. Lo as fast as you can.  If you don't get things moving, the Krauts'll keep us pinned down here forever.	指揮官,來塊水果蛋糕?老婆剛寄來的。好了,你也知道,咱們手上有個棘手的局面。我軍已經和英國佬一起攻入諾曼第。現在,我們得往內陸推進。你和你的弟兄得擊潰德國佬的防線,盡快拿下聖洛。要是動作不快點,德國佬會把我們永遠釘死在這裡。	自譯(戰役簡報散文,第二輪補完;人名/地名對齊歷史百科與glossary.tsv)
SCENARIO_BRIEF	I'm impressed.  Boy, you really earned your pay.  Now we've got some elbow room, which means we can get to work liberating France. Commander, I've got a special job for you. We need you over in Caen. The Krauts have really dug in there and we need someone who can kick some tail so we can get a move on.	我真是佩服。老兄,你這薪水賺得可紮實。現在我們終於有點活動空間了,這表示可以著手解放法國了。指揮官,我這兒有個特別任務給你。我們需要你到卡昂去。德國佬在那邊挖得可深了,我們需要一個能踹上幾腳、讓事情動起來的人。	自譯(戰役簡報散文,第二輪補完;人名/地名對齊歷史百科與glossary.tsv)
SCENARIO_BRIEF	I'm impressed, you earned your pay. Now we've got some elbow room, which means we can break out of Normandy and get to work liberating France.  Commander, we need you over in Caen.  The Krauts have really dug in there and we need someone who can kick some tail so we can get a move on.	我真是佩服,你這薪水賺得紮實。現在我們終於有點活動空間了,這表示可以突破諾曼第,著手解放法國了。指揮官,我們需要你到卡昂去。德國佬在那邊挖得可深了,我們需要一個能踹上幾腳、讓事情動起來的人。	自譯(戰役簡報散文,第二輪補完;人名/地名對齊歷史百科與glossary.tsv)
SCENARIO_BRIEF	You know, Commander, if we're ever going to win this war, we need people who do more than just punch the clock.  You took St. Lo, yeah, but it cost us, not just time, but GIs.  It's been decided, we're going to give you another chance - in Caen.  Make your country proud, Commander.	你知道嗎,指揮官,要打贏這場戰爭,我們需要的是那種不只是打卡上班的人。沒錯,你拿下了聖洛,但代價不小,不只是時間,還有弟兄的性命。我們已經決定,再給你一次機會——這回是卡昂。別讓你的國家丟臉,指揮官。	自譯(戰役簡報散文,第二輪補完;人名/地名對齊歷史百科與glossary.tsv)
SCENARIO_BRIEF	I don't know a diplomatic way to say this, Commander.  You've been canned.  Oh, you'll get a medal and they'll probably call you a hero.  But, you know the truth, and you've got to live with it.	我不知道該怎麼委婉地說這件事,指揮官。你被開除了。噢,你會拿到一枚勳章,他們大概還會稱你為英雄。但真相如何你自己清楚,而你得學著接受它。	自譯(戰役簡報散文,第二輪補完;人名/地名對齊歷史百科與glossary.tsv)
SCENARIO_BRIEF	Commander, this is going to be a tough one.  Our British friends are having a hard time in Caen. We're gonna have to bail them out and you're the man to do it.  Try not to step on their toes, the Brits think they're the only ones fighting this war.  Just capture Caen and get us back on track.	指揮官,這回可是塊硬骨頭。我們的英國朋友在卡昂那邊碰上了麻煩。我們得去幫他們一把,而你就是幹這活的人選。盡量別踩到他們的痛腳,英國佬總覺得這場戰爭只有他們在打。總之,拿下卡昂,讓咱們重回正軌。	自譯(戰役簡報散文,第二輪補完;人名/地名對齊歷史百科與glossary.tsv)
SCENARIO_BRIEF	Amazing job, Commander.  We dropped you into a real mess, but you came out smelling like a rose.  The fighting was tough, but your boys hung in there.	表現驚人,指揮官。我們把你丟進一團爛攤子裡,你卻能全身而退、漂漂亮亮地脫身。這場仗打得很硬,但你的弟兄們撐住了。	自譯(戰役簡報散文,第二輪補完;人名/地名對齊歷史百科與glossary.tsv)
SCENARIO_BRIEF	Good job, Commander.  We dropped you into a real mess, but you came out smelling like a rose.  The fighting was tough, but your boys hung in there.	幹得好,指揮官。我們把你丟進一團爛攤子裡,你卻能全身而退、漂漂亮亮地脫身。這場仗打得很硬,但你的弟兄們撐住了。	自譯(戰役簡報散文,第二輪補完;人名/地名對齊歷史百科與glossary.tsv)
SCENARIO_BRIEF	American Campaign 1943 - 1945	美國戰役 1943 - 1945	自譯(戰役簡報散文,第二輪補完;人名/地名對齊歷史百科與glossary.tsv)
SCENARIO_BRIEF	After success in North Africa and Sicily, The Americans, along with their British allies, decide to invade the soft underbelly of Europe.  You are to lead your troops in the struggle to free Europe from Axis control.  Anything less than an Axis unconditional surrender is unacceptable.	在北非與西西里獲勝之後,美軍決定與英國盟友一同進攻歐洲的「柔軟下腹部」。您將率領部隊投入這場解放歐洲、擺脫軸心國控制的奮戰。除了軸心國無條件投降,其他結果一概不能接受。	自譯(戰役簡報散文,第二輪補完;人名/地名對齊歷史百科與glossary.tsv)
SCENARIO_BRIEF	Commander, you got the job done at Caen.  Unfortunately, we lost a lot of GIs in the process.  Well, you did your best, I know, son, and you'll be given another chance to prove yourself.	指揮官,你在卡昂完成了任務。可惜過程中我們損失了不少弟兄。嗯,我知道你已經盡力了,孩子,你會有另一次機會證明自己。	自譯(戰役簡報散文,第二輪補完;人名/地名對齊歷史百科與glossary.tsv)
SCENARIO_BRIEF	We really needed a knockout blow here, Commander.  Instead, you put up a weak little jab.  Our boys are fighters, but we need a general who can lead them!  Son, I put a lot of faith in your abilities... I was wrong, Commander.  It's time to send you back home. 	我們這回真的需要一記致命一擊,指揮官。結果你打出的卻是軟弱無力的一拳。我們的弟兄都是好樣的,但我們需要一位能率領他們的將領!孩子,我原本對你的能力寄予厚望……我錯了,指揮官。是時候送你回家了。	自譯(戰役簡報散文,第二輪補完;人名/地名對齊歷史百科與glossary.tsv)
SCENARIO_BRIEF	All right, this is the way it is.  You and your boys must capture the city of Nancy and it's gonna be a tough nut to crack.  And, what's more, the Krauts have armor here to the east of the city ready and waiting to counter-attack.  Good luck.	好,事情是這樣的。你和你的弟兄必須攻下南錫城,這可是塊難啃的硬骨頭。而且,城市東邊還有德國佬的裝甲部隊嚴陣以待,準備隨時反擊。祝你好運。	自譯(戰役簡報散文,第二輪補完;人名/地名對齊歷史百科與glossary.tsv)
SCENARIO_BRIEF	All right, Commander, a job well done!  The Krauts never knew what hit them.  Well, we're really looking good, thanks to you.  Hey, rumor has it the president may want to pin a medal on you himself. 	好,指揮官,任務完成得漂亮!德國佬到死都搞不清楚是怎麼被打的。嗯,多虧了你,咱們現在形勢一片大好。嘿,聽說總統本人可能想親自替你別上勳章。	自譯(戰役簡報散文,第二輪補完;人名/地名對齊歷史百科與glossary.tsv)
SCENARIO_BRIEF	All right, Commander, a job well done!  The Krauts never knew what hit them.  Well, we're really looking good, thanks to you.  By the way, rumor has it that Ike speaks highly of you.  	好,指揮官,任務完成得漂亮!德國佬到死都搞不清楚是怎麼被打的。嗯,多虧了你,咱們現在形勢一片大好。對了,聽說艾森豪對你讚譽有加。	自譯(戰役簡報散文,第二輪補完;人名/地名對齊歷史百科與glossary.tsv)
SCENARIO_BRIEF	Well, you did your best and you will be given another chance to prove yourself.  Good luck, Commander.	嗯,你已經盡力了,你會有另一次機會證明自己。祝你好運,指揮官。	自譯(戰役簡報散文,第二輪補完;人名/地名對齊歷史百科與glossary.tsv)
SCENARIO_BRIEF	This operation was a snafu from the start, Commander.  The United States Army doesn't have the time or the patience to put up with such ineptitude.  Do me a personal favor and get outta here.  Dismissed!	這場行動從一開始就一團亂,指揮官。美國陸軍沒有時間也沒有耐性,忍受這種無能表現。幫我個忙,滾出這裡吧。你被免職了!	自譯(戰役簡報散文,第二輪補完;人名/地名對齊歷史百科與glossary.tsv)
SCENARIO_BRIEF	Okay, Commander, here's the deal.  We've been here for two months now.  We've got to push the Krauts out of Metz.  Once we've done that, we can smash through the Maginot Line and drive into Germany.  I'm counting on you and your men.  Good luck.	好,指揮官,事情是這樣的。我們已經在這裡耗了兩個月了。我們得把德國佬趕出梅斯。一旦辦到,我們就能突破馬奇諾防線,長驅直入德國。我就靠你和你的弟兄了。祝你好運。	自譯(戰役簡報散文,第二輪補完;人名/地名對齊歷史百科與glossary.tsv)
SCENARIO_BRIEF	Excellent work, Commander. You've got the Krauts high-tailing it back to the fatherland. Looks like you might get another star for this one. I heard you were right up there with your boys!  Good job, good job, son.	表現優異,指揮官。你把德國佬打得夾著尾巴逃回他們的祖國。看樣子這一仗可能會替你多添一顆星星。我聽說你和弟兄們一起衝在最前線!幹得好,幹得好,孩子。	自譯(戰役簡報散文,第二輪補完;人名/地名對齊歷史百科與glossary.tsv)
SCENARIO_BRIEF	Well done, Commander. You've got the Krauts high-tailing it back to the fatherland. Looks like you might get another star for this one. Good job son.	表現不錯,指揮官。你把德國佬打得夾著尾巴逃回他們的祖國。看樣子這一仗可能會替你多添一顆星星。幹得好,孩子。	自譯(戰役簡報散文,第二輪補完;人名/地名對齊歷史百科與glossary.tsv)
SCENARIO_BRIEF	Look Commander, Metz was a tough nut to crack, and you did it.  But, there's a lot of talk at HQ about you right now.  The brass seems to think you could have moved a lot faster than you did.   Don't worry, we'll get them next time.	聽著,指揮官,梅斯是塊難啃的硬骨頭,你辦到了。不過,現在總部那邊對你議論紛紛。上頭似乎認為你本來能動作更快一點。別擔心,下次我們再收拾他們。	自譯(戰役簡報散文,第二輪補完;人名/地名對齊歷史百科與glossary.tsv)
SCENARIO_BRIEF	Well, you really dropped the ball this time.  It was crucial...critical to get past Metz and move into Germany.  Instead, we're still bogged down.  There's no time for fooling around; we're going to have to go this thing all over again.  But this time, with another  guy in charge.  I'm sending you stateside, Commander.	嗯,這回你真的搞砸了。突破梅斯、挺進德國,這是關鍵……至關重要的一步。結果我們現在還在原地打轉。沒時間再耗下去了,這件事恐怕得重來一遍。不過這次,得換個人來指揮。我要把你送回國內去了,指揮官。	自譯(戰役簡報散文,第二輪補完;人名/地名對齊歷史百科與glossary.tsv)
SCENARIO_BRIEF	Oh, Commander, come on in. Well, it's almost over. We want you to capture the experimental airbase here at Dessau before the Commies can get there and before the Krauts can destroy everything else. Now, there's nothing complicated about this, just get there, fast. Good luck.	噢,指揮官,進來吧。嗯,戰爭快結束了。我們要你搶在共產黨之前、也搶在德國佬把其他一切都毀掉之前,拿下德紹這裡的實驗機場。這事沒什麼複雜的,就是快點趕到那裡。祝你好運。	自譯(戰役簡報散文,第二輪補完;人名/地名對齊歷史百科與glossary.tsv)
SCENARIO_BRIEF	You did it Commander.  We got what we came for. You've done a fine job for us.  It's time to go home.  You've done your country proud.  Here, have a cigar! See you stateside.	你辦到了,指揮官。我們拿到了此行的目標。你為我們立下了漂亮的功勞。是時候回家了。你為國家爭了光。來,抽根雪茄!國內見。	自譯(戰役簡報散文,第二輪補完;人名/地名對齊歷史百科與glossary.tsv)
SCENARIO_BRIEF	You did it Commander.  We got what we came for. You've done a fine job for us.  You've done your country proud.  Here, have a cigar!  See you stateside.	你辦到了,指揮官。我們拿到了此行的目標。你為我們立下了漂亮的功勞。你為國家爭了光。來,抽根雪茄!國內見。	自譯(戰役簡報散文,第二輪補完;人名/地名對齊歷史百科與glossary.tsv)
SCENARIO_BRIEF	You did it Commander! We got what we came for, and you've done a fine job for us.  And now son, it's time to go home. You've done your country proud. Here have a cigar. See you stateside.	你辦到了,指揮官!我們拿到了此行的目標,你為我們立下了漂亮的功勞。好了孩子,是時候回家了。你為國家爭了光。來根雪茄。國內見。	自譯(戰役簡報散文,第二輪補完;人名/地名對齊歷史百科與glossary.tsv)
SCENARIO_BRIEF	What the sam hill happened Commander?  Right when the war is about to end you get yourself clobbered by the Krauts. Is that the way to end a war, mister? I don't think so.  At least it's all over and we won. You're dismissed.	指揮官,到底是怎麼搞的?眼看戰爭就要結束了,你居然被德國佬給狠狠修理了一頓。這算什麼收尾方式,先生?我可不這麼認為。至少一切都結束了,我們也贏了。你被免職了。	自譯(戰役簡報散文,第二輪補完;人名/地名對齊歷史百科與glossary.tsv)
SCENARIO_BRIEF	ONWARD TO BERLIN	挺進柏林	自譯(戰役簡報散文,第二輪補完;人名/地名對齊歷史百科與glossary.tsv)
SCENARIO_BRIEF	Onward to Berlin	挺進柏林	自譯(戰役簡報散文,第二輪補完;人名/地名對齊歷史百科與glossary.tsv)
SCENARIO_BRIEF	Soviet Campaign 1942 - 1945	蘇聯戰役 1942 - 1945	自譯(戰役簡報散文,第二輪補完;人名/地名對齊歷史百科與glossary.tsv)
SCENARIO_BRIEF	The Axis fascists are at Stalingrad.  It is time to show the Party that you are the one to lead Soviet troops to the final victory in Berlin.  	軸心國法西斯份子已兵臨史達林格勒。是時候向黨證明,您正是能率領蘇軍一路打到柏林、贏得最終勝利的人選了。	自譯(戰役簡報散文,第二輪補完;人名/地名對齊歷史百科與glossary.tsv)
SCENARIO_BRIEF	Viipuri	維堡	自譯(戰役簡報散文,第二輪補完;人名/地名對齊歷史百科與glossary.tsv)
SCENARIO_BRIEF	June 15, 1944	1944 年 6 月 15 日	自譯(戰役簡報散文,第二輪補完;人名/地名對齊歷史百科與glossary.tsv)
SCENARIO_BRIEF	The Soviets attempt to knock the Finns out of the war.	蘇軍試圖將芬蘭打出戰局。	自譯(戰役簡報散文,第二輪補完;人名/地名對齊歷史百科與glossary.tsv)
SCENARIO_BRIEF	Volokolamsk	沃洛科拉姆斯克公路	自譯(戰役簡報散文,第二輪補完;人名/地名對齊歷史百科與glossary.tsv)
SCENARIO_BRIEF	October 25, 1941	1941 年 10 月 25 日	自譯(戰役簡報散文,第二輪補完;人名/地名對齊歷史百科與glossary.tsv)
SCENARIO_BRIEF	The Germans drive on the road towards Moscow.	德軍沿公路向莫斯科推進。	自譯(戰役簡報散文,第二輪補完;人名/地名對齊歷史百科與glossary.tsv)
SCENARIO_BRIEF	Windsor	溫莎	自譯(戰役簡報散文,第二輪補完;人名/地名對齊歷史百科與glossary.tsv)
SCENARIO_BRIEF	September 1, 1940	1940 年 9 月 1 日	自譯(戰役簡報散文,第二輪補完;人名/地名對齊歷史百科與glossary.tsv)
SCENARIO_BRIEF	"	Assuming the German forces could get across the English Channel, the Germans would have to isolate London from the British interior by taking control of the territory near Windsor.  The British could be expected to pour every possible reinforcement into the battle for London."	"	假設德軍已成功渡過英吉利海峽,接下來德軍必須奪取溫莎附近地區,藉此切斷倫敦與英國內陸的聯繫。可以預期,英軍將把一切可能調動的援軍,傾力投入倫敦保衛戰。"	自譯(戰役簡報散文,第二輪補完;人名/地名對齊歷史百科與glossary.tsv)
SCENARIO_BRIEF	April 1, 1943	1943 年 4 月 1 日	自譯(戰役簡報散文,第二輪補完;人名/地名對齊歷史百科與glossary.tsv)
SCENARIO_BRIEF	Winter Storm	冬季風暴作戰	自譯(戰役簡報散文,第二輪補完;人名/地名對齊歷史百科與glossary.tsv)
SCENARIO_BRIEF	December 12, 1942	1942 年 12 月 12 日	自譯(戰役簡報散文,第二輪補完;人名/地名對齊歷史百科與glossary.tsv)
SCENARIO_BRIEF	The Germans and Romanians try to reopen the supply line to Stalingrad, while the Soviets dig in and await the attack.	德軍與羅馬尼亞軍試圖重新打通通往史達林格勒的補給線,蘇軍則構築工事,嚴陣以待。	自譯(戰役簡報散文,第二輪補完;人名/地名對齊歷史百科與glossary.tsv)
SCENARIO_BRIEF	Zitadelle	堡壘作戰	自譯(戰役簡報散文,第二輪補完;人名/地名對齊歷史百科與glossary.tsv)
SCENARIO_BRIEF	July 5, 1943	1943 年 7 月 5 日	自譯(戰役簡報散文,第二輪補完;人名/地名對齊歷史百科與glossary.tsv)
SCENARIO_BRIEF	"The salient around Kursk, created by the Soviet advances after the German loss at Stalingrad, drew the Germans' attention.  The German plans, code named ""Zitadelle"", were to cut the bulge by capturing Prokhorovka.  While the Germans waited to receive their new Tiger and Panther tanks before attacking, the Soviets, knowing of the German plan, took this time to deploy their forces in depth. "	史達林格勒失守後,蘇軍趁勢推進所形成的庫斯克突出部,引起了德軍的關注。德軍代號「堡壘作戰」的計畫,企圖藉由攻佔普羅霍羅夫卡切除這個突出部。就在德軍等待新式虎式與豹式戰車到位才發動攻擊之際,已察覺德軍計畫的蘇軍,趁著這段時間在縱深構築了層層防禦。	自譯(戰役簡報散文,第二輪補完;人名/地名對齊歷史百科與glossary.tsv)
