檔類	original	zh_tw	來源/備註
GUI97	Austria	奧地利	自譯(UI/選單/國名/軍語,參考PG/AG/PacGen既有慣例)
GUI97	Belgium	比利時	自譯(UI/選單/國名/軍語,參考PG/AG/PacGen既有慣例)
GUI97	Bulgaria	保加利亞	自譯(UI/選單/國名/軍語,參考PG/AG/PacGen既有慣例)
GUI97	Czechoslovakia	捷克斯洛伐克	自譯(UI/選單/國名/軍語,參考PG/AG/PacGen既有慣例)
GUI97	Denmark	丹麥	自譯(UI/選單/國名/軍語,參考PG/AG/PacGen既有慣例)
GUI97	Finland	芬蘭	自譯(UI/選單/國名/軍語,參考PG/AG/PacGen既有慣例)
GUI97	France	法國	自譯(UI/選單/國名/軍語,參考PG/AG/PacGen既有慣例)
GUI97	Germany	德國	自譯(UI/選單/國名/軍語,參考PG/AG/PacGen既有慣例)
GUI97	Greece	希臘	自譯(UI/選單/國名/軍語,參考PG/AG/PacGen既有慣例)
GUI97	USA	美國	自譯(UI/選單/國名/軍語,參考PG/AG/PacGen既有慣例)
GUI97	Hungary	匈牙利	自譯(UI/選單/國名/軍語,參考PG/AG/PacGen既有慣例)
GUI97	Turkey	土耳其	自譯(UI/選單/國名/軍語,參考PG/AG/PacGen既有慣例)
GUI97	Italy	義大利	自譯(UI/選單/國名/軍語,參考PG/AG/PacGen既有慣例)
GUI97	Netherlands	荷蘭	自譯(UI/選單/國名/軍語,參考PG/AG/PacGen既有慣例)
GUI97	Norway	挪威	自譯(UI/選單/國名/軍語,參考PG/AG/PacGen既有慣例)
GUI97	Poland	波蘭	自譯(UI/選單/國名/軍語,參考PG/AG/PacGen既有慣例)
GUI97	Portugal	葡萄牙	自譯(UI/選單/國名/軍語,參考PG/AG/PacGen既有慣例)
GUI97	Romania	羅馬尼亞	自譯(UI/選單/國名/軍語,參考PG/AG/PacGen既有慣例)
GUI97	Spain	西班牙	自譯(UI/選單/國名/軍語,參考PG/AG/PacGen既有慣例)
GUI97	Russia	俄國	自譯(UI/選單/國名/軍語,參考PG/AG/PacGen既有慣例)
GUI97	Sweden	瑞典	自譯(UI/選單/國名/軍語,參考PG/AG/PacGen既有慣例)
GUI97	Switzerland	瑞士	自譯(UI/選單/國名/軍語,參考PG/AG/PacGen既有慣例)
GUI97	United Kingdom	英國	自譯(UI/選單/國名/軍語,參考PG/AG/PacGen既有慣例)
GUI97	Yugoslavia	南斯拉夫	自譯(UI/選單/國名/軍語,參考PG/AG/PacGen既有慣例)
GUI97	Nationalist	國民軍	自譯(UI/選單/國名/軍語,參考PG/AG/PacGen既有慣例)
GUI97	Republican	共和軍	自譯(UI/選單/國名/軍語,參考PG/AG/PacGen既有慣例)
GUI97	Axis	軸心國	自譯(UI/選單/國名/軍語,參考PG/AG/PacGen既有慣例)
GUI97	Allied	同盟國	自譯(UI/選單/國名/軍語,參考PG/AG/PacGen既有慣例)
GUI97	Brilliant Victory	輝煌勝利	自譯(UI/選單/國名/軍語,參考PG/AG/PacGen既有慣例)
GUI97	Victory	勝利	自譯(UI/選單/國名/軍語,參考PG/AG/PacGen既有慣例)
GUI97	Tactical Victory	戰術勝利	自譯(UI/選單/國名/軍語,參考PG/AG/PacGen既有慣例)
GUI97	Loss	落敗	自譯(UI/選單/國名/軍語,參考PG/AG/PacGen既有慣例)
GUI97	Panzer General II	裝甲元帥II	自譯(UI/選單/國名/軍語,參考PG/AG/PacGen既有慣例)
GUI97	Next Unit	下一單位	自譯(UI/選單/國名/軍語,參考PG/AG/PacGen既有慣例)
GUI97	Cancel Move	取消移動	自譯(UI/選單/國名/軍語,參考PG/AG/PacGen既有慣例)
GUI97	Mount - Dismount	上車-下車	自譯(UI/選單/國名/軍語,參考PG/AG/PacGen既有慣例)
GUI97	Embark - Disembark	登船-下船	自譯(UI/選單/國名/軍語,參考PG/AG/PacGen既有慣例)
GUI97	Supply	補給	自譯(UI/選單/國名/軍語,參考PG/AG/PacGen既有慣例)
GUI97	Replacements	補充兵	自譯(UI/選單/國名/軍語,參考PG/AG/PacGen既有慣例)
GUI97	Requisition Unit	徵用單位	自譯(UI/選單/國名/軍語,參考PG/AG/PacGen既有慣例)
GUI97	Field Headquarters	野戰指揮部	自譯(UI/選單/國名/軍語,參考PG/AG/PacGen既有慣例)
GUI97	Air Mode	航空模式	自譯(UI/選單/國名/軍語,參考PG/AG/PacGen既有慣例)
GUI97	Strategic Map	戰略地圖	自譯(UI/選單/國名/軍語,參考PG/AG/PacGen既有慣例)
GUI97	Game Functions	遊戲功能	自譯(UI/選單/國名/軍語,參考PG/AG/PacGen既有慣例)
GUI97	Additional Options	附加選項	自譯(UI/選單/國名/軍語,參考PG/AG/PacGen既有慣例)
GUI97	Chat	聊天	自譯(UI/選單/國名/軍語,參考PG/AG/PacGen既有慣例)
GUI97	How To Play The Game	遊戲玩法說明	自譯(UI/選單/國名/軍語,參考PG/AG/PacGen既有慣例)
GUI97	End Turn	結束回合	自譯(UI/選單/國名/軍語,參考PG/AG/PacGen既有慣例)
GUI97	Dossier	戰績檔案	自譯(UI/選單/國名/軍語,參考PG/AG/PacGen既有慣例)
GUI97	Show Hexsides	顯示六角邊	自譯(UI/選單/國名/軍語,參考PG/AG/PacGen既有慣例)
GUI97	Audio Settings	音效設定	自譯(UI/選單/國名/軍語,參考PG/AG/PacGen既有慣例)
GUI97	Play By EMail	電子郵件對戰	自譯(UI/選單/國名/軍語,參考PG/AG/PacGen既有慣例)
GUI97	VCR	錄放影	自譯(UI/選單/國名/軍語,參考PG/AG/PacGen既有慣例)
GUI97	Replay Turn	重播本回合	自譯(UI/選單/國名/軍語,參考PG/AG/PacGen既有慣例)
GUI97	Full Screen	全螢幕	自譯(UI/選單/國名/軍語,參考PG/AG/PacGen既有慣例)
GUI97	Show Terrain	顯示地形	自譯(UI/選單/國名/軍語,參考PG/AG/PacGen既有慣例)
GUI97	Exit Game	離開遊戲	自譯(UI/選單/國名/軍語,參考PG/AG/PacGen既有慣例)
GUI97	Inspect Unit	檢視單位	自譯(UI/選單/國名/軍語,參考PG/AG/PacGen既有慣例)
GUI97	Go To Unit	移至單位	自譯(UI/選單/國名/軍語,參考PG/AG/PacGen既有慣例)
GUI97	Overstrength Unit	超編單位	自譯(UI/選單/國名/軍語,參考PG/AG/PacGen既有慣例)
GUI97	Upgrade Unit	升級單位	自譯(UI/選單/國名/軍語,參考PG/AG/PacGen既有慣例)
GUI97	Reassign Unit	重新分派單位	自譯(UI/選單/國名/軍語,參考PG/AG/PacGen既有慣例)
GUI97	Undo Last Action	復原上一步	自譯(UI/選單/國名/軍語,參考PG/AG/PacGen既有慣例)
GUI97	Soft Target	軟目標	自譯(UI/選單/國名/軍語,參考PG/AG/PacGen既有慣例)
GUI97	Hard Target	硬目標	自譯(UI/選單/國名/軍語,參考PG/AG/PacGen既有慣例)
GUI97	Air Unit	空中單位	自譯(UI/選單/國名/軍語,參考PG/AG/PacGen既有慣例)
GUI97	Naval Unit	海軍單位	自譯(UI/選單/國名/軍語,參考PG/AG/PacGen既有慣例)
GUI97	Fuel	燃料	自譯(UI/選單/國名/軍語,參考PG/AG/PacGen既有慣例)
GUI97	Ammo	彈藥	自譯(UI/選單/國名/軍語,參考PG/AG/PacGen既有慣例)
GUI97	Range	航程	自譯(UI/選單/國名/軍語,參考PG/AG/PacGen既有慣例)
GUI97	Initiative	先攻	自譯(UI/選單/國名/軍語,參考PG/AG/PacGen既有慣例)
GUI97	Spotting Range	偵察範圍	自譯(UI/選單/國名/軍語,參考PG/AG/PacGen既有慣例)
GUI97	Sea Movement	海上移動力	自譯(UI/選單/國名/軍語,參考PG/AG/PacGen既有慣例)
GUI97	Wheeled Movement	輪型移動力	自譯(UI/選單/國名/軍語,參考PG/AG/PacGen既有慣例)
GUI97	All Terrain Movement	全地形移動力	自譯(UI/選單/國名/軍語,參考PG/AG/PacGen既有慣例)
GUI97	Air Movement	空中移動力	自譯(UI/選單/國名/軍語,參考PG/AG/PacGen既有慣例)
GUI97	Half Track Movement	半履帶移動力	自譯(UI/選單/國名/軍語,參考PG/AG/PacGen既有慣例)
GUI97	Towed Movement	拖曳移動力	自譯(UI/選單/國名/軍語,參考PG/AG/PacGen既有慣例)
GUI97	Tracked Movement	履帶移動力	自譯(UI/選單/國名/軍語,參考PG/AG/PacGen既有慣例)
GUI97	Leg Movement	步行移動力	自譯(UI/選單/國名/軍語,參考PG/AG/PacGen既有慣例)
GUI97	Hard Attack	硬目標攻擊力	自譯(UI/選單/國名/軍語,參考PG/AG/PacGen既有慣例)
GUI97	Soft Attack	軟目標攻擊力	自譯(UI/選單/國名/軍語,參考PG/AG/PacGen既有慣例)
GUI97	Air Attack	空戰攻擊力	自譯(UI/選單/國名/軍語,參考PG/AG/PacGen既有慣例)
GUI97	Naval Attack	海戰攻擊力	自譯(UI/選單/國名/軍語,參考PG/AG/PacGen既有慣例)
GUI97	Ground Defense	地面防禦力	自譯(UI/選單/國名/軍語,參考PG/AG/PacGen既有慣例)
GUI97	Air Defense	防空	自譯;注意:GUI97第87行語境為「空中防禦力」(單位數值統計),與本欄多數語境(單位兵科/戰鬥通知)"防空"不同,apply腳本用line-index override處理
GUI97	Close Defense	近戰防禦力	自譯(UI/選單/國名/軍語,參考PG/AG/PacGen既有慣例)
GUI97	Ranged Defense Modifier	距離防禦修正	自譯(UI/選單/國名/軍語,參考PG/AG/PacGen既有慣例)
GUI97	Select Air Defense	選擇防空單位	自譯(UI/選單/國名/軍語,參考PG/AG/PacGen既有慣例)
GUI97	Select Anti-tank	選擇反戰車單位	自譯(UI/選單/國名/軍語,參考PG/AG/PacGen既有慣例)
GUI97	Select Artillery	選擇砲兵單位	自譯(UI/選單/國名/軍語,參考PG/AG/PacGen既有慣例)
GUI97	Select Infantry	選擇步兵單位	自譯(UI/選單/國名/軍語,參考PG/AG/PacGen既有慣例)
GUI97	Select Recon	選擇偵察單位	自譯(UI/選單/國名/軍語,參考PG/AG/PacGen既有慣例)
GUI97	Select Tank	選擇戰車單位	自譯(UI/選單/國名/軍語,參考PG/AG/PacGen既有慣例)
GUI97	Select Fighter	選擇戰鬥機單位	自譯(UI/選單/國名/軍語,參考PG/AG/PacGen既有慣例)
GUI97	Select Tactical Bomber	選擇戰術轟炸機單位	自譯(UI/選單/國名/軍語,參考PG/AG/PacGen既有慣例)
GUI97	Core	核心部隊	自譯(UI/選單/國名/軍語,參考PG/AG/PacGen既有慣例)
GUI97	Auxiliary	輔助部隊	自譯(UI/選單/國名/軍語,參考PG/AG/PacGen既有慣例)
GUI97	Scroll Up	向上捲動	自譯(UI/選單/國名/軍語,參考PG/AG/PacGen既有慣例)
GUI97	Scroll Down	向下捲動	自譯(UI/選單/國名/軍語,參考PG/AG/PacGen既有慣例)
GUI97	Exit	離開	自譯(UI/選單/國名/軍語,參考PG/AG/PacGen既有慣例)
GUI97	Cancel	取消	自譯(UI/選單/國名/軍語,參考PG/AG/PacGen既有慣例)
GUI97	Total Prestige	總聲望值	自譯(UI/選單/國名/軍語,參考PG/AG/PacGen既有慣例)
GUI97	Available Prestige	可用聲望值	自譯(UI/選單/國名/軍語,參考PG/AG/PacGen既有慣例)
GUI97	Expended Prestige	已耗用聲望值	自譯(UI/選單/國名/軍語,參考PG/AG/PacGen既有慣例)
GUI97	Exit Deployment	離開部署	自譯(UI/選單/國名/軍語,參考PG/AG/PacGen既有慣例)
GUI97	Edit Equipment	編輯裝備	自譯(UI/選單/國名/軍語,參考PG/AG/PacGen既有慣例)
GUI97	Load Campaign Script	載入戰役腳本	自譯(UI/選單/國名/軍語,參考PG/AG/PacGen既有慣例)
GUI97	Save New Campaign	儲存新戰役	自譯(UI/選單/國名/軍語,參考PG/AG/PacGen既有慣例)
GUI97	Load Scenario	載入劇本	自譯(UI/選單/國名/軍語,參考PG/AG/PacGen既有慣例)
GUI97	Save Scenario	儲存劇本	自譯(UI/選單/國名/軍語,參考PG/AG/PacGen既有慣例)
GUI97	Edit Map	編輯地圖	自譯(UI/選單/國名/軍語,參考PG/AG/PacGen既有慣例)
GUI97	Edit Army	編輯軍隊	自譯(UI/選單/國名/軍語,參考PG/AG/PacGen既有慣例)
GUI97	Place Army	部署軍隊	自譯(UI/選單/國名/軍語,參考PG/AG/PacGen既有慣例)
GUI97	Clear All Victory Hexes	清除所有勝利點六角格	自譯(UI/選單/國名/軍語,參考PG/AG/PacGen既有慣例)
GUI97	Clear All Scenario Hex Info	清除所有劇本六角格資訊	自譯(UI/選單/國名/軍語,參考PG/AG/PacGen既有慣例)
GUI97	Change Terrain Type	變更地形類型	自譯(UI/選單/國名/軍語,參考PG/AG/PacGen既有慣例)
GUI97	Save Map	儲存地圖	自譯(UI/選單/國名/軍語,參考PG/AG/PacGen既有慣例)
GUI97	Load Map	載入地圖	自譯(UI/選單/國名/軍語,參考PG/AG/PacGen既有慣例)
GUI97	Identify Map	辨識地圖	自譯(UI/選單/國名/軍語,參考PG/AG/PacGen既有慣例)
GUI97	Toggle Road Mode	切換道路模式	自譯(UI/選單/國名/軍語,參考PG/AG/PacGen既有慣例)
GUI97	Fill Map	填滿地圖	自譯(UI/選單/國名/軍語,參考PG/AG/PacGen既有慣例)
GUI97	Clear Roads	清除道路	自譯(UI/選單/國名/軍語,參考PG/AG/PacGen既有慣例)
GUI97	Exit Edit Map	離開地圖編輯	自譯(UI/選單/國名/軍語,參考PG/AG/PacGen既有慣例)
GUI97	Next Army	下一支軍隊	自譯(UI/選單/國名/軍語,參考PG/AG/PacGen既有慣例)
GUI97	Toggle Entrench Mode	切換挖壕模式	自譯(UI/選單/國名/軍語,參考PG/AG/PacGen既有慣例)
GUI97	Enter Scenario Description	輸入劇本描述	自譯(UI/選單/國名/軍語,參考PG/AG/PacGen既有慣例)
GUI97	Class None	無兵種類別	自譯(UI/選單/國名/軍語,參考PG/AG/PacGen既有慣例)
GUI97	Infantry	步兵	自譯(UI/選單/國名/軍語,參考PG/AG/PacGen既有慣例)
GUI97	Tank	戰車	自譯(UI/選單/國名/軍語,參考PG/AG/PacGen既有慣例)
GUI97	Recon	偵察	自譯(UI/選單/國名/軍語,參考PG/AG/PacGen既有慣例)
GUI97	Anti-tank	反戰車	自譯(UI/選單/國名/軍語,參考PG/AG/PacGen既有慣例)
GUI97	Fortification	工事	自譯(UI/選單/國名/軍語,參考PG/AG/PacGen既有慣例)
GUI97	Ground Transport	地面運輸	自譯(UI/選單/國名/軍語,參考PG/AG/PacGen既有慣例)
GUI97	Artillery	砲兵	自譯(UI/選單/國名/軍語,參考PG/AG/PacGen既有慣例)
GUI97	Fighter	戰鬥機	自譯(UI/選單/國名/軍語,參考PG/AG/PacGen既有慣例)
GUI97	Tactical Bomber	戰術轟炸機	自譯(UI/選單/國名/軍語,參考PG/AG/PacGen既有慣例)
GUI97	Air Transport	空運機	自譯(UI/選單/國名/軍語,參考PG/AG/PacGen既有慣例)
GUI97	Submarine	潛艇	自譯(UI/選單/國名/軍語,參考PG/AG/PacGen既有慣例)
GUI97	Destroyer	驅逐艦	自譯(UI/選單/國名/軍語,參考PG/AG/PacGen既有慣例)
GUI97	Battleship	戰列艦	自譯(UI/選單/國名/軍語,參考PG/AG/PacGen既有慣例)
GUI97	Carrier	航空母艦	自譯(UI/選單/國名/軍語,參考PG/AG/PacGen既有慣例)
GUI97	Naval Transport	海運運輸艦	自譯(UI/選單/國名/軍語,參考PG/AG/PacGen既有慣例)
GUI97	Battle Cruiser	戰鬥巡洋艦	自譯(UI/選單/國名/軍語,參考PG/AG/PacGen既有慣例)
GUI97	Cruiser	巡洋艦	自譯(UI/選單/國名/軍語,參考PG/AG/PacGen既有慣例)
GUI97	Light Cruiser	輕巡洋艦	自譯(UI/選單/國名/軍語,參考PG/AG/PacGen既有慣例)
GUI97	Play A Campaign	進行戰役	自譯(UI/選單/國名/軍語,參考PG/AG/PacGen既有慣例)
GUI97	Play A Scenario	進行劇本	自譯(UI/選單/國名/軍語,參考PG/AG/PacGen既有慣例)
GUI97	Start A Multiplayer Scenario	開始多人劇本	自譯(UI/選單/國名/軍語,參考PG/AG/PacGen既有慣例)
GUI97	Show The Credits	顯示製作名單	自譯(UI/選單/國名/軍語,參考PG/AG/PacGen既有慣例)
GUI97	Start The Scenario Builder	啟動劇本編輯器	自譯(UI/選單/國名/軍語,參考PG/AG/PacGen既有慣例)
GUI97	Load A Saved Game	載入存檔	自譯(UI/選單/國名/軍語,參考PG/AG/PacGen既有慣例)
GUI97	Review A Dossier	檢視戰績檔案	自譯(UI/選單/國名/軍語,參考PG/AG/PacGen既有慣例)
GUI97	Show The Introduction	顯示遊戲介紹	自譯(UI/選單/國名/軍語,參考PG/AG/PacGen既有慣例)
GUI97	Exit The Game	離開遊戲	自譯(UI/選單/國名/軍語,參考PG/AG/PacGen既有慣例)
GUI97	Dry	乾燥	自譯(UI/選單/國名/軍語,參考PG/AG/PacGen既有慣例)
GUI97	Frozen	結凍	自譯(UI/選單/國名/軍語,參考PG/AG/PacGen既有慣例)
GUI97	Turn	回合	自譯(UI/選單/國名/軍語,參考PG/AG/PacGen既有慣例)
GUI97	January	一月	自譯(UI/選單/國名/軍語,參考PG/AG/PacGen既有慣例)
GUI97	February	二月	自譯(UI/選單/國名/軍語,參考PG/AG/PacGen既有慣例)
GUI97	March	三月	自譯(UI/選單/國名/軍語,參考PG/AG/PacGen既有慣例)
GUI97	April	四月	自譯(UI/選單/國名/軍語,參考PG/AG/PacGen既有慣例)
GUI97	May	五月	自譯(UI/選單/國名/軍語,參考PG/AG/PacGen既有慣例)
GUI97	June	六月	自譯(UI/選單/國名/軍語,參考PG/AG/PacGen既有慣例)
GUI97	July	七月	自譯(UI/選單/國名/軍語,參考PG/AG/PacGen既有慣例)
GUI97	August	八月	自譯(UI/選單/國名/軍語,參考PG/AG/PacGen既有慣例)
GUI97	September	九月	自譯(UI/選單/國名/軍語,參考PG/AG/PacGen既有慣例)
GUI97	October	十月	自譯(UI/選單/國名/軍語,參考PG/AG/PacGen既有慣例)
GUI97	November	十一月	自譯(UI/選單/國名/軍語,參考PG/AG/PacGen既有慣例)
GUI97	December	十二月	自譯(UI/選單/國名/軍語,參考PG/AG/PacGen既有慣例)
GUI97	Fair	晴朗	自譯(UI/選單/國名/軍語,參考PG/AG/PacGen既有慣例)
GUI97	Overcast	陰天	自譯(UI/選單/國名/軍語,參考PG/AG/PacGen既有慣例)
GUI97	Rain	雨天	自譯(UI/選單/國名/軍語,參考PG/AG/PacGen既有慣例)
GUI97	Snow	雪天	自譯(UI/選單/國名/軍語,參考PG/AG/PacGen既有慣例)
GUI97	Turns	回合數	自譯(UI/選單/國名/軍語,參考PG/AG/PacGen既有慣例)
GUI97	Current Strength	目前戰力	自譯(UI/選單/國名/軍語,參考PG/AG/PacGen既有慣例)
GUI97	Experience Level	經驗等級	自譯(UI/選單/國名/軍語,參考PG/AG/PacGen既有慣例)
GUI97	Leader	指揮官	自譯(UI/選單/國名/軍語,參考PG/AG/PacGen既有慣例)
GUI97	Unit Has Transport	單位已有運輸工具	自譯(UI/選單/國名/軍語,參考PG/AG/PacGen既有慣例)
GUI97	Unit Has Moved	單位已移動	自譯(UI/選單/國名/軍語,參考PG/AG/PacGen既有慣例)
GUI97	Congratulations on your Victory	恭喜你獲得勝利	自譯(UI/選單/國名/軍語,參考PG/AG/PacGen既有慣例)
GUI97	Next Country	下一個國家	自譯(UI/選單/國名/軍語,參考PG/AG/PacGen既有慣例)
GUI97	Total Cost Of Unit	單位總花費	自譯(UI/選單/國名/軍語,參考PG/AG/PacGen既有慣例)
GUI97	Cost of Equipment	裝備花費	自譯(UI/選單/國名/軍語,參考PG/AG/PacGen既有慣例)
GUI97	Available	可用	自譯(UI/選單/國名/軍語,參考PG/AG/PacGen既有慣例)
GUI97	Casualties Inflicted	造成的傷亡	自譯(UI/選單/國名/軍語,參考PG/AG/PacGen既有慣例)
GUI97	Casualties Taken	承受的傷亡	自譯(UI/選單/國名/軍語,參考PG/AG/PacGen既有慣例)
GUI97	Entrenchment	壕溝防禦	自譯(UI/選單/國名/軍語,參考PG/AG/PacGen既有慣例)
GUI97	Assaulting	強襲中	自譯(UI/選單/國名/軍語,參考PG/AG/PacGen既有慣例)
GUI97	Attacking	攻擊中	自譯(UI/選單/國名/軍語,參考PG/AG/PacGen既有慣例)
GUI97	Interceptors!	攔截機來襲!	自譯(UI/選單/國名/軍語,參考PG/AG/PacGen既有慣例)
GUI97	Close Support Fire	近接支援砲擊	自譯(UI/選單/國名/軍語,參考PG/AG/PacGen既有慣例)
GUI97	Support Fire	支援砲擊	自譯(UI/選單/國名/軍語,參考PG/AG/PacGen既有慣例)
GUI97	Attack Broken Off!	攻擊中止!	自譯(UI/選單/國名/軍語,參考PG/AG/PacGen既有慣例)
GUI97	Surrender	投降	自譯(UI/選單/國名/軍語,參考PG/AG/PacGen既有慣例)
GUI97	Fleeing Port	撤離港口	自譯(UI/選單/國名/軍語,參考PG/AG/PacGen既有慣例)
GUI97	Scuttling	自沉	自譯(UI/選單/國名/軍語,參考PG/AG/PacGen既有慣例)
GUI97	Submarine Dives	潛艇下潛	自譯(UI/選單/國名/軍語,參考PG/AG/PacGen既有慣例)
GUI97	Submarine Evades	潛艇規避	自譯(UI/選單/國名/軍語,參考PG/AG/PacGen既有慣例)
GUI97	Rugged Defense!	頑強防禦!	自譯(UI/選單/國名/軍語,參考PG/AG/PacGen既有慣例)
GUI97	Suppressed	遭壓制	自譯(UI/選單/國名/軍語,參考PG/AG/PacGen既有慣例)
GUI97	Destroyed	已摧毀	自譯(UI/選單/國名/軍語,參考PG/AG/PacGen既有慣例)
GUI97	LAN Connection	區域網路連線	自譯(UI/選單/國名/軍語,參考PG/AG/PacGen既有慣例)
GUI97	Internet Connection	網際網路連線	自譯(UI/選單/國名/軍語,參考PG/AG/PacGen既有慣例)
GUI97	Club SSI	Club SSI	自譯(UI/選單/國名/軍語,參考PG/AG/PacGen既有慣例)
GUI97	Internet List	網際網路清單	自譯(UI/選單/國名/軍語,參考PG/AG/PacGen既有慣例)
GUI97	Create Game	建立遊戲	自譯(UI/選單/國名/軍語,參考PG/AG/PacGen既有慣例)
GUI97	Join Game	加入遊戲	自譯(UI/選單/國名/軍語,參考PG/AG/PacGen既有慣例)
GUI97	Enter Your Player Name	輸入你的玩家名稱	自譯(UI/選單/國名/軍語,參考PG/AG/PacGen既有慣例)
GUI97	Enter The Game Name	輸入遊戲名稱	自譯(UI/選單/國名/軍語,參考PG/AG/PacGen既有慣例)
GUI97	Show Scenario Save Games	顯示劇本存檔	自譯(UI/選單/國名/軍語,參考PG/AG/PacGen既有慣例)
GUI97	Show Campaign Save Games	顯示戰役存檔	自譯(UI/選單/國名/軍語,參考PG/AG/PacGen既有慣例)
GUI97	Show Multiplayer Save Games	顯示多人存檔	自譯(UI/選單/國名/軍語,參考PG/AG/PacGen既有慣例)
GUI97	Show Email Games	顯示電子郵件對戰存檔	自譯(UI/選單/國名/軍語,參考PG/AG/PacGen既有慣例)
GUI97	Save Game	儲存遊戲	自譯(UI/選單/國名/軍語,參考PG/AG/PacGen既有慣例)
GUI97	Load Game	載入遊戲	自譯(UI/選單/國名/軍語,參考PG/AG/PacGen既有慣例)
GUI97	Up One Level	上一層	自譯(UI/選單/國名/軍語,參考PG/AG/PacGen既有慣例)
GUI97	Create Directory	建立目錄	自譯(UI/選單/國名/軍語,參考PG/AG/PacGen既有慣例)
GUI97	New Game	新遊戲	自譯(UI/選單/國名/軍語,參考PG/AG/PacGen既有慣例)
GUI97	Successfully Saved	已成功儲存	自譯(UI/選單/國名/軍語,參考PG/AG/PacGen既有慣例)
GUI97	WAS NOT SAVED-ERROR	未能儲存-錯誤	自譯(UI/選單/國名/軍語,參考PG/AG/PacGen既有慣例)
GUI97	No File Description	無檔案描述	自譯(UI/選單/國名/軍語,參考PG/AG/PacGen既有慣例)
GUI97	Deploy Forces	部署部隊	自譯(UI/選單/國名/軍語,參考PG/AG/PacGen既有慣例)
GUI97	Name Scenario	命名劇本	自譯(UI/選單/國名/軍語,參考PG/AG/PacGen既有慣例)
GUI97	Starting Date	起始日期	自譯(UI/選單/國名/軍語,參考PG/AG/PacGen既有慣例)
GUI97	Number Of Turns	回合總數	自譯(UI/選單/國名/軍語,參考PG/AG/PacGen既有慣例)
GUI97	Turns Per Day	每日回合數	自譯(UI/選單/國名/軍語,參考PG/AG/PacGen既有慣例)
GUI97	Ground Conditions	地面狀況	自譯(UI/選單/國名/軍語,參考PG/AG/PacGen既有慣例)
GUI97	Atmospheric Conditions	天候狀況	自譯(UI/選單/國名/軍語,參考PG/AG/PacGen既有慣例)
GUI97	Scenario Description	劇本描述	自譯(UI/選單/國名/軍語,參考PG/AG/PacGen既有慣例)
GUI97	Designate Supply	指定補給	自譯(UI/選單/國名/軍語,參考PG/AG/PacGen既有慣例)
GUI97	Designate Victory	指定勝利點	自譯(UI/選單/國名/軍語,參考PG/AG/PacGen既有慣例)
GUI97	Designate Ownership	指定所屬	自譯(UI/選單/國名/軍語,參考PG/AG/PacGen既有慣例)
GUI97	Designate Deployment	指定部署區	自譯(UI/選單/國名/軍語,參考PG/AG/PacGen既有慣例)
GUI97	Build Army	建立軍隊	自譯(UI/選單/國名/軍語,參考PG/AG/PacGen既有慣例)
GUI97	Unit Settings	單位設定	自譯(UI/選單/國名/軍語,參考PG/AG/PacGen既有慣例)
GUI97	Deploy Army	部署軍隊	自譯(UI/選單/國名/軍語,參考PG/AG/PacGen既有慣例)
GUI97	Set Prestige	設定聲望	自譯(UI/選單/國名/軍語,參考PG/AG/PacGen既有慣例)
GUI97	Scenario Parameters	劇本參數	自譯(UI/選單/國名/軍語,參考PG/AG/PacGen既有慣例)
GUI97	Prestige Allocated Per Turn	每回合分配聲望	自譯(UI/選單/國名/軍語,參考PG/AG/PacGen既有慣例)
GUI97	Unit Names	單位名稱	自譯(UI/選單/國名/軍語,參考PG/AG/PacGen既有慣例)
GUI97	Make Global Settings	進行全域設定	自譯(UI/選單/國名/軍語,參考PG/AG/PacGen既有慣例)
GUI97	Enter An IP Address	輸入IP位址	自譯(UI/選單/國名/軍語,參考PG/AG/PacGen既有慣例)
GUI97	Are You Sure You Want to Quit?	確定要離開嗎?	自譯(UI/選單/國名/軍語,參考PG/AG/PacGen既有慣例)
GUI97	Empty Slot	空格位	自譯(UI/選單/國名/軍語,參考PG/AG/PacGen既有慣例)
GUI97	Yes	是	自譯(UI/選單/國名/軍語,參考PG/AG/PacGen既有慣例)
GUI97	No	否	自譯(UI/選單/國名/軍語,參考PG/AG/PacGen既有慣例)
GUI97	Tenacious Defense	頑強防禦	自譯(UI/選單/國名/軍語,參考PG/AG/PacGen既有慣例)
GUI97	Aggressive Maneuver	積極機動	自譯(UI/選單/國名/軍語,參考PG/AG/PacGen既有慣例)
GUI97	Elite Recon Veteran	精銳偵察老兵	自譯(UI/選單/國名/軍語,參考PG/AG/PacGen既有慣例)
GUI97	Tank Killer	戰車殺手	自譯(UI/選單/國名/軍語,參考PG/AG/PacGen既有慣例)
GUI97	Marksman	神射手	自譯(UI/選單/國名/軍語,參考PG/AG/PacGen既有慣例)
GUI97	Mechanized Veteran	機械化老兵	自譯(UI/選單/國名/軍語,參考PG/AG/PacGen既有慣例)
GUI97	Skilled Interceptor	熟練攔截手	自譯(UI/選單/國名/軍語,參考PG/AG/PacGen既有慣例)
GUI97	Skilled Assault	熟練突擊	自譯(UI/選單/國名/軍語,參考PG/AG/PacGen既有慣例)
GUI97	Aggressive Attack	積極攻擊	自譯(UI/選單/國名/軍語,參考PG/AG/PacGen既有慣例)
GUI97	Determined Defense	堅決防禦	自譯(UI/選單/國名/軍語,參考PG/AG/PacGen既有慣例)
GUI97	Battlefield Intelligence	戰場情報	自譯(UI/選單/國名/軍語,參考PG/AG/PacGen既有慣例)
GUI97	First Strike	先發制人	自譯(UI/選單/國名/軍語,參考PG/AG/PacGen既有慣例)
GUI97	Resilience	韌性	自譯(UI/選單/國名/軍語,參考PG/AG/PacGen既有慣例)
GUI97	Influence	威望	自譯(UI/選單/國名/軍語,參考PG/AG/PacGen既有慣例)
GUI97	Fire Discipline	射擊紀律	自譯(UI/選單/國名/軍語,參考PG/AG/PacGen既有慣例)
GUI97	Liberator	解放者	自譯(UI/選單/國名/軍語,參考PG/AG/PacGen既有慣例)
GUI97	Alpine Training	高山訓練	自譯(UI/選單/國名/軍語,參考PG/AG/PacGen既有慣例)
GUI97	All Weather Combat	全天候戰鬥	自譯(UI/選單/國名/軍語,參考PG/AG/PacGen既有慣例)
GUI97	Forest Camouflage	森林偽裝	自譯(UI/選單/國名/軍語,參考PG/AG/PacGen既有慣例)
GUI97	Combat Support	戰鬥支援	自譯(UI/選單/國名/軍語,參考PG/AG/PacGen既有慣例)
GUI97	Infiltration Tactics	滲透戰術	自譯(UI/選單/國名/軍語,參考PG/AG/PacGen既有慣例)
GUI97	Skilled Reconnaissance	熟練偵察	自譯(UI/選單/國名/軍語,參考PG/AG/PacGen既有慣例)
GUI97	Reconnaissance Movement	偵察機動	自譯(UI/選單/國名/軍語,參考PG/AG/PacGen既有慣例)
GUI97	Skilled Ground Attack	熟練地面攻擊	自譯(UI/選單/國名/軍語,參考PG/AG/PacGen既有慣例)
GUI97	Street Fighter	巷戰好手	自譯(UI/選單/國名/軍語,參考PG/AG/PacGen既有慣例)
GUI97	Overwhelming Attack	壓倒性攻擊	自譯(UI/選單/國名/軍語,參考PG/AG/PacGen既有慣例)
GUI97	Superior Maneuver	優越機動	自譯(UI/選單/國名/軍語,參考PG/AG/PacGen既有慣例)
GUI97	Extended Front	延伸戰線	自譯(UI/選單/國名/軍語,參考PG/AG/PacGen既有慣例)
GUI97	Ferocious Defender	頑強防禦者	自譯(UI/選單/國名/軍語,參考PG/AG/PacGen既有慣例)
GUI97	Overwatch	警戒	自譯(UI/選單/國名/軍語,參考PG/AG/PacGen既有慣例)
GUI97	Devastating Fire	毀滅性砲火	自譯(UI/選單/國名/軍語,參考PG/AG/PacGen既有慣例)
GUI97	Bridging	架橋	自譯(UI/選單/國名/軍語,參考PG/AG/PacGen既有慣例)
GUI97	Shock Tactics	震撼戰術	自譯(UI/選單/國名/軍語,參考PG/AG/PacGen既有慣例)
GUI97	Side 1 Turn	第1方回合	自譯(UI/選單/國名/軍語,參考PG/AG/PacGen既有慣例)
GUI97	Side 2 Turn	第2方回合	自譯(UI/選單/國名/軍語,參考PG/AG/PacGen既有慣例)
GUI97	Weather	天氣	自譯(UI/選單/國名/軍語,參考PG/AG/PacGen既有慣例)
GUI97	Review Best Careers	檢視最佳戰績	自譯(UI/選單/國名/軍語,參考PG/AG/PacGen既有慣例)
GUI97	Enter Password	輸入密碼	自譯(UI/選單/國名/軍語,參考PG/AG/PacGen既有慣例)
GUI97	You have Been Awarded A Prototype Unit	你獲頒一輛原型單位	自譯(UI/選單/國名/軍語,參考PG/AG/PacGen既有慣例)
GUI97	Review Battlefield	檢視戰場	自譯(UI/選單/國名/軍語,參考PG/AG/PacGen既有慣例)
GUI97	Overrun Attack!	壓制攻擊!	自譯(UI/選單/國名/軍語,參考PG/AG/PacGen既有慣例)
GUI97	Lost Connection With Player	與玩家失去連線	自譯(UI/選單/國名/軍語,參考PG/AG/PacGen既有慣例)
GUI97	Lost Session	工作階段中斷	自譯(UI/選單/國名/軍語,參考PG/AG/PacGen既有慣例)
GUI97	Increase Prestige Percentage	增加聲望百分比	自譯(UI/選單/國名/軍語,參考PG/AG/PacGen既有慣例)
GUI97	Decrease Prestige Percentage	減少聲望百分比	自譯(UI/選單/國名/軍語,參考PG/AG/PacGen既有慣例)
GUI97	Player Prestige Modifier	玩家聲望修正	自譯(UI/選單/國名/軍語,參考PG/AG/PacGen既有慣例)
GUI97	Computer Player	電腦玩家	自譯(UI/選單/國名/軍語,參考PG/AG/PacGen既有慣例)
GUI97	Human Player	真人玩家	自譯(UI/選單/國名/軍語,參考PG/AG/PacGen既有慣例)
GUI97	Increase Player Prestige Percentage	增加玩家聲望百分比	自譯(UI/選單/國名/軍語,參考PG/AG/PacGen既有慣例)
GUI97	Decrease Player Prestige Percentage	減少玩家聲望百分比	自譯(UI/選單/國名/軍語,參考PG/AG/PacGen既有慣例)
GUI97	Player Prestige Setting	玩家聲望設定	自譯(UI/選單/國名/軍語,參考PG/AG/PacGen既有慣例)
GUI97	Next	下一步	自譯(UI/選單/國名/軍語,參考PG/AG/PacGen既有慣例)
GUI97	Choose Connection	選擇連線方式	自譯(UI/選單/國名/軍語,參考PG/AG/PacGen既有慣例)
GUI97	Number Of Players In Game	遊戲玩家人數	自譯(UI/選單/國名/軍語,參考PG/AG/PacGen既有慣例)
GUI97	Create Or Join Game	建立或加入遊戲	自譯(UI/選單/國名/軍語,參考PG/AG/PacGen既有慣例)
GUI97	Choose Game To Join	選擇要加入的遊戲	自譯(UI/選單/國名/軍語,參考PG/AG/PacGen既有慣例)
GUI97	Set Scenario Time Limit	設定劇本時限	自譯(UI/選單/國名/軍語,參考PG/AG/PacGen既有慣例)
GUI97	Set Time Limit	設定時限	自譯(UI/選單/國名/軍語,參考PG/AG/PacGen既有慣例)
GUI97	Enter Scenario Name	輸入劇本名稱	自譯(UI/選單/國名/軍語,參考PG/AG/PacGen既有慣例)
GUI97	Set Starting Scenario Month	設定劇本起始月份	自譯(UI/選單/國名/軍語,參考PG/AG/PacGen既有慣例)
GUI97	Set Starting Scenario Day	設定劇本起始日	自譯(UI/選單/國名/軍語,參考PG/AG/PacGen既有慣例)
GUI97	Set Starting Scenario Year	設定劇本起始年份	自譯(UI/選單/國名/軍語,參考PG/AG/PacGen既有慣例)
GUI97	Set Month	設定月份	自譯(UI/選單/國名/軍語,參考PG/AG/PacGen既有慣例)
GUI97	Set Day	設定日	自譯(UI/選單/國名/軍語,參考PG/AG/PacGen既有慣例)
GUI97	Set Year	設定年份	自譯(UI/選單/國名/軍語,參考PG/AG/PacGen既有慣例)
GUI97	Number Of Turns In Scenario	劇本回合總數	自譯(UI/選單/國名/軍語,參考PG/AG/PacGen既有慣例)
GUI97	Set Turns	設定回合數	自譯(UI/選單/國名/軍語,參考PG/AG/PacGen既有慣例)
GUI97	Set Turns Per Day	設定每日回合數	自譯(UI/選單/國名/軍語,參考PG/AG/PacGen既有慣例)
GUI97	Set Number Of Players	設定玩家人數	自譯(UI/選單/國名/軍語,參考PG/AG/PacGen既有慣例)
GUI97	Set As Side 1	設為第1方	自譯(UI/選單/國名/軍語,參考PG/AG/PacGen既有慣例)
GUI97	Set As Side 2	設為第2方	自譯(UI/選單/國名/軍語,參考PG/AG/PacGen既有慣例)
GUI97	Set Primary Country	設定主要國家	自譯(UI/選單/國名/軍語,參考PG/AG/PacGen既有慣例)
GUI97	Set Country	設定國家	自譯(UI/選單/國名/軍語,參考PG/AG/PacGen既有慣例)
GUI97	Set AI Aggressive	設定電腦AI積極	自譯(UI/選單/國名/軍語,參考PG/AG/PacGen既有慣例)
GUI97	Set AI Defensive	設定電腦AI保守	自譯(UI/選單/國名/軍語,參考PG/AG/PacGen既有慣例)
GUI97	No Map Chosen For Scenario	劇本未選擇地圖	自譯(UI/選單/國名/軍語,參考PG/AG/PacGen既有慣例)
GUI97	Must Name Scenario	必須命名劇本	自譯(UI/選單/國名/軍語,參考PG/AG/PacGen既有慣例)
GUI97	Colonel	上校	自譯(UI/選單/國名/軍語,參考PG/AG/PacGen既有慣例)
GUI97	General	將軍	自譯(UI/選單/國名/軍語,參考PG/AG/PacGen既有慣例)
GUI97	Field Marshal	元帥	自譯(UI/選單/國名/軍語,參考PG/AG/PacGen既有慣例)
GUI97	New Equipment Available	有新裝備可用	自譯(UI/選單/國名/軍語,參考PG/AG/PacGen既有慣例)
GUI97	PANZER GENERAL II HOT KEYS	裝甲元帥II 快速鍵	自譯(UI/選單/國名/軍語,參考PG/AG/PacGen既有慣例)
GUI97	FILE FUNCTIONS	檔案功能	自譯(UI/選單/國名/軍語,參考PG/AG/PacGen既有慣例)
GUI97	CTRL-S, Save	CTRL-S,儲存	自譯(UI/選單/國名/軍語,參考PG/AG/PacGen既有慣例)
GUI97	CTRL-L, Load	CTRL-L,載入	自譯(UI/選單/國名/軍語,參考PG/AG/PacGen既有慣例)
GUI97	CTRL-Q, Quit Panzer General II	CTRL-Q,離開裝甲元帥II	自譯(UI/選單/國名/軍語,參考PG/AG/PacGen既有慣例)
GUI97	CTRL-A, Autosave	CTRL-A,自動儲存	自譯(UI/選單/國名/軍語,參考PG/AG/PacGen既有慣例)
GUI97	ESC, Exit current menu or screen	ESC,離開目前選單或畫面	自譯(UI/選單/國名/軍語,參考PG/AG/PacGen既有慣例)
GUI97	(If on Start Screen, exits game)	(若在起始畫面,則離開遊戲)	自譯(UI/選單/國名/軍語,參考PG/AG/PacGen既有慣例)
GUI97	MENU FUNCTIONS	選單功能	自譯(UI/選單/國名/軍語,參考PG/AG/PacGen既有慣例)
GUI97	N - Next Unit	N-下一單位	自譯(UI/選單/國名/軍語,參考PG/AG/PacGen既有慣例)
GUI97	X - Cancel Move	X-取消移動	自譯(UI/選單/國名/軍語,參考PG/AG/PacGen既有慣例)
GUI97	R - Requisition	R-徵用	自譯(UI/選單/國名/軍語,參考PG/AG/PacGen既有慣例)
GUI97	D - Deploy	D-部署	自譯(UI/選單/國名/軍語,參考PG/AG/PacGen既有慣例)
GUI97	F - Field HQ	F-野戰指揮部	自譯(UI/選單/國名/軍語,參考PG/AG/PacGen既有慣例)
GUI97	I - Inspect Unit	I-檢視單位	自譯(UI/選單/國名/軍語,參考PG/AG/PacGen既有慣例)
GUI97	V - View Unit	V-查看單位	自譯(UI/選單/國名/軍語,參考PG/AG/PacGen既有慣例)
GUI97	A - Air Mode	A-航空模式	自譯(UI/選單/國名/軍語,參考PG/AG/PacGen既有慣例)
GUI97	S - Strategic Map	S-戰略地圖	自譯(UI/選單/國名/軍語,參考PG/AG/PacGen既有慣例)
GUI97	G - Dossier	G-戰績檔案	自譯(UI/選單/國名/軍語,參考PG/AG/PacGen既有慣例)
GUI97	C - Chat	C-聊天	自譯(UI/選單/國名/軍語,參考PG/AG/PacGen既有慣例)
GUI97	T - Toggle pop-up screen text	T-切換彈出式畫面文字	自譯(UI/選單/國名/軍語,參考PG/AG/PacGen既有慣例)
GUI97	O - Omit selected unit from the	O-將所選單位排除於	自譯(UI/選單/國名/軍語,參考PG/AG/PacGen既有慣例)
GUI97	Next unit cycle for that turn	本回合下一單位循環之外	自譯(UI/選單/國名/軍語,參考PG/AG/PacGen既有慣例)
GUI97	P - Previous Unit	P-上一單位	自譯(UI/選單/國名/軍語,參考PG/AG/PacGen既有慣例)
GUI97	SHIFT-F, Toggle full sceen	SHIFT-F,切換全螢幕	自譯(UI/選單/國名/軍語,參考PG/AG/PacGen既有慣例)
GUI97	SHIFT-R, Replay Turn	SHIFT-R,重播本回合	自譯(UI/選單/國名/軍語,參考PG/AG/PacGen既有慣例)
GUI97	Space - Center on currently selected unit	空白鍵-置中顯示目前所選單位	自譯(UI/選單/國名/軍語,參考PG/AG/PacGen既有慣例)
GUI97	Arrow Keys - Scroll Map	方向鍵-捲動地圖	自譯(UI/選單/國名/軍語,參考PG/AG/PacGen既有慣例)
GUI97	ADDITIONAL OPTIONS	附加選項	自譯(UI/選單/國名/軍語,參考PG/AG/PacGen既有慣例)
GUI97	1 - Status Report	1-狀態報告	自譯(UI/選單/國名/軍語,參考PG/AG/PacGen既有慣例)
GUI97	2 - Hot Key List	2-快速鍵清單	自譯(UI/選單/國名/軍語,參考PG/AG/PacGen既有慣例)
GUI97	3 - Sound Effects Toggle	3-音效切換	自譯(UI/選單/國名/軍語,參考PG/AG/PacGen既有慣例)
GUI97	4 - Music Toggle	4-音樂切換	自譯(UI/選單/國名/軍語,參考PG/AG/PacGen既有慣例)
GUI97	5 - 	5- 	自譯(UI/選單/國名/軍語,參考PG/AG/PacGen既有慣例)
GUI97	6 - View Terrain	6-檢視地形	自譯(UI/選單/國名/軍語,參考PG/AG/PacGen既有慣例)
GUI97	7 - Hexes Toggle	7-六角格切換	自譯(UI/選單/國名/軍語,參考PG/AG/PacGen既有慣例)
GUI97	8 - Toggle Unit Strength Boxes	8-切換單位戰力方塊	自譯(UI/選單/國名/軍語,參考PG/AG/PacGen既有慣例)
GUI97	VIEW UNIT FUNCTIONS	檢視單位功能	自譯(UI/選單/國名/軍語,參考PG/AG/PacGen既有慣例)
GUI97	ALT-M, Mount - Dismount	ALT-M,上車-下車	自譯(UI/選單/國名/軍語,參考PG/AG/PacGen既有慣例)
GUI97	ALT-E, Embark - Disembark	ALT-E,登船-下船	自譯(UI/選單/國名/軍語,參考PG/AG/PacGen既有慣例)
GUI97	ALT-S, Supply	ALT-S,補給	自譯(UI/選單/國名/軍語,參考PG/AG/PacGen既有慣例)
GUI97	ALT-R, Replacements	ALT-R,補充兵	自譯(UI/選單/國名/軍語,參考PG/AG/PacGen既有慣例)
GUI97	List Of Hot Keys	快速鍵清單	自譯(UI/選單/國名/軍語,參考PG/AG/PacGen既有慣例)
GUI97	Status Report	狀態報告	自譯(UI/選單/國名/軍語,參考PG/AG/PacGen既有慣例)
GUI97	Reinforcements have arrived	增援已抵達	自譯(UI/選單/國名/軍語,參考PG/AG/PacGen既有慣例)
GUI97	Do You Want Air Transport?	是否需要空運?	自譯(UI/選單/國名/軍語,參考PG/AG/PacGen既有慣例)
GUI97	Replay Email Opponent's Turn	重播電子郵件對手回合	自譯(UI/選單/國名/軍語,參考PG/AG/PacGen既有慣例)
GUI97	Play	播放	自譯(UI/選單/國名/軍語,參考PG/AG/PacGen既有慣例)
GUI97	Stop	停止	自譯(UI/選單/國名/軍語,參考PG/AG/PacGen既有慣例)
GUI97	Fast Forward	快轉	自譯(UI/選單/國名/軍語,參考PG/AG/PacGen既有慣例)
GUI97	Rewind	倒轉	自譯(UI/選單/國名/軍語,參考PG/AG/PacGen既有慣例)
GUI97	Are you sure you wish to remove this unit?	確定要移除此單位嗎?	自譯(UI/選單/國名/軍語,參考PG/AG/PacGen既有慣例)
GUI97	Rename Unit	重新命名單位	自譯(UI/選單/國名/軍語,參考PG/AG/PacGen既有慣例)
GUI97	Battle Honors	戰功勳表	自譯(UI/選單/國名/軍語,參考PG/AG/PacGen既有慣例)
GUI97	Air Transport Available:	可用空運:	自譯(UI/選單/國名/軍語,參考PG/AG/PacGen既有慣例)
GUI97	Sea Transport Available:	可用海運:	自譯(UI/選單/國名/軍語,參考PG/AG/PacGen既有慣例)
GUI97	Enter a Game Description	輸入遊戲描述	自譯(UI/選單/國名/軍語,參考PG/AG/PacGen既有慣例)
GUI97	Surprised!	遭遇奇襲!	自譯(UI/選單/國名/軍語,參考PG/AG/PacGen既有慣例)
GUI97	Out of the sun!	逆光偷襲!	自譯(UI/選單/國名/軍語,參考PG/AG/PacGen既有慣例)
GUI97	Surprise Contact!	遭遇突發接觸!	自譯(UI/選單/國名/軍語,參考PG/AG/PacGen既有慣例)
GUI97	Done	完成	自譯(UI/選單/國名/軍語,參考PG/AG/PacGen既有慣例)
GUI97	Music On-Off	音樂開關	自譯(UI/選單/國名/軍語,參考PG/AG/PacGen既有慣例)
GUI97	Sound Effects On-Off	音效開關	自譯(UI/選單/國名/軍語,參考PG/AG/PacGen既有慣例)
GUI97	in	於	自譯(UI/選單/國名/軍語,參考PG/AG/PacGen既有慣例)
GUI97	Incorrect Password	密碼錯誤	自譯(UI/選單/國名/軍語,參考PG/AG/PacGen既有慣例)
GUI97	Global Prestige	全域聲望	自譯(UI/選單/國名/軍語,參考PG/AG/PacGen既有慣例)
GUI97	Quit	離開	自譯(UI/選單/國名/軍語,參考PG/AG/PacGen既有慣例)
GUI97	SHIFT-E, End Turn	SHIFT-E,結束回合	自譯(UI/選單/國名/軍語,參考PG/AG/PacGen既有慣例)
GUI97	AUTOSAVE SCENARIO	自動儲存劇本	自譯(UI/選單/國名/軍語,參考PG/AG/PacGen既有慣例)
GUI97	AUTOSAVE CAMPAIGN	自動儲存戰役	自譯(UI/選單/國名/軍語,參考PG/AG/PacGen既有慣例)
GUI97	Change Commands	變更指令	自譯(UI/選單/國名/軍語,參考PG/AG/PacGen既有慣例)
GUI97	Requisition	徵用	自譯(UI/選單/國名/軍語,參考PG/AG/PacGen既有慣例)
GUI97	Upgrade	升級	自譯(UI/選單/國名/軍語,參考PG/AG/PacGen既有慣例)
GUI97	Last Turn	上一回合	自譯(UI/選單/國名/軍語,參考PG/AG/PacGen既有慣例)
GUI97	Failed To Open Session	開啟工作階段失敗	自譯(UI/選單/國名/軍語,參考PG/AG/PacGen既有慣例)
GUI97	1.02	1.02	自譯(UI/選單/國名/軍語,參考PG/AG/PacGen既有慣例)
GUI97	Scenario Builder	劇本建立器	自譯(UI/選單/國名/軍語,參考PG/AG/PacGen既有慣例)
MISC	CLEAR	平地	自譯(地形/戰鬥標籤,對齊三部曲既有慣例)
MISC	CITY	城市	自譯(地形/戰鬥標籤,對齊三部曲既有慣例)
MISC	AIRFIELD	機場	自譯(地形/戰鬥標籤,對齊三部曲既有慣例)
MISC	FOREST	森林	自譯(地形/戰鬥標籤,對齊三部曲既有慣例)
MISC	BOCAGE	灌木籬叢	自譯(地形/戰鬥標籤,對齊三部曲既有慣例)
MISC	HILL	丘陵	自譯(地形/戰鬥標籤,對齊三部曲既有慣例)
MISC	MOUNTAIN	山地	自譯(地形/戰鬥標籤,對齊三部曲既有慣例)
MISC	SAND	沙地	自譯(地形/戰鬥標籤,對齊三部曲既有慣例)
MISC	SWAMP	沼澤	自譯(地形/戰鬥標籤,對齊三部曲既有慣例)
MISC	OCEAN	海洋	自譯(地形/戰鬥標籤,對齊三部曲既有慣例)
MISC	RIVER	河流	自譯(地形/戰鬥標籤,對齊三部曲既有慣例)
MISC	FORTIFICATION	工事	自譯(地形/戰鬥標籤,對齊三部曲既有慣例)
MISC	PORT	港口	自譯(地形/戰鬥標籤,對齊三部曲既有慣例)
MISC	STREAM	溪流	自譯(地形/戰鬥標籤,對齊三部曲既有慣例)
MISC	ESCARPMENT	峭壁	自譯(地形/戰鬥標籤,對齊三部曲既有慣例)
MISC	IMPASSABLE RIVER	不可通行河流	自譯(地形/戰鬥標籤,對齊三部曲既有慣例)
MISC	ROUGH	崎嶇地	自譯(地形/戰鬥標籤,對齊三部曲既有慣例)
MISC	Close Assault	近距強襲	自譯(地形/戰鬥標籤,對齊三部曲既有慣例)
MISC	Assault	強襲	自譯(地形/戰鬥標籤,對齊三部曲既有慣例)
MISC	Experience:	經驗值:	自譯(地形/戰鬥標籤,對齊三部曲既有慣例)
MISC	Ammo:	彈藥:	自譯(地形/戰鬥標籤,對齊三部曲既有慣例)
MISC	Fuel:	燃料:	自譯(地形/戰鬥標籤,對齊三部曲既有慣例)
MISC	Expected Losses:	預估損失:	自譯(地形/戰鬥標籤,對齊三部曲既有慣例)
MISC	Attk:	攻擊:	自譯(地形/戰鬥標籤,對齊三部曲既有慣例)
MISC	Dfnd:	防禦:	自譯(地形/戰鬥標籤,對齊三部曲既有慣例)
MISC	Ent:	壕溝:	自譯(地形/戰鬥標籤,對齊三部曲既有慣例)
MISC	Remove this Line:	移除此行:	自譯(地形/戰鬥標籤,對齊三部曲既有慣例)
EQUIP97	10.5 leFH 18	10.5 輕榴彈砲	equipment-allied-general.md;已將原文'炮'字統一訂正為'砲'(對齊equipment-crossgame-consistency.md用字統一原則)
EQUIP97	100mm	100mm榴彈砲	待查,依上下文推定
EQUIP97	105mm	105mm榴彈砲	待查,依上下文推定
EQUIP97	12.2cm	12.2cm加農砲	沿用慣例,對應12.2cm Gun
EQUIP97	149mm	149mm榴彈砲	待查,義大利149mm榴彈砲
EQUIP97	15 NbWf41	15cm 41年式煙霧發射器	自譯,Nebelwerfer 41火箭砲
EQUIP97	15 sFH 18	15 重榴彈砲	equipment-allied-general.md
EQUIP97	15.2cm	15.2cm加農砲	沿用慣例,對應15.2cm Gun
EQUIP97	150mm	150mm榴彈砲	待查,依上下文推定
EQUIP97	155mm	155mm榴彈砲	待查,依上下文推定
EQUIP97	17 K18	17 加農砲	equipment-allied-general.md
EQUIP97	17 Pdr	17磅反戰車砲	沿用慣例,對應17 Pdr ATG
EQUIP97	2 Pdr	2磅反戰車砲	沿用慣例
EQUIP97	20mm	20mm高射砲	待查,依常見20mm AA推定
EQUIP97	20mm (Q) FlaK	20mm四聯裝高射砲	自譯,Q=Quad四聯裝
EQUIP97	20mm FlaK	20mm高射砲	沿用慣例
EQUIP97	25 Pdr	25磅榴彈砲	沿用慣例,對應25 Pdr Gun
EQUIP97	250/1	250/1半履帶運兵車	沿用慣例,對應SPW 250/1
EQUIP97	251/1	251/1半履帶運兵車	沿用慣例,對應SPW 251/1
EQUIP97	25mm	25mm反戰車砲	待查,依常見25mm ATG推定
EQUIP97	3 inch	3吋高射砲	待查,依上下文推定
EQUIP97	3.7 FlaK	37mm高射砲	沿用慣例,對應3.7 FlaK 36
EQUIP97	3.7 inch	3.7吋高射砲	自譯,QF 3.7吋高射砲
EQUIP97	3.7cm  PaK	37mm反戰車砲	自譯,原文雙空格
EQUIP97	3.7cm PaK	37mm反戰車砲	自譯
EQUIP97	37mm	37mm反戰車砲	待查,依常見37mm ATG推定
EQUIP97	37mm FlaK	37mm高射砲	沿用慣例
EQUIP97	37mm FlaK/IV	37mm高射砲(IV型)	自譯
EQUIP97	40mm	40mm高射砲	待查,依40mm波佛斯高射砲推定
EQUIP97	45mm	45mm反戰車砲	待查,蘇聯45mm標準ATG
EQUIP97	47mm	47mm反戰車砲	待查,同上,依常見47mm ATG推定
EQUIP97	5.5 inch	5.5吋榴彈砲	沿用慣例,對應5.5" Gun
EQUIP97	57mm	57mm反戰車砲	待查,依常見57mm(6磅)ATG推定
EQUIP97	5cm PaK	50mm反戰車砲	沿用慣例,對應5 PaK38
EQUIP97	6 Pdr	6磅反戰車砲	沿用慣例
EQUIP97	65mm	65mm山砲	待查,義大利65/17山砲
EQUIP97	7.2 inch	7.2吋榴彈砲	沿用慣例,對應7.2" Gun
EQUIP97	7.5 leFk 16nA	7.5 步兵砲	equipment-allied-general.md
EQUIP97	7.5cm  PaK	75mm反戰車砲	沿用慣例,原文雙空格
EQUIP97	7.5cm PaK	75mm反戰車砲	沿用慣例,對應7.5 PaK40
EQUIP97	7.62cm	7.62cm反戰車砲	自譯,德軍改裝蘇造F-22(PaK 36(r))
EQUIP97	7.6cm	7.6cm高射砲	沿用慣例,對應ST 7.6cm AD
EQUIP97	75mm	75mm榴彈砲	待查,純數字口徑無法確定確切砲種,依上下文推定
EQUIP97	76.2mm	76.2mm加農砲	待查,蘇聯師屬加農砲
EQUIP97	76mm	76mm加農砲	待查,依上下文推定
EQUIP97	7TP	7TP 輕戰車	glossary_equip.tsv
EQUIP97	8 inch	8吋榴彈砲	自譯,美軍8吋榴彈砲
EQUIP97	8.8cm	88mm加農砲	待查,依上下文推定
EQUIP97	8.8cm PaK	88mm反戰車砲	自譯,8.8cm PaK 43
EQUIP97	88mm FlaK	88mm高射砲	沿用慣例
EQUIP97	88mm FlaK 41	88mm FlaK 41高射砲	自譯
EQUIP97	90mm	90mm高射砲	待查,依常見90mm AA推定
EQUIP97	A-20	A-20浩劫式	沿用慣例,對應A-20 Havoc
EQUIP97	A-26B	A-26B入侵者式	沿用慣例,對應A-26 Invader
EQUIP97	AB-41	AB-41 偵察車	glossary_equip.tsv
EQUIP97	AEC I	AEC I 裝甲車	glossary_equip.tsv
EQUIP97	AEC II	AEC II 裝甲車	glossary_equip.tsv
EQUIP97	AEC III	AEC III 裝甲車	glossary_equip.tsv
EQUIP97	Achilles	阿基里斯式驅逐戰車	自譯,M10 Achilles(17磅砲型),與同名巡洋艦區分
EQUIP97	Alpini	阿爾卑斯山地兵	自譯,義大利山地部隊
EQUIP97	Aquila Class	阿奎拉級航空母艦	自譯
EQUIP97	Australian	澳洲步兵	自譯
EQUIP97	Avia B.534	Avia B.534戰鬥機	自譯,捷克雙翼機(義軍/仆從國使用)
EQUIP97	B-25D	B-25D米切爾	沿用慣例,對應B-25B/H Mitchell
EQUIP97	B-25H	B-25H米切爾	沿用慣例
EQUIP97	B-25J	B-25J米切爾	沿用慣例
EQUIP97	B-26B	B-26B掠奪者	沿用慣例,對應B-26C Marauder
EQUIP97	B-26C	B-26C掠奪者	沿用慣例
EQUIP97	B-26G	B-26G掠奪者	沿用慣例
EQUIP97	B1-bis	B1-bis 重戰車	glossary_equip.tsv
EQUIP97	BA-10	BA-10 輕裝甲車	glossary_equip.tsv
EQUIP97	BA-6	BA-6裝甲車	自譯
EQUIP97	BA-64	BA-64 輕裝甲車	glossary_equip.tsv
EQUIP97	BA.65	BA.65攻擊機	沿用慣例,對應BA65
EQUIP97	BT-5	BT-5 快速戰車	glossary_equip.tsv
EQUIP97	BT-7	BT-7 快速戰車	glossary_equip.tsv
EQUIP97	Baltimore Class	巴爾的摩級重巡洋艦	沿用慣例,對應Baltimore
EQUIP97	Beaufighter	英俊戰士式	glossary_equip.tsv
EQUIP97	Bersagliere	神槍手	沿用慣例,對應IT Bersglri(義神槍手步兵團)
EQUIP97	Bf-109b	Bf-109b戰機	沿用慣例
EQUIP97	Bishop	主教式自走砲	自譯,與Sexton(司事式)同神職命名系列
EQUIP97	Bismarck Class	俾斯麥級戰列艦	沿用慣例,對應Bismarck
EQUIP97	Bren Carrier	布倫運輸車	沿用慣例,對應Bren Ca
EQUIP97	Bridging	造橋工兵	沿用慣例,對應Bridge Eng
EQUIP97	Brigade	步兵旅	自譯,西班牙國際縱隊語境
EQUIP97	Brooklyn Class	布魯克林級輕巡洋艦	沿用慣例,對應Brooklyn
EQUIP97	C-47	C-47 運輸機	glossary_equip.tsv
EQUIP97	CA.311	CA.311偵察機	自譯,Caproni Ca.311
EQUIP97	Canadian	加拿大步兵	自譯
EQUIP97	Cavalry	騎兵	沿用慣例
EQUIP97	Centurion	百夫長式戰車	自譯
EQUIP97	Challenger	挑戰者式驅逐戰車	自譯,A30 Challenger
EQUIP97	Chasseurs	獵兵	自譯,法軍輕步兵
EQUIP97	Churchill III	邱吉爾III式戰車	自譯
EQUIP97	Churchill IV	邱吉爾IV式戰車	自譯
EQUIP97	Coelion	Coelion	待查,不確定對應史實裝備,保留原文
EQUIP97	Comet	Comet 彗星	glossary_equip.tsv
EQUIP97	Commando	突擊隊	自譯
EQUIP97	Condottieri Class	康多提耶里級輕巡洋艦	沿用慣例,對應Condottieri
EQUIP97	Conscript	徵召兵	自譯,蘇軍兵種類別(較Regular次一級)
EQUIP97	County Class	郡級重巡洋艦	自譯
EQUIP97	Cromwell IV	克倫威爾IV式戰車	自譯
EQUIP97	Cromwell VII	克倫威爾VII式戰車	自譯
EQUIP97	Cruiser A13	A13巡航戰車	自譯
EQUIP97	Crusader I	十字軍I式戰車	自譯
EQUIP97	Crusader II	十字軍II式戰車	自譯
EQUIP97	Crusader III	十字軍III式戰車	自譯
EQUIP97	D.520	D.520戰鬥機	自譯,對應D520S
EQUIP97	Daimler	戴姆勒裝甲車	沿用慣例,對應Daimler SC
EQUIP97	Daimler SC	Daimler SC 戴姆勒裝甲車	glossary_equip.tsv
EQUIP97	Do-335	天箭Do-335	沿用慣例,對應DO335
EQUIP97	Dunkerque Class	敦克爾克級戰列艦	自譯,法國戰列艦級別
EQUIP97	Elefant	象式	沿用慣例,對應JPz Elefant
EQUIP97	Engineer	工兵	沿用慣例
EQUIP97	Essex Class	艾塞克斯級航空母艦	沿用慣例,對應Essex
EQUIP97	F-2A	F-2A水牛	沿用慣例,對應F2A Buffalo
EQUIP97	FW-190F	百舌鳥FW-190F	沿用慣例
EQUIP97	FW-190a	百舌鳥FW-190a	沿用慣例
EQUIP97	FW-190d	百舌鳥FW-190d	沿用慣例
EQUIP97	FW-190f	百舌鳥FW-190f	沿用慣例
EQUIP97	FW-190g	百舌鳥FW-190g	沿用慣例
EQUIP97	Fallschirm	傘兵	自譯,對應LuftW FJ
EQUIP97	Firefly	螢火蟲式戰車	自譯,Sherman Firefly
EQUIP97	FlaKPz 38(t)	防空戰車38(t)	equipment-allied-general.md
EQUIP97	Fletcher Class	弗萊契級驅逐艦	自譯
EQUIP97	Fokker DXXI	福克D.XXI戰鬥機	自譯,對應F-DXX1
EQUIP97	Fortification	堡壘	自譯,與Strongpoint(據點)/Fort(碉堡)並列需三個不同詞
EQUIP97	G.55	G.55戰鬥機	自譯,Fiat G.55
EQUIP97	Garrison	守備隊	自譯
EQUIP97	Ghurka	廓爾喀兵	沿用慣例,對應Gurkhas
EQUIP97	Grant	M3 格蘭特	glossary_equip.tsv
EQUIP97	Guard Cavalry	近衛騎兵	沿用慣例
EQUIP97	Guards	近衛軍	沿用慣例
EQUIP97	H35	H35輕戰車	自譯,Hotchkiss H35
EQUIP97	H39	H39輕戰車	自譯,Hotchkiss H39
EQUIP97	HS-129	Hs-129攻擊機	自譯
EQUIP97	He-162	沙羅曼蛇He-162	沿用慣例
EQUIP97	Hetzer	追獵者	crossgame統一名
EQUIP97	Hipper Class	希佩爾級重巡洋艦	沿用慣例,對應Hipper
EQUIP97	Home Guard	國民警衛隊	自譯
EQUIP97	Humber II	亨伯II式裝甲車	沿用慣例,對應Humber SC
EQUIP97	Humber IV	亨伯IV式裝甲車	沿用慣例
EQUIP97	Hummel	大黃蜂	crossgame統一名
EQUIP97	Hurricane	颶風式戰鬥機	沿用慣例,對應Hur I
EQUIP97	Hurricane II	颶風式II	自譯
EQUIP97	Hurricane IV	颶風式IV	自譯
EQUIP97	I-16	波利卡爾波夫 I-16	glossary_equip.tsv
EQUIP97	IAR 80	IAR 80戰鬥機	自譯,羅馬尼亞自製戰鬥機
EQUIP97	IAR 81	IAR 81戰鬥機	自譯
EQUIP97	IS-2	IS-2 史達林	glossary_equip.tsv
EQUIP97	IS-3	IS-3史達林	沿用慣例,對應IS-2
EQUIP97	ISU-122	ISU-122 突擊砲	glossary_equip.tsv
EQUIP97	ISU-152	ISU-152 自走砲	glossary_equip.tsv
EQUIP97	Il-10	伊留申Il-10	沿用慣例
EQUIP97	Il-2	伊留申 Il-2	glossary_equip.tsv
EQUIP97	Il-2M3	伊留申Il-2M3	沿用慣例
EQUIP97	Illustrious Class	光輝級航空母艦	自譯
EQUIP97	Indian	印度步兵	自譯
EQUIP97	Iowa Class	愛荷華級戰列艦	沿用慣例,對應Iowa
EQUIP97	Jaeger	獵兵	自譯,德軍輕步兵,與Chasseurs同義異文
EQUIP97	JagdTiger	獵虎	crossgame統一名
EQUIP97	JgdPanther	獵豹	沿用慣例,對應JagdPanther
EQUIP97	JgdPz IV	四號驅逐戰車	沿用慣例,對應JagdPz IV/48
EQUIP97	JgdPz IV/70	四號驅逐戰車70	沿用慣例
EQUIP97	Ju-52	鋼鐵安妮Ju-52	沿用慣例,對應Ju52g5e
EQUIP97	Ju-87	斯圖卡Ju-87	沿用慣例
EQUIP97	Ju-87B	斯圖卡Ju-87B	沿用慣例
EQUIP97	Ju-87D	斯圖卡Ju-87D	沿用慣例
EQUIP97	Ju-87G	斯圖卡Ju-87G	沿用慣例
EQUIP97	K-13	K-13火砲	待查,型號來源不確定
EQUIP97	K-31	K-31火砲	待查,型號來源不確定
EQUIP97	KV-1/39	KV-1/39 重戰車	glossary_equip.tsv
EQUIP97	KV-1/41	KV-1/41 重戰車	glossary_equip.tsv
EQUIP97	KV-1/42	KV-1/42 重戰車	glossary_equip.tsv
EQUIP97	KV-2	KV-2 重戰車	glossary_equip.tsv
EQUIP97	KV-85	KV-85重戰車	沿用慣例
EQUIP97	King George V Class	喬治五世級戰列艦	沿用慣例,對應King George V
EQUIP97	King Tiger	虎王	沿用慣例,對應Tiger II
EQUIP97	Kirov Class	基洛夫級巡洋艦	沿用慣例,對應Kirov
EQUIP97	L6/40	L6/40 輕戰車	glossary_equip.tsv
EQUIP97	LTM 35	LTM 35輕戰車	自譯,捷克LT vz.35外銷型
EQUIP97	La Galissoniere Class	拉加利索尼埃級輕巡洋艦	自譯
EQUIP97	La-5	拉格La-5	沿用慣例,對應La-3/La-7
EQUIP97	La-7	La-7 拉格戰鬥機	glossary_equip.tsv
EQUIP97	La-9	拉格La-9	沿用慣例
EQUIP97	LaGG-3	LaGG-3戰鬥機	自譯
EQUIP97	Le Fantasque Class	幻想級驅逐艦	自譯
EQUIP97	Leander Class	利安德級輕巡洋艦	沿用慣例,對應Leander
EQUIP97	Legionnaire	外籍兵團	自譯,西班牙外籍兵團
EQUIP97	Leningrad Class	列寧格勒級驅逐艦	沿用慣例,對應Leningrad
EQUIP97	Littorio Class	利托里奧級戰列艦	沿用慣例,對應Littorio
EQUIP97	M10	M10狼獾式驅逐戰車	沿用慣例
EQUIP97	M12	M12自走砲	沿用慣例,對應M12 GMC
EQUIP97	M13/40	M13/40 戰車	glossary_equip.tsv
EQUIP97	M14/41	M14/41 戰車	glossary_equip.tsv
EQUIP97	M15/42	M15/42 戰車	glossary_equip.tsv
EQUIP97	M15A1	M15A1 防空高射車	glossary_equip.tsv
EQUIP97	M16	M16 防空高砲車	glossary_equip.tsv
EQUIP97	M16 MGMC	M16 MGMC防空砲車	沿用慣例,對應M16
EQUIP97	M18	M18地獄貓式驅逐戰車	沿用慣例,對應M18 Hellcat
EQUIP97	M20	M20通用裝甲車	沿用慣例
EQUIP97	M24	M24霞飛式輕戰車	沿用慣例,對應M24 Chaffee
EQUIP97	M26	M26潘興式戰車	沿用慣例,對應M26 Pershing
EQUIP97	M29	M29履帶運輸車	自譯,Weasel
EQUIP97	M2A4	M2A4 輕戰車	glossary_equip.tsv
EQUIP97	M3	M3半履帶車	待查,原文無法確定Stuart戰車或半履帶車
EQUIP97	M36	M36傑克遜式驅逐戰車	沿用慣例,對應M36 Jackson
EQUIP97	M3A1	M3A1偵察車	待查,White M3A1 Scout Car
EQUIP97	M4A1	M4A1雪曼	沿用慣例
EQUIP97	M4A1/76	M4A1/76雪曼	沿用慣例
EQUIP97	M4A3	M4A3雪曼	沿用慣例
EQUIP97	M4A3/105	M4A3/105雪曼	沿用慣例,對應M4A3 (105)
EQUIP97	M4A3E2	M4A3E2雪曼(巨無霸)	沿用慣例,對應M4A3E2 Jumbo
EQUIP97	M4A3E8/76	M4A3E8/76雪曼	沿用慣例,對應M4A3E8 Sherman
EQUIP97	M5A1	M5A1甜心	沿用慣例,對應M5A1 with E7-7
EQUIP97	M7	M7 自走砲	glossary_equip.tsv
EQUIP97	M8	M8灰狗式裝甲車	自譯,多處重複出現,取常見者
EQUIP97	MC.200	MC.200戰鬥機	自譯,Macchi C.200
EQUIP97	MC.202	MC.202戰鬥機	自譯,Macchi C.202
EQUIP97	MC.205	MC.205戰鬥機	自譯,Macchi C.205
EQUIP97	MCG-5	MCG-5	待查,型號不確定,保留原文
EQUIP97	MK VI	Mk VI輕戰車	自譯,Vickers Mk VI
EQUIP97	MS-406	MS-406戰鬥機	自譯,對應MS 406
EQUIP97	Maass Class	馬斯級驅逐艦	自譯
EQUIP97	Marder III	貂式III	沿用慣例,對應Marder IIIH/IIIM
EQUIP97	Maresal	元帥式驅逐戰車	自譯,羅馬尼亞Maresal驅逐戰車
EQUIP97	Marine	陸戰隊	自譯
EQUIP97	Matilda II	瑪蒂達II	glossary_equip.tsv
EQUIP97	Maus	鼠式超重戰車	自譯,史實原型車
EQUIP97	Me-109e	Me-109e戰機	沿用慣例,對應BF109e
EQUIP97	Me-109f	Me-109f戰機	沿用慣例
EQUIP97	Me-109g	Me-109g戰機	沿用慣例
EQUIP97	Me-109k	Me-109k戰機	沿用慣例
EQUIP97	Me-110c	Me-110c重戰機	沿用慣例,對應BF110c
EQUIP97	Me-110e	Me-110e重戰機	沿用慣例
EQUIP97	Me-163	彗星Me-163	自譯訂正:舊譯「流星」與日機B7A/D4Y撞名,改用Komet原意「彗星」(見05-中文化依據.md待辦)
EQUIP97	Me-262	Me-262噴射戰鬥機	自譯訂正:避免沿用舊「飛燕」與Ki-61撞名,改用機型特徵描述
EQUIP97	MiG-1	MiG-1米格戰鬥機	沿用慣例,對應MiG-3
EQUIP97	MiG-3	MiG-3 米格戰鬥機	glossary_equip.tsv
EQUIP97	Militia	民兵	沿用慣例
EQUIP97	Mosquito VI	蚊式VI	沿用慣例,對應Mosq VI
EQUIP97	Mountain	山地步兵	自譯
EQUIP97	Nashorn	犀牛	crossgame統一名
EQUIP97	National	國民兵	自譯,美軍National Guard
EQUIP97	Naval Brigade	海軍陸戰旅	自譯,蘇聯海軍步兵旅
EQUIP97	New Zealand	紐西蘭步兵	自譯
EQUIP97	Nurnberg Class	紐倫堡級輕巡洋艦	自譯
EQUIP97	Ostwind	東風式	沿用慣例,對應Ostwind I
EQUIP97	P-38E	P-38E閃電	沿用慣例,對應P-38 Lightning
EQUIP97	P-38F	P-38F閃電	沿用慣例
EQUIP97	P-38J	P-38J閃電	沿用慣例,對應P-38J Lightning
EQUIP97	P-38L	P-38L閃電	沿用慣例
EQUIP97	P-39D	P-39D空中眼鏡蛇	沿用慣例,對應P39 Airacobra
EQUIP97	P-40F	P-40F戰鷹	沿用慣例,對應P-40 Warhawk
EQUIP97	P-47C	P-47C雷霆	沿用慣例,對應P-47B Thunderbolt
EQUIP97	P-47D	P-47D雷霆	沿用慣例,對應P-47D Thunderbolt
EQUIP97	P-47N	P-47N雷霆	沿用慣例,對應P-47N Thunderbolt
EQUIP97	P-51B	P-51B野馬	沿用慣例,對應P-51H Mustang
EQUIP97	P-51D	P-51D野馬	沿用慣例
EQUIP97	P-51H	P-51H野馬	沿用慣例
EQUIP97	P-80	P-80流星式噴射戰鬥機	自譯,Shooting Star
EQUIP97	P.23B	PZL P.23B輕轟炸機	沿用慣例,對應PZL P23b
EQUIP97	P.24	PZL P.24戰鬥機	沿用慣例,對應PZL P24
EQUIP97	P26/40	P26/40戰車	自譯,義大利P26/40重戰車
EQUIP97	PSW 222	PSW 222 輕偵察車	glossary_equip.tsv
EQUIP97	PSW 231	PSW 231重偵察車	沿用慣例,對應PSW 231/6r
EQUIP97	PSW 233	PSW 233重裝甲車	沿用慣例,對應PSW 234系列
EQUIP97	PSW 234/1	PSW 234/1重裝甲車	沿用慣例
EQUIP97	PSW 234/2	PSW 234/2重裝甲車	沿用慣例
EQUIP97	PSW 234/3	PSW 234/3重裝甲車	沿用慣例
EQUIP97	PSW 234/4	PSW 234/4重裝甲車	沿用慣例
EQUIP97	Panhard 178	Panhard 178裝甲車	自譯,法製裝甲車
EQUIP97	Panther A	豹式A	crossgame統一名
EQUIP97	Panther D	豹式D	crossgame統一名
EQUIP97	Panther G	豹式G	crossgame統一名
EQUIP97	Panther IIF	豹式IIF	沿用慣例
EQUIP97	Paratrooper	傘兵	沿用慣例
EQUIP97	Pioniere	突擊工兵	沿用慣例,對應Pioniere Inf
EQUIP97	Pz 35(t)	輕戰車35	equipment-allied-general.md
EQUIP97	Pz 38(t)A	輕戰車38A	equipment-allied-general.md
EQUIP97	Pz 38(t)F	輕戰車38F	equipment-allied-general.md
EQUIP97	Pz 633	Pz 633	待查,型號不確定,保留原文
EQUIP97	Pz IA	一號戰車A	equipment-allied-general.md
EQUIP97	Pz IB	一號戰車B	equipment-allied-general.md
EQUIP97	Pz IIA	二號戰車A	equipment-allied-general.md
EQUIP97	Pz IID	二號戰車D	equipment-allied-general.md
EQUIP97	Pz IIF	二號戰車F	equipment-allied-general.md
EQUIP97	Pz IIIE	三號戰車E	equipment-allied-general.md
EQUIP97	Pz IIIG	三號戰車G	equipment-allied-general.md
EQUIP97	Pz IIIH	三號戰車H	equipment-allied-general.md
EQUIP97	Pz IIIJ	三號戰車J	equipment-allied-general.md
EQUIP97	Pz IIIL	三號戰車L	沿用慣例
EQUIP97	Pz IIIN	三號戰車N	equipment-allied-general.md
EQUIP97	Pz IVC	四號戰車C	沿用慣例
EQUIP97	Pz IVD	四號戰車D	equipment-allied-general.md
EQUIP97	Pz IVF2	四號戰車F2	equipment-allied-general.md
EQUIP97	Pz IVG	四號戰車G	equipment-allied-general.md
EQUIP97	Pz IVH	四號戰車H	equipment-allied-general.md
EQUIP97	Pz IVJ	四號戰車J	equipment-allied-general.md
EQUIP97	PzJgd I	一號驅逐戰車	沿用慣例,對應PzJager IB
EQUIP97	R2	R-2戰車	自譯,羅馬尼亞R-2(捷克LT-35外銷型)
EQUIP97	R35	R35輕戰車	自譯,Renault R35
EQUIP97	R40	R40輕戰車	自譯,Renault R40
EQUIP97	Ranger	遊騎兵	沿用慣例
EQUIP97	Rata	I-16戰鬥機(綽號老鼠)	自譯,西班牙內戰對I-16的暱稱
EQUIP97	Re.2000	Re.2000戰鬥機	沿用慣例,對應Re2000/F1
EQUIP97	Re.2005	Re.2005戰鬥機	沿用慣例,對應Re2005/S
EQUIP97	Regular	正規步兵	自譯,通用兵種類別
EQUIP97	Renown Class	聲望級戰鬥巡洋艦	自譯
EQUIP97	Richelieu Class	黎希留級戰列艦	自譯
EQUIP97	Royal Marine	皇家陸戰隊	自譯
EQUIP97	S-47	S-47自走砲	自譯,義大利Semovente 47/32
EQUIP97	S-75	S-75自走砲	自譯,義大利Semovente 75/18
EQUIP97	S-90	S-90自走砲	自譯,義大利Semovente 90/53
EQUIP97	S35	S35 戰車	glossary_equip.tsv
EQUIP97	SU-100	SU-100 驅逐戰車	glossary_equip.tsv
EQUIP97	SU-122	SU-122自走砲	沿用慣例
EQUIP97	SU-152	SU-152 自走砲	glossary_equip.tsv
EQUIP97	SU-76	SU-76自走砲	沿用慣例,對應SU-85
EQUIP97	SU-85	SU-85 突擊砲	glossary_equip.tsv
EQUIP97	Scharnhorst Class	沙恩霍斯特級戰列艦	沿用慣例,對應Scharnhorst
EQUIP97	Scout Car	偵察車	自譯,通用型
EQUIP97	SdKfz 10/4	20mm防空砲38	equipment-allied-general.md;已將原文'炮'字統一訂正為'砲'(對齊equipment-crossgame-consistency.md用字統一原則)
EQUIP97	SdKfz 6/2	37mm防空砲	equipment-allied-general.md;已將原文'炮'字統一訂正為'砲'(對齊equipment-crossgame-consistency.md用字統一原則)
EQUIP97	SdKfz 7/1	20mm防空砲	equipment-allied-general.md;已將原文'炮'字統一訂正為'砲'(對齊equipment-crossgame-consistency.md用字統一原則)
EQUIP97	Sea Transport	海運船	自譯,與Transport(運輸船)/Air Transport(空運機)區分
EQUIP97	Sexton	司事式自走砲	glossary_equip.tsv
EQUIP97	Sherman III	雪曼III式戰車	自譯
EQUIP97	Sissi	別動隊	自譯,芬蘭語sissi=游擊/別動隊,冬季戰爭情境
EQUIP97	Ski	滑雪部隊	自譯
EQUIP97	Skoda	斯柯達裝備	待查,上下文不足以判斷確切型號
EQUIP97	Soldati Class	士兵級驅逐艦	沿用慣例,對應Soldati
EQUIP97	Sovetskiy Soyuz Class	蘇維埃聯盟級戰列艦	自譯
EQUIP97	Spitfire I	噴火式I	沿用慣例,對應Spit I
EQUIP97	Spitfire IX	噴火式 IX	glossary_equip.tsv
EQUIP97	Spitfire V	噴火式V	沿用慣例
EQUIP97	Spitfire XII	噴火式XII	沿用慣例
EQUIP97	Spitfire XIV	噴火式XIV	沿用慣例
EQUIP97	Staghound I	牡鹿式裝甲車	自譯
EQUIP97	Storozhevoi Class	警戒級驅逐艦	自譯,Storozhevoi(警戒)級
EQUIP97	Stosstruppen	突擊兵	自譯
EQUIP97	Strongpoint	據點	crossgame統一名
EQUIP97	StuG IIIB	三號自走砲b	equipment-allied-general.md
EQUIP97	StuG IIIF	三號突擊砲F	equipment-allied-general.md
EQUIP97	StuG IIIG	三號突擊砲G	equipment-allied-general.md
EQUIP97	StuH 42	突擊榴彈砲42	equipment-allied-general.md
EQUIP97	Stuart I	司徒I式戰車	自譯,採M3 Stuart既有「司徒」譯名
EQUIP97	Stuart III	司徒III式戰車	自譯
EQUIP97	Suffren Class	絮夫倫級重巡洋艦	自譯
EQUIP97	T-26	T-26 輕戰車	glossary_equip.tsv
EQUIP97	T-26S	T-26S輕戰車	自譯
EQUIP97	T-34/40	T-34/40戰車	沿用慣例
EQUIP97	T-34/41	T-34/41 戰車	glossary_equip.tsv
EQUIP97	T-34/43	T-34/43 戰車	glossary_equip.tsv
EQUIP97	T-34/85	T-34/85 戰車	glossary_equip.tsv
EQUIP97	T-43	T-43戰車	自譯
EQUIP97	T-60	T-60 輕戰車	glossary_equip.tsv
EQUIP97	T-70	T-70 輕戰車	glossary_equip.tsv
EQUIP97	T19	T19自走砲	自譯,105mm自走榴彈砲
EQUIP97	TKS	TKS超輕戰車	自譯,波蘭超輕戰車
EQUIP97	TNHP-S	TNHP-S輕戰車	自譯,捷克LT vz.38(38(t))原型
EQUIP97	Tatra	塔特拉卡車	自譯,捷克Tatra卡車
EQUIP97	Tempest	暴風式戰鬥機	自譯,與Typhoon(颱風式)區分
EQUIP97	Tiger	虎式	沿用慣例,對應Tiger I
EQUIP97	Tribal Class	部族級驅逐艦	自譯
EQUIP97	Truck	卡車	沿用慣例
EQUIP97	Turan-1	圖蘭I式戰車	自譯,匈牙利中戰車
EQUIP97	Turan-2	圖蘭II式戰車	自譯
EQUIP97	Typhoon	颱風式戰鬥機	沿用慣例,對應Typhoon IB
EQUIP97	Valentine V	范倫泰V式戰車	自譯
EQUIP97	Valentine XI	范倫泰XI式戰車	自譯
EQUIP97	Vickers	維克斯輕戰車	自譯
EQUIP97	Volkssturm	國民突擊隊	equipment-allied-general.md
EQUIP97	Wagon	馬車	自譯,與Truck區分(獸力 vs 機動)
EQUIP97	Wespe	黃蜂	crossgame統一名
EQUIP97	Wirbelwind	旋風	crossgame統一名
EQUIP97	Wolverine	狼獾式驅逐戰車	沿用慣例,對應M10 Wolverine
EQUIP97	Wurfrahmen	投射架火箭砲	自譯,Wurfrahmen 40
EQUIP97	Wz-34	wz.34裝甲車	自譯,波蘭裝甲車
EQUIP97	YaK-1	雅克 YaK-1	glossary_equip.tsv
EQUIP97	YaK-7	雅克YaK-7	沿用慣例
EQUIP97	YaK-9	雅克YaK-9	沿用慣例
EQUIP97	Yorktown Class	約克鎮級航空母艦	沿用慣例,對應Yorktown
EQUIP97	Zara Class	扎拉級重巡洋艦	沿用慣例,對應Zara
EQUIP97	Zeppelin Class	齊柏林級航空母艦	自譯
EQUIP97	sIG 38(t)M	蟋蟀式自走砲38式	equipment-allied-general.md;已將原文'炮'字統一訂正為'砲'(對齊equipment-crossgame-consistency.md用字統一原則)
EQUIP97	sIG IB	野牛式自走砲IB	equipment-allied-general.md;已將原文'炮'字統一訂正為'砲'(對齊equipment-crossgame-consistency.md用字統一原則)
EQUIP97	sIG II	野牛式自走砲II	equipment-allied-general.md;已將原文'炮'字統一訂正為'砲'(對齊equipment-crossgame-consistency.md用字統一原則)
NAMES	Ackenheil	阿肯海爾	沿用既有姓名庫(NAMES-姓名庫.tsv,行序對齊,音譯/史實已考證)
NAMES	Adler	阿德勒	沿用既有姓名庫(NAMES-姓名庫.tsv,行序對齊,音譯/史實已考證)
NAMES	Arndt	阿恩特	沿用既有姓名庫(NAMES-姓名庫.tsv,行序對齊,音譯/史實已考證)
NAMES	Auerbacher	奧爾巴赫	沿用既有姓名庫(NAMES-姓名庫.tsv,行序對齊,音譯/史實已考證)
NAMES	Bachmann	巴赫曼	沿用既有姓名庫(NAMES-姓名庫.tsv,行序對齊,音譯/史實已考證)
NAMES	Balck	巴爾克	沿用既有姓名庫(NAMES-姓名庫.tsv,行序對齊,音譯/史實已考證)
NAMES	Bauer	鮑爾	沿用既有姓名庫(NAMES-姓名庫.tsv,行序對齊,音譯/史實已考證)
NAMES	Blucher	布呂歇爾	沿用既有姓名庫(NAMES-姓名庫.tsv,行序對齊,音譯/史實已考證)
NAMES	Braun	布勞恩	沿用既有姓名庫(NAMES-姓名庫.tsv,行序對齊,音譯/史實已考證)
NAMES	Brecht	布萊希特	沿用既有姓名庫(NAMES-姓名庫.tsv,行序對齊,音譯/史實已考證)
NAMES	Brunner	布魯納	沿用既有姓名庫(NAMES-姓名庫.tsv,行序對齊,音譯/史實已考證)
NAMES	Buchmann	布赫曼	沿用既有姓名庫(NAMES-姓名庫.tsv,行序對齊,音譯/史實已考證)
NAMES	Campenhausen	坎彭豪森	沿用既有姓名庫(NAMES-姓名庫.tsv,行序對齊,音譯/史實已考證)
NAMES	Carlburg	卡爾堡	沿用既有姓名庫(NAMES-姓名庫.tsv,行序對齊,音譯/史實已考證)
NAMES	Christmann	克里斯特曼	沿用既有姓名庫(NAMES-姓名庫.tsv,行序對齊,音譯/史實已考證)
NAMES	Cramer	克拉默	沿用既有姓名庫(NAMES-姓名庫.tsv,行序對齊,音譯/史實已考證)
NAMES	Creutz	克羅伊茨	沿用既有姓名庫(NAMES-姓名庫.tsv,行序對齊,音譯/史實已考證)
NAMES	Dahrendorf	達倫多夫	沿用既有姓名庫(NAMES-姓名庫.tsv,行序對齊,音譯/史實已考證)
NAMES	Danneberg	丹納貝格	沿用既有姓名庫(NAMES-姓名庫.tsv,行序對齊,音譯/史實已考證)
NAMES	Daubler	多伊布勒	沿用既有姓名庫(NAMES-姓名庫.tsv,行序對齊,音譯/史實已考證)
NAMES	Decker	德克爾	沿用既有姓名庫(NAMES-姓名庫.tsv,行序對齊,音譯/史實已考證)
NAMES	Dietzel	迪策爾	沿用既有姓名庫(NAMES-姓名庫.tsv,行序對齊,音譯/史實已考證)
NAMES	Dorner	德爾納	沿用既有姓名庫(NAMES-姓名庫.tsv,行序對齊,音譯/史實已考證)
NAMES	Eberhardt	埃伯哈特	沿用既有姓名庫(NAMES-姓名庫.tsv,行序對齊,音譯/史實已考證)
NAMES	Eigermann	艾格曼	沿用既有姓名庫(NAMES-姓名庫.tsv,行序對齊,音譯/史實已考證)
NAMES	Entemann	恩特曼	沿用既有姓名庫(NAMES-姓名庫.tsv,行序對齊,音譯/史實已考證)
NAMES	Erdmann	埃德曼	沿用既有姓名庫(NAMES-姓名庫.tsv,行序對齊,音譯/史實已考證)
NAMES	Fassbender	法斯賓達	沿用既有姓名庫(NAMES-姓名庫.tsv,行序對齊,音譯/史實已考證)
NAMES	Feuermann	費爾曼	沿用既有姓名庫(NAMES-姓名庫.tsv,行序對齊,音譯/史實已考證)
NAMES	Fischer	費雪	沿用既有姓名庫(NAMES-姓名庫.tsv,行序對齊,音譯/史實已考證)
NAMES	Fleischmann	弗萊施曼	沿用既有姓名庫(NAMES-姓名庫.tsv,行序對齊,音譯/史實已考證)
NAMES	Frieling	弗里林	沿用既有姓名庫(NAMES-姓名庫.tsv,行序對齊,音譯/史實已考證)
NAMES	Gabel	加貝爾	沿用既有姓名庫(NAMES-姓名庫.tsv,行序對齊,音譯/史實已考證)
NAMES	Gehrmann	蓋爾曼	沿用既有姓名庫(NAMES-姓名庫.tsv,行序對齊,音譯/史實已考證)
NAMES	Geissler	蓋斯勒	沿用既有姓名庫(NAMES-姓名庫.tsv,行序對齊,音譯/史實已考證)
NAMES	Goetz	戈茨	沿用既有姓名庫(NAMES-姓名庫.tsv,行序對齊,音譯/史實已考證)
NAMES	Gruber	格魯伯	沿用既有姓名庫(NAMES-姓名庫.tsv,行序對齊,音譯/史實已考證)
NAMES	Gruener	格律納	沿用既有姓名庫(NAMES-姓名庫.tsv,行序對齊,音譯/史實已考證)
NAMES	Hauser	豪瑟	沿用既有姓名庫(NAMES-姓名庫.tsv,行序對齊,音譯/史實已考證)
NAMES	Hausmann	豪斯曼	沿用既有姓名庫(NAMES-姓名庫.tsv,行序對齊,音譯/史實已考證)
NAMES	Herrmann	赫爾曼	沿用既有姓名庫(NAMES-姓名庫.tsv,行序對齊,音譯/史實已考證)
NAMES	Hilger	希爾格	沿用既有姓名庫(NAMES-姓名庫.tsv,行序對齊,音譯/史實已考證)
NAMES	Inmann	因曼	沿用既有姓名庫(NAMES-姓名庫.tsv,行序對齊,音譯/史實已考證)
NAMES	Jaeger	耶格爾	沿用既有姓名庫(NAMES-姓名庫.tsv,行序對齊,音譯/史實已考證)
NAMES	Jungen	永根	沿用既有姓名庫(NAMES-姓名庫.tsv,行序對齊,音譯/史實已考證)
NAMES	Kampfer	坎普費爾	沿用既有姓名庫(NAMES-姓名庫.tsv,行序對齊,音譯/史實已考證)
NAMES	Kepplers	凱普勒斯	沿用既有姓名庫(NAMES-姓名庫.tsv,行序對齊,音譯/史實已考證)
NAMES	Koch	柯霍	沿用既有姓名庫(NAMES-姓名庫.tsv,行序對齊,音譯/史實已考證)
NAMES	Kroegel	克羅格爾	沿用既有姓名庫(NAMES-姓名庫.tsv,行序對齊,音譯/史實已考證)
NAMES	Krueger	克魯格	沿用既有姓名庫(NAMES-姓名庫.tsv,行序對齊,音譯/史實已考證)
NAMES	Kurtz	庫爾茲	沿用既有姓名庫(NAMES-姓名庫.tsv,行序對齊,音譯/史實已考證)
NAMES	Liebermann	利伯曼	沿用既有姓名庫(NAMES-姓名庫.tsv,行序對齊,音譯/史實已考證)
NAMES	Lindner	林德納	沿用既有姓名庫(NAMES-姓名庫.tsv,行序對齊,音譯/史實已考證)
NAMES	Losch	勒施	沿用既有姓名庫(NAMES-姓名庫.tsv,行序對齊,音譯/史實已考證)
NAMES	Mahler	馬勒	沿用既有姓名庫(NAMES-姓名庫.tsv,行序對齊,音譯/史實已考證)
NAMES	Mauers	毛爾斯	沿用既有姓名庫(NAMES-姓名庫.tsv,行序對齊,音譯/史實已考證)
NAMES	Messer	梅瑟	沿用既有姓名庫(NAMES-姓名庫.tsv,行序對齊,音譯/史實已考證)
NAMES	Mittermann	米特曼	沿用既有姓名庫(NAMES-姓名庫.tsv,行序對齊,音譯/史實已考證)
NAMES	Model	莫德爾	沿用既有姓名庫(NAMES-姓名庫.tsv,行序對齊,音譯/史實已考證)
NAMES	Mueller	穆勒	沿用既有姓名庫(NAMES-姓名庫.tsv,行序對齊,音譯/史實已考證)
NAMES	Nagel	納格爾	沿用既有姓名庫(NAMES-姓名庫.tsv,行序對齊,音譯/史實已考證)
NAMES	Neumann	諾伊曼	沿用既有姓名庫(NAMES-姓名庫.tsv,行序對齊,音譯/史實已考證)
NAMES	Niederberger	尼德貝格爾	沿用既有姓名庫(NAMES-姓名庫.tsv,行序對齊,音譯/史實已考證)
NAMES	Niemeyer	尼邁耶	沿用既有姓名庫(NAMES-姓名庫.tsv,行序對齊,音譯/史實已考證)
NAMES	Obermann	奧伯曼	沿用既有姓名庫(NAMES-姓名庫.tsv,行序對齊,音譯/史實已考證)
NAMES	Oldenburg	奧爾登堡	沿用既有姓名庫(NAMES-姓名庫.tsv,行序對齊,音譯/史實已考證)
NAMES	Osterwald	奧斯特瓦爾德	沿用既有姓名庫(NAMES-姓名庫.tsv,行序對齊,音譯/史實已考證)
NAMES	Oststein	奧斯特施泰因	沿用既有姓名庫(NAMES-姓名庫.tsv,行序對齊,音譯/史實已考證)
NAMES	Ottweiler	奧特魏勒	沿用既有姓名庫(NAMES-姓名庫.tsv,行序對齊,音譯/史實已考證)
NAMES	Pahner	帕納爾	沿用既有姓名庫(NAMES-姓名庫.tsv,行序對齊,音譯/史實已考證)
NAMES	Pausch	保施	沿用既有姓名庫(NAMES-姓名庫.tsv,行序對齊,音譯/史實已考證)
NAMES	Pfeiffer	菲佛	沿用既有姓名庫(NAMES-姓名庫.tsv,行序對齊,音譯/史實已考證)
NAMES	Pfitzner	普菲茨納	沿用既有姓名庫(NAMES-姓名庫.tsv,行序對齊,音譯/史實已考證)
NAMES	Rasch	拉施	沿用既有姓名庫(NAMES-姓名庫.tsv,行序對齊,音譯/史實已考證)
NAMES	Reuter	羅伊特	沿用既有姓名庫(NAMES-姓名庫.tsv,行序對齊,音譯/史實已考證)
NAMES	Richter	里希特	沿用既有姓名庫(NAMES-姓名庫.tsv,行序對齊,音譯/史實已考證)
NAMES	Rieger	里格爾	沿用既有姓名庫(NAMES-姓名庫.tsv,行序對齊,音譯/史實已考證)
NAMES	Rossbach	羅斯巴赫	沿用既有姓名庫(NAMES-姓名庫.tsv,行序對齊,音譯/史實已考證)
NAMES	Rutger	魯特格	沿用既有姓名庫(NAMES-姓名庫.tsv,行序對齊,音譯/史實已考證)
NAMES	Schatzheimer	沙茨海默	沿用既有姓名庫(NAMES-姓名庫.tsv,行序對齊,音譯/史實已考證)
NAMES	Schmidt	施密特	沿用既有姓名庫(NAMES-姓名庫.tsv,行序對齊,音譯/史實已考證)
NAMES	Schneider	施耐德	沿用既有姓名庫(NAMES-姓名庫.tsv,行序對齊,音譯/史實已考證)
NAMES	Schuler	舒勒	沿用既有姓名庫(NAMES-姓名庫.tsv,行序對齊,音譯/史實已考證)
NAMES	Schultz	舒爾茨	沿用既有姓名庫(NAMES-姓名庫.tsv,行序對齊,音譯/史實已考證)
NAMES	Spielmann	施皮爾曼	沿用既有姓名庫(NAMES-姓名庫.tsv,行序對齊,音譯/史實已考證)
NAMES	Steinbach	施泰因巴赫	沿用既有姓名庫(NAMES-姓名庫.tsv,行序對齊,音譯/史實已考證)
NAMES	Strauss	史特勞斯	沿用既有姓名庫(NAMES-姓名庫.tsv,行序對齊,音譯/史實已考證)
NAMES	Tanneberger	坦內貝格爾	沿用既有姓名庫(NAMES-姓名庫.tsv,行序對齊,音譯/史實已考證)
NAMES	Thaler	塔勒	沿用既有姓名庫(NAMES-姓名庫.tsv,行序對齊,音譯/史實已考證)
NAMES	Theissen	泰森	沿用既有姓名庫(NAMES-姓名庫.tsv,行序對齊,音譯/史實已考證)
NAMES	Trautmann	特勞特曼	沿用既有姓名庫(NAMES-姓名庫.tsv,行序對齊,音譯/史實已考證)
NAMES	Ulrich	烏爾里希	沿用既有姓名庫(NAMES-姓名庫.tsv,行序對齊,音譯/史實已考證)
NAMES	Volz	沃爾茨	沿用既有姓名庫(NAMES-姓名庫.tsv,行序對齊,音譯/史實已考證)
NAMES	Waldhausen	瓦爾德豪森	沿用既有姓名庫(NAMES-姓名庫.tsv,行序對齊,音譯/史實已考證)
NAMES	Weiler	魏勒	沿用既有姓名庫(NAMES-姓名庫.tsv,行序對齊,音譯/史實已考證)
NAMES	Weiss	魏斯	沿用既有姓名庫(NAMES-姓名庫.tsv,行序對齊,音譯/史實已考證)
NAMES	Wesse	韋瑟	沿用既有姓名庫(NAMES-姓名庫.tsv,行序對齊,音譯/史實已考證)
NAMES	Wiedermann	維德曼	沿用既有姓名庫(NAMES-姓名庫.tsv,行序對齊,音譯/史實已考證)
NAMES	Zesner	策斯納	沿用既有姓名庫(NAMES-姓名庫.tsv,行序對齊,音譯/史實已考證)
NAMES	Zimmer	季默	沿用既有姓名庫(NAMES-姓名庫.tsv,行序對齊,音譯/史實已考證)
NAMES	Alekseyeva	阿列克謝耶娃	沿用既有姓名庫(NAMES-姓名庫.tsv,行序對齊,音譯/史實已考證)
NAMES	Astakhova	阿斯塔霍娃	沿用既有姓名庫(NAMES-姓名庫.tsv,行序對齊,音譯/史實已考證)
NAMES	Balandin	巴蘭金	沿用既有姓名庫(NAMES-姓名庫.tsv,行序對齊,音譯/史實已考證)
NAMES	Baranova	巴拉諾娃	沿用既有姓名庫(NAMES-姓名庫.tsv,行序對齊,音譯/史實已考證)
NAMES	Belanov	貝拉諾夫	沿用既有姓名庫(NAMES-姓名庫.tsv,行序對齊,音譯/史實已考證)
NAMES	Bogdanova	波格丹諾娃	沿用既有姓名庫(NAMES-姓名庫.tsv,行序對齊,音譯/史實已考證)
NAMES	Breshkovsky	布列什科夫斯基	沿用既有姓名庫(NAMES-姓名庫.tsv,行序對齊,音譯/史實已考證)
NAMES	Brodsky	布羅茨基	沿用既有姓名庫(NAMES-姓名庫.tsv,行序對齊,音譯/史實已考證)
NAMES	Bukharin	布哈林	沿用既有姓名庫(NAMES-姓名庫.tsv,行序對齊,音譯/史實已考證)
NAMES	Chekov	契訶夫	沿用既有姓名庫(NAMES-姓名庫.tsv,行序對齊,音譯/史實已考證)
NAMES	Chermakov	切爾馬科夫	沿用既有姓名庫(NAMES-姓名庫.tsv,行序對齊,音譯/史實已考證)
NAMES	Chernetsky	切爾涅茨基	沿用既有姓名庫(NAMES-姓名庫.tsv,行序對齊,音譯/史實已考證)
NAMES	Chilova	奇洛娃	沿用既有姓名庫(NAMES-姓名庫.tsv,行序對齊,音譯/史實已考證)
NAMES	Danilov	達尼洛夫	沿用既有姓名庫(NAMES-姓名庫.tsv,行序對齊,音譯/史實已考證)
NAMES	Demtchenko	德姆琴科	沿用既有姓名庫(NAMES-姓名庫.tsv,行序對齊,音譯/史實已考證)
NAMES	Dmitriev	德米特里耶夫	沿用既有姓名庫(NAMES-姓名庫.tsv,行序對齊,音譯/史實已考證)
NAMES	Donskaya	頓斯卡婭	沿用既有姓名庫(NAMES-姓名庫.tsv,行序對齊,音譯/史實已考證)
NAMES	Egorova	葉戈羅娃	沿用既有姓名庫(NAMES-姓名庫.tsv,行序對齊,音譯/史實已考證)
NAMES	Emirzyan	埃米爾贊	沿用既有姓名庫(NAMES-姓名庫.tsv,行序對齊,音譯/史實已考證)
NAMES	Ermakov	葉爾馬科夫	沿用既有姓名庫(NAMES-姓名庫.tsv,行序對齊,音譯/史實已考證)
NAMES	Fedorchev	費多爾切夫	沿用既有姓名庫(NAMES-姓名庫.tsv,行序對齊,音譯/史實已考證)
NAMES	Federov	費多羅夫	沿用既有姓名庫(NAMES-姓名庫.tsv,行序對齊,音譯/史實已考證)
NAMES	Fetisova	費季索娃	沿用既有姓名庫(NAMES-姓名庫.tsv,行序對齊,音譯/史實已考證)
NAMES	Filatov	菲拉托夫	沿用既有姓名庫(NAMES-姓名庫.tsv,行序對齊,音譯/史實已考證)
NAMES	Filipov	菲利波夫	沿用既有姓名庫(NAMES-姓名庫.tsv,行序對齊,音譯/史實已考證)
NAMES	Fomichev	福米契夫	沿用既有姓名庫(NAMES-姓名庫.tsv,行序對齊,音譯/史實已考證)
NAMES	Frolov	弗羅洛夫	沿用既有姓名庫(NAMES-姓名庫.tsv,行序對齊,音譯/史實已考證)
NAMES	Gagarin	加加林	沿用既有姓名庫(NAMES-姓名庫.tsv,行序對齊,音譯/史實已考證)
NAMES	Galitsky	加利茨基	沿用既有姓名庫(NAMES-姓名庫.tsv,行序對齊,音譯/史實已考證)
NAMES	Gavrilenko	加夫里連科	沿用既有姓名庫(NAMES-姓名庫.tsv,行序對齊,音譯/史實已考證)
NAMES	Gavriluk	加夫里盧克	沿用既有姓名庫(NAMES-姓名庫.tsv,行序對齊,音譯/史實已考證)
NAMES	Glushko	格盧什科	沿用既有姓名庫(NAMES-姓名庫.tsv,行序對齊,音譯/史實已考證)
NAMES	Golovko	戈洛夫科	沿用既有姓名庫(NAMES-姓名庫.tsv,行序對齊,音譯/史實已考證)
NAMES	Grigoriev	格里戈里耶夫	沿用既有姓名庫(NAMES-姓名庫.tsv,行序對齊,音譯/史實已考證)
NAMES	Gryzlov	格雷茲洛夫	沿用既有姓名庫(NAMES-姓名庫.tsv,行序對齊,音譯/史實已考證)
NAMES	Guzev	古澤夫	沿用既有姓名庫(NAMES-姓名庫.tsv,行序對齊,音譯/史實已考證)
NAMES	Ilchenko	伊利琴科	沿用既有姓名庫(NAMES-姓名庫.tsv,行序對齊,音譯/史實已考證)
NAMES	Ivanov	伊凡諾夫	沿用既有姓名庫(NAMES-姓名庫.tsv,行序對齊,音譯/史實已考證)
NAMES	Ivanskaya	伊凡斯卡婭	沿用既有姓名庫(NAMES-姓名庫.tsv,行序對齊,音譯/史實已考證)
NAMES	Kalina	卡利娜	沿用既有姓名庫(NAMES-姓名庫.tsv,行序對齊,音譯/史實已考證)
NAMES	Karasev	卡拉謝夫	沿用既有姓名庫(NAMES-姓名庫.tsv,行序對齊,音譯/史實已考證)
NAMES	Kirov	基洛夫	沿用既有姓名庫(NAMES-姓名庫.tsv,行序對齊,音譯/史實已考證)
NAMES	Korolev	科羅廖夫	沿用既有姓名庫(NAMES-姓名庫.tsv,行序對齊,音譯/史實已考證)
NAMES	Krakovsky	克拉科夫斯基	沿用既有姓名庫(NAMES-姓名庫.tsv,行序對齊,音譯/史實已考證)
NAMES	Krupskaya	克魯普斯卡婭	沿用既有姓名庫(NAMES-姓名庫.tsv,行序對齊,音譯/史實已考證)
NAMES	Kuibishev	古比雪夫	沿用既有姓名庫(NAMES-姓名庫.tsv,行序對齊,音譯/史實已考證)
NAMES	Kvitinsky	克維京斯基	沿用既有姓名庫(NAMES-姓名庫.tsv,行序對齊,音譯/史實已考證)
NAMES	Larionov	拉里奧諾夫	沿用既有姓名庫(NAMES-姓名庫.tsv,行序對齊,音譯/史實已考證)
NAMES	Lelyushenko	列柳申科	沿用既有姓名庫(NAMES-姓名庫.tsv,行序對齊,音譯/史實已考證)
NAMES	Lisitsky	利西茨基	沿用既有姓名庫(NAMES-姓名庫.tsv,行序對齊,音譯/史實已考證)
NAMES	Luchinsky	盧欽斯基	沿用既有姓名庫(NAMES-姓名庫.tsv,行序對齊,音譯/史實已考證)
NAMES	Lyakhovich	利亞霍維奇	沿用既有姓名庫(NAMES-姓名庫.tsv,行序對齊,音譯/史實已考證)
NAMES	Lysenko	李森科	沿用既有姓名庫(NAMES-姓名庫.tsv,行序對齊,音譯/史實已考證)
NAMES	Maechich	馬耶奇奇	沿用既有姓名庫(NAMES-姓名庫.tsv,行序對齊,音譯/史實已考證)
NAMES	Malenkhov	馬林科夫	沿用既有姓名庫(NAMES-姓名庫.tsv,行序對齊,音譯/史實已考證)
NAMES	Masaryk	馬薩里克	沿用既有姓名庫(NAMES-姓名庫.tsv,行序對齊,音譯/史實已考證)
NAMES	Mayakovsky	馬雅可夫斯基	沿用既有姓名庫(NAMES-姓名庫.tsv,行序對齊,音譯/史實已考證)
NAMES	Mikhoels	米霍埃爾斯	沿用既有姓名庫(NAMES-姓名庫.tsv,行序對齊,音譯/史實已考證)
NAMES	Mironov	米羅諾夫	沿用既有姓名庫(NAMES-姓名庫.tsv,行序對齊,音譯/史實已考證)
NAMES	Mishchenko	米先科	沿用既有姓名庫(NAMES-姓名庫.tsv,行序對齊,音譯/史實已考證)
NAMES	Morozov	莫羅佐夫	沿用既有姓名庫(NAMES-姓名庫.tsv,行序對齊,音譯/史實已考證)
NAMES	Nemchinov	涅姆奇諾夫	沿用既有姓名庫(NAMES-姓名庫.tsv,行序對齊,音譯/史實已考證)
NAMES	Nevsky	涅夫斯基	沿用既有姓名庫(NAMES-姓名庫.tsv,行序對齊,音譯/史實已考證)
NAMES	Nikitin	尼基京	沿用既有姓名庫(NAMES-姓名庫.tsv,行序對齊,音譯/史實已考證)
NAMES	Nikolaev	尼古拉耶夫	沿用既有姓名庫(NAMES-姓名庫.tsv,行序對齊,音譯/史實已考證)
NAMES	Orenkhova	奧倫科娃	沿用既有姓名庫(NAMES-姓名庫.tsv,行序對齊,音譯/史實已考證)
NAMES	Pavelic	帕維利奇	沿用既有姓名庫(NAMES-姓名庫.tsv,行序對齊,音譯/史實已考證)
NAMES	Petrenko	彼得連科	沿用既有姓名庫(NAMES-姓名庫.tsv,行序對齊,音譯/史實已考證)
NAMES	Petrova	彼得羅娃	沿用既有姓名庫(NAMES-姓名庫.tsv,行序對齊,音譯/史實已考證)
NAMES	Piatakov	皮亞塔科夫	沿用既有姓名庫(NAMES-姓名庫.tsv,行序對齊,音譯/史實已考證)
NAMES	Plotnikov	普洛特尼科夫	沿用既有姓名庫(NAMES-姓名庫.tsv,行序對齊,音譯/史實已考證)
NAMES	Popov	波波夫	沿用既有姓名庫(NAMES-姓名庫.tsv,行序對齊,音譯/史實已考證)
NAMES	Prokhazka	普羅哈茲卡	沿用既有姓名庫(NAMES-姓名庫.tsv,行序對齊,音譯/史實已考證)
NAMES	Radziyevsky	拉濟耶夫斯基	沿用既有姓名庫(NAMES-姓名庫.tsv,行序對齊,音譯/史實已考證)
NAMES	Rodos	羅多斯	沿用既有姓名庫(NAMES-姓名庫.tsv,行序對齊,音譯/史實已考證)
NAMES	Rossovich	羅索維奇	沿用既有姓名庫(NAMES-姓名庫.tsv,行序對齊,音譯/史實已考證)
NAMES	Rostovich	羅斯托維奇	沿用既有姓名庫(NAMES-姓名庫.tsv,行序對齊,音譯/史實已考證)
NAMES	Rutskoi	魯茨科伊	沿用既有姓名庫(NAMES-姓名庫.tsv,行序對齊,音譯/史實已考證)
NAMES	Rykov	李可夫	沿用既有姓名庫(NAMES-姓名庫.tsv,行序對齊,音譯/史實已考證)
NAMES	Savin	薩溫	沿用既有姓名庫(NAMES-姓名庫.tsv,行序對齊,音譯/史實已考證)
NAMES	Semenov	謝苗諾夫	沿用既有姓名庫(NAMES-姓名庫.tsv,行序對齊,音譯/史實已考證)
NAMES	Shcherbakov	謝爾巴科夫	沿用既有姓名庫(NAMES-姓名庫.tsv,行序對齊,音譯/史實已考證)
NAMES	Sikorsky	西科爾斯基	沿用既有姓名庫(NAMES-姓名庫.tsv,行序對齊,音譯/史實已考證)
NAMES	Smirnov	斯米爾諾夫	沿用既有姓名庫(NAMES-姓名庫.tsv,行序對齊,音譯/史實已考證)
NAMES	Stakhanov	斯達漢諾夫	沿用既有姓名庫(NAMES-姓名庫.tsv,行序對齊,音譯/史實已考證)
NAMES	Stanislavsky	史坦尼斯拉夫斯基	沿用既有姓名庫(NAMES-姓名庫.tsv,行序對齊,音譯/史實已考證)
NAMES	Svetlov	斯維特洛夫	沿用既有姓名庫(NAMES-姓名庫.tsv,行序對齊,音譯/史實已考證)
NAMES	Tereshkova	捷列什科娃	沿用既有姓名庫(NAMES-姓名庫.tsv,行序對齊,音譯/史實已考證)
NAMES	Tomsky	托姆斯基	沿用既有姓名庫(NAMES-姓名庫.tsv,行序對齊,音譯/史實已考證)
NAMES	Turgenev	屠格涅夫	沿用既有姓名庫(NAMES-姓名庫.tsv,行序對齊,音譯/史實已考證)
NAMES	Ulanov	烏拉諾夫	沿用既有姓名庫(NAMES-姓名庫.tsv,行序對齊,音譯/史實已考證)
NAMES	Vasilevsky	華西列夫斯基	沿用既有姓名庫(NAMES-姓名庫.tsv,行序對齊,音譯/史實已考證)
NAMES	Vayaslava	瓦亞斯拉娃	沿用既有姓名庫(NAMES-姓名庫.tsv,行序對齊,音譯/史實已考證)
NAMES	Vladisov	弗拉迪索夫	沿用既有姓名庫(NAMES-姓名庫.tsv,行序對齊,音譯/史實已考證)
NAMES	Vlasov	弗拉索夫	沿用既有姓名庫(NAMES-姓名庫.tsv,行序對齊,音譯/史實已考證)
NAMES	Voslensky	沃斯連斯基	沿用既有姓名庫(NAMES-姓名庫.tsv,行序對齊,音譯/史實已考證)
NAMES	Vyshinsky	維辛斯基	沿用既有姓名庫(NAMES-姓名庫.tsv,行序對齊,音譯/史實已考證)
NAMES	Yazov	亞佐夫	沿用既有姓名庫(NAMES-姓名庫.tsv,行序對齊,音譯/史實已考證)
NAMES	Zhikov	日科夫	沿用既有姓名庫(NAMES-姓名庫.tsv,行序對齊,音譯/史實已考證)
NAMES	Zorin	佐林	沿用既有姓名庫(NAMES-姓名庫.tsv,行序對齊,音譯/史實已考證)
NAMES	Abbot	艾伯特	沿用既有姓名庫(NAMES-姓名庫.tsv,行序對齊,音譯/史實已考證)
NAMES	Alcock	奧爾科克	沿用既有姓名庫(NAMES-姓名庫.tsv,行序對齊,音譯/史實已考證)
NAMES	Ashton	艾希頓	沿用既有姓名庫(NAMES-姓名庫.tsv,行序對齊,音譯/史實已考證)
NAMES	Atkinson	艾金森	沿用既有姓名庫(NAMES-姓名庫.tsv,行序對齊,音譯/史實已考證)
NAMES	Ballantine	巴倫泰	沿用既有姓名庫(NAMES-姓名庫.tsv,行序對齊,音譯/史實已考證)
NAMES	Berry	貝里	沿用既有姓名庫(NAMES-姓名庫.tsv,行序對齊,音譯/史實已考證)
NAMES	Billings	比林斯	沿用既有姓名庫(NAMES-姓名庫.tsv,行序對齊,音譯/史實已考證)
NAMES	Blackmore	布萊克摩爾	沿用既有姓名庫(NAMES-姓名庫.tsv,行序對齊,音譯/史實已考證)
NAMES	Blake	布萊克	沿用既有姓名庫(NAMES-姓名庫.tsv,行序對齊,音譯/史實已考證)
NAMES	Brightwell	布萊特威爾	沿用既有姓名庫(NAMES-姓名庫.tsv,行序對齊,音譯/史實已考證)
NAMES	Byrne	拜恩	沿用既有姓名庫(NAMES-姓名庫.tsv,行序對齊,音譯/史實已考證)
NAMES	Campbell	坎貝爾	沿用既有姓名庫(NAMES-姓名庫.tsv,行序對齊,音譯/史實已考證)
NAMES	Cartwright	卡特賴特	沿用既有姓名庫(NAMES-姓名庫.tsv,行序對齊,音譯/史實已考證)
NAMES	Chamberlain	張伯倫	沿用既有姓名庫(NAMES-姓名庫.tsv,行序對齊,音譯/史實已考證)
NAMES	Chesterfield	徹斯特菲爾德	沿用既有姓名庫(NAMES-姓名庫.tsv,行序對齊,音譯/史實已考證)
NAMES	Collins	柯林斯	沿用既有姓名庫(NAMES-姓名庫.tsv,行序對齊,音譯/史實已考證)
NAMES	Conroe	康羅	沿用既有姓名庫(NAMES-姓名庫.tsv,行序對齊,音譯/史實已考證)
NAMES	Cooke	庫克	沿用既有姓名庫(NAMES-姓名庫.tsv,行序對齊,音譯/史實已考證)
NAMES	Crawford	克勞福德	沿用既有姓名庫(NAMES-姓名庫.tsv,行序對齊,音譯/史實已考證)
NAMES	Davies	戴維斯	沿用既有姓名庫(NAMES-姓名庫.tsv,行序對齊,音譯/史實已考證)
NAMES	Dempsey	鄧普西	沿用既有姓名庫(NAMES-姓名庫.tsv,行序對齊,音譯/史實已考證)
NAMES	Devlin	德夫林	沿用既有姓名庫(NAMES-姓名庫.tsv,行序對齊,音譯/史實已考證)
NAMES	Donaldson	唐納森	沿用既有姓名庫(NAMES-姓名庫.tsv,行序對齊,音譯/史實已考證)
NAMES	Douglas	道格拉斯	沿用既有姓名庫(NAMES-姓名庫.tsv,行序對齊,音譯/史實已考證)
NAMES	Dunbar	鄧巴	沿用既有姓名庫(NAMES-姓名庫.tsv,行序對齊,音譯/史實已考證)
NAMES	Edgeworth	艾奇沃斯	沿用既有姓名庫(NAMES-姓名庫.tsv,行序對齊,音譯/史實已考證)
NAMES	Emerson	愛默生	沿用既有姓名庫(NAMES-姓名庫.tsv,行序對齊,音譯/史實已考證)
NAMES	Evans	埃文斯	沿用既有姓名庫(NAMES-姓名庫.tsv,行序對齊,音譯/史實已考證)
NAMES	Fairfax	費爾法克斯	沿用既有姓名庫(NAMES-姓名庫.tsv,行序對齊,音譯/史實已考證)
NAMES	Ferguson	弗格森	沿用既有姓名庫(NAMES-姓名庫.tsv,行序對齊,音譯/史實已考證)
NAMES	Fielding	費爾丁	沿用既有姓名庫(NAMES-姓名庫.tsv,行序對齊,音譯/史實已考證)
NAMES	Finch	芬奇	沿用既有姓名庫(NAMES-姓名庫.tsv,行序對齊,音譯/史實已考證)
NAMES	Finlay	芬利	沿用既有姓名庫(NAMES-姓名庫.tsv,行序對齊,音譯/史實已考證)
NAMES	Forster	佛斯特	沿用既有姓名庫(NAMES-姓名庫.tsv,行序對齊,音譯/史實已考證)
NAMES	Gallagher	蓋勒格	沿用既有姓名庫(NAMES-姓名庫.tsv,行序對齊,音譯/史實已考證)
NAMES	Gordon	戈登	沿用既有姓名庫(NAMES-姓名庫.tsv,行序對齊,音譯/史實已考證)
NAMES	Graham	葛拉漢	沿用既有姓名庫(NAMES-姓名庫.tsv,行序對齊,音譯/史實已考證)
NAMES	Gray	格雷	沿用既有姓名庫(NAMES-姓名庫.tsv,行序對齊,音譯/史實已考證)
NAMES	Greene	格林	沿用既有姓名庫(NAMES-姓名庫.tsv,行序對齊,音譯/史實已考證)
NAMES	Hardy	哈迪	沿用既有姓名庫(NAMES-姓名庫.tsv,行序對齊,音譯/史實已考證)
NAMES	Harribey	哈里貝	沿用既有姓名庫(NAMES-姓名庫.tsv,行序對齊,音譯/史實已考證)
NAMES	Harris	哈里斯	沿用既有姓名庫(NAMES-姓名庫.tsv,行序對齊,音譯/史實已考證)
NAMES	Hawkins	霍金斯	沿用既有姓名庫(NAMES-姓名庫.tsv,行序對齊,音譯/史實已考證)
NAMES	Hayes	海斯	沿用既有姓名庫(NAMES-姓名庫.tsv,行序對齊,音譯/史實已考證)
NAMES	Higgins	希金斯	沿用既有姓名庫(NAMES-姓名庫.tsv,行序對齊,音譯/史實已考證)
NAMES	Jenkins	詹金斯	沿用既有姓名庫(NAMES-姓名庫.tsv,行序對齊,音譯/史實已考證)
NAMES	Kelley	凱利	沿用既有姓名庫(NAMES-姓名庫.tsv,行序對齊,音譯/史實已考證)
NAMES	Kendall	肯達爾	沿用既有姓名庫(NAMES-姓名庫.tsv,行序對齊,音譯/史實已考證)
NAMES	Kirke	柯克	沿用既有姓名庫(NAMES-姓名庫.tsv,行序對齊,音譯/史實已考證)
NAMES	Knox	諾克斯	沿用既有姓名庫(NAMES-姓名庫.tsv,行序對齊,音譯/史實已考證)
NAMES	Lane	萊恩	沿用既有姓名庫(NAMES-姓名庫.tsv,行序對齊,音譯/史實已考證)
NAMES	Lawford	勞福德	沿用既有姓名庫(NAMES-姓名庫.tsv,行序對齊,音譯/史實已考證)
NAMES	Lindsay	林賽	沿用既有姓名庫(NAMES-姓名庫.tsv,行序對齊,音譯/史實已考證)
NAMES	Locke	洛克	沿用既有姓名庫(NAMES-姓名庫.tsv,行序對齊,音譯/史實已考證)
NAMES	Lovejoy	洛夫喬伊	沿用既有姓名庫(NAMES-姓名庫.tsv,行序對齊,音譯/史實已考證)
NAMES	MacLean	麥克連	沿用既有姓名庫(NAMES-姓名庫.tsv,行序對齊,音譯/史實已考證)
NAMES	Manchester	曼徹斯特	沿用既有姓名庫(NAMES-姓名庫.tsv,行序對齊,音譯/史實已考證)
NAMES	Matheson	馬西森	沿用既有姓名庫(NAMES-姓名庫.tsv,行序對齊,音譯/史實已考證)
NAMES	McAllister	麥卡利斯特	沿用既有姓名庫(NAMES-姓名庫.tsv,行序對齊,音譯/史實已考證)
NAMES	McCloud	麥克勞德	沿用既有姓名庫(NAMES-姓名庫.tsv,行序對齊,音譯/史實已考證)
NAMES	Mills	米爾斯	沿用既有姓名庫(NAMES-姓名庫.tsv,行序對齊,音譯/史實已考證)
NAMES	Nash	納許	沿用既有姓名庫(NAMES-姓名庫.tsv,行序對齊,音譯/史實已考證)
NAMES	Newman	紐曼	沿用既有姓名庫(NAMES-姓名庫.tsv,行序對齊,音譯/史實已考證)
NAMES	Norman	諾曼	沿用既有姓名庫(NAMES-姓名庫.tsv,行序對齊,音譯/史實已考證)
NAMES	Norris	諾里斯	沿用既有姓名庫(NAMES-姓名庫.tsv,行序對齊,音譯/史實已考證)
NAMES	Oakes	奧克斯	沿用既有姓名庫(NAMES-姓名庫.tsv,行序對齊,音譯/史實已考證)
NAMES	Oglethorpe	奧格爾索普	沿用既有姓名庫(NAMES-姓名庫.tsv,行序對齊,音譯/史實已考證)
NAMES	O'Neill	歐尼爾	沿用既有姓名庫(NAMES-姓名庫.tsv,行序對齊,音譯/史實已考證)
NAMES	Owen	歐文	沿用既有姓名庫(NAMES-姓名庫.tsv,行序對齊,音譯/史實已考證)
NAMES	Parker	帕克	沿用既有姓名庫(NAMES-姓名庫.tsv,行序對齊,音譯/史實已考證)
NAMES	Pearse	皮爾斯	沿用既有姓名庫(NAMES-姓名庫.tsv,行序對齊,音譯/史實已考證)
NAMES	Poole	普爾	沿用既有姓名庫(NAMES-姓名庫.tsv,行序對齊,音譯/史實已考證)
NAMES	Powell	鮑威爾	沿用既有姓名庫(NAMES-姓名庫.tsv,行序對齊,音譯/史實已考證)
NAMES	Preston	普雷斯頓	沿用既有姓名庫(NAMES-姓名庫.tsv,行序對齊,音譯/史實已考證)
NAMES	Quinn	奎恩	沿用既有姓名庫(NAMES-姓名庫.tsv,行序對齊,音譯/史實已考證)
NAMES	Rainford	雷恩福德	沿用既有姓名庫(NAMES-姓名庫.tsv,行序對齊,音譯/史實已考證)
NAMES	Ramsey	拉姆齊	沿用既有姓名庫(NAMES-姓名庫.tsv,行序對齊,音譯/史實已考證)
NAMES	Roberts	羅伯茲	沿用既有姓名庫(NAMES-姓名庫.tsv,行序對齊,音譯/史實已考證)
NAMES	Robinson	羅賓森	沿用既有姓名庫(NAMES-姓名庫.tsv,行序對齊,音譯/史實已考證)
NAMES	Ross	羅斯	沿用既有姓名庫(NAMES-姓名庫.tsv,行序對齊,音譯/史實已考證)
NAMES	Rutlege	拉特利奇	沿用既有姓名庫(NAMES-姓名庫.tsv,行序對齊,音譯/史實已考證)
NAMES	Sedgwick	塞奇威克	沿用既有姓名庫(NAMES-姓名庫.tsv,行序對齊,音譯/史實已考證)
NAMES	Sharpe	夏普	沿用既有姓名庫(NAMES-姓名庫.tsv,行序對齊,音譯/史實已考證)
NAMES	Smythe	史麥斯	沿用既有姓名庫(NAMES-姓名庫.tsv,行序對齊,音譯/史實已考證)
NAMES	Stewart	史都華	沿用既有姓名庫(NAMES-姓名庫.tsv,行序對齊,音譯/史實已考證)
NAMES	Stone	史東	沿用既有姓名庫(NAMES-姓名庫.tsv,行序對齊,音譯/史實已考證)
NAMES	Sullivan	蘇利文	沿用既有姓名庫(NAMES-姓名庫.tsv,行序對齊,音譯/史實已考證)
NAMES	Sutherland	蘇德蘭	沿用既有姓名庫(NAMES-姓名庫.tsv,行序對齊,音譯/史實已考證)
NAMES	Thackeray	薩克萊	沿用既有姓名庫(NAMES-姓名庫.tsv,行序對齊,音譯/史實已考證)
NAMES	Thornton	桑頓	沿用既有姓名庫(NAMES-姓名庫.tsv,行序對齊,音譯/史實已考證)
NAMES	Townsend	湯森	沿用既有姓名庫(NAMES-姓名庫.tsv,行序對齊,音譯/史實已考證)
NAMES	Trevor	特雷弗	沿用既有姓名庫(NAMES-姓名庫.tsv,行序對齊,音譯/史實已考證)
NAMES	Turner	透納	沿用既有姓名庫(NAMES-姓名庫.tsv,行序對齊,音譯/史實已考證)
NAMES	Waite	韋特	沿用既有姓名庫(NAMES-姓名庫.tsv,行序對齊,音譯/史實已考證)
NAMES	Walker	沃克	沿用既有姓名庫(NAMES-姓名庫.tsv,行序對齊,音譯/史實已考證)
NAMES	Watson	華生	沿用既有姓名庫(NAMES-姓名庫.tsv,行序對齊,音譯/史實已考證)
NAMES	Wickingham	威金漢	沿用既有姓名庫(NAMES-姓名庫.tsv,行序對齊,音譯/史實已考證)
NAMES	White	懷特	沿用既有姓名庫(NAMES-姓名庫.tsv,行序對齊,音譯/史實已考證)
NAMES	Wolfe	沃爾夫	沿用既有姓名庫(NAMES-姓名庫.tsv,行序對齊,音譯/史實已考證)
NAMES	Young	楊	沿用既有姓名庫(NAMES-姓名庫.tsv,行序對齊,音譯/史實已考證)
NAMES	Adams	亞當斯	沿用既有姓名庫(NAMES-姓名庫.tsv,行序對齊,音譯/史實已考證)
NAMES	Allen	艾倫	沿用既有姓名庫(NAMES-姓名庫.tsv,行序對齊,音譯/史實已考證)
NAMES	Andratti	安德烈蒂	沿用既有姓名庫(NAMES-姓名庫.tsv,行序對齊,音譯/史實已考證)
NAMES	Andrews	安德魯斯	沿用既有姓名庫(NAMES-姓名庫.tsv,行序對齊,音譯/史實已考證)
NAMES	Armstrong	阿姆斯壯	沿用既有姓名庫(NAMES-姓名庫.tsv,行序對齊,音譯/史實已考證)
NAMES	Bell	貝爾	沿用既有姓名庫(NAMES-姓名庫.tsv,行序對齊,音譯/史實已考證)
NAMES	Black	布萊克	沿用既有姓名庫(NAMES-姓名庫.tsv,行序對齊,音譯/史實已考證)
NAMES	Boyd	博伊德	沿用既有姓名庫(NAMES-姓名庫.tsv,行序對齊,音譯/史實已考證)
NAMES	Bridges	布里吉斯	沿用既有姓名庫(NAMES-姓名庫.tsv,行序對齊,音譯/史實已考證)
NAMES	Brown	布朗	沿用既有姓名庫(NAMES-姓名庫.tsv,行序對齊,音譯/史實已考證)
NAMES	Butler	巴特勒	沿用既有姓名庫(NAMES-姓名庫.tsv,行序對齊,音譯/史實已考證)
NAMES	Carson	卡森	沿用既有姓名庫(NAMES-姓名庫.tsv,行序對齊,音譯/史實已考證)
NAMES	Carter	卡特	沿用既有姓名庫(NAMES-姓名庫.tsv,行序對齊,音譯/史實已考證)
NAMES	Charles	查爾斯	沿用既有姓名庫(NAMES-姓名庫.tsv,行序對齊,音譯/史實已考證)
NAMES	Chase	切斯	沿用既有姓名庫(NAMES-姓名庫.tsv,行序對齊,音譯/史實已考證)
NAMES	Clark	克拉克	沿用既有姓名庫(NAMES-姓名庫.tsv,行序對齊,音譯/史實已考證)
NAMES	Cooper	庫柏	沿用既有姓名庫(NAMES-姓名庫.tsv,行序對齊,音譯/史實已考證)
NAMES	Cosby	寇斯比	沿用既有姓名庫(NAMES-姓名庫.tsv,行序對齊,音譯/史實已考證)
NAMES	Curtis	寇蒂斯	沿用既有姓名庫(NAMES-姓名庫.tsv,行序對齊,音譯/史實已考證)
NAMES	Daniels	丹尼爾斯	沿用既有姓名庫(NAMES-姓名庫.tsv,行序對齊,音譯/史實已考證)
NAMES	Davis	戴維斯	沿用既有姓名庫(NAMES-姓名庫.tsv,行序對齊,音譯/史實已考證)
NAMES	Dickinson	狄金森	沿用既有姓名庫(NAMES-姓名庫.tsv,行序對齊,音譯/史實已考證)
NAMES	Doherty	多爾蒂	沿用既有姓名庫(NAMES-姓名庫.tsv,行序對齊,音譯/史實已考證)
NAMES	Doyle	道爾	沿用既有姓名庫(NAMES-姓名庫.tsv,行序對齊,音譯/史實已考證)
NAMES	Dunn	鄧恩	沿用既有姓名庫(NAMES-姓名庫.tsv,行序對齊,音譯/史實已考證)
NAMES	Eaton	伊頓	沿用既有姓名庫(NAMES-姓名庫.tsv,行序對齊,音譯/史實已考證)
NAMES	Edwards	愛德華茲	沿用既有姓名庫(NAMES-姓名庫.tsv,行序對齊,音譯/史實已考證)
NAMES	Elliot	艾略特	沿用既有姓名庫(NAMES-姓名庫.tsv,行序對齊,音譯/史實已考證)
NAMES	Farris	法里斯	沿用既有姓名庫(NAMES-姓名庫.tsv,行序對齊,音譯/史實已考證)
NAMES	Fenton	芬頓	沿用既有姓名庫(NAMES-姓名庫.tsv,行序對齊,音譯/史實已考證)
NAMES	Ford	福特	沿用既有姓名庫(NAMES-姓名庫.tsv,行序對齊,音譯/史實已考證)
NAMES	Fowler	佛勒	沿用既有姓名庫(NAMES-姓名庫.tsv,行序對齊,音譯/史實已考證)
NAMES	Franklin	富蘭克林	沿用既有姓名庫(NAMES-姓名庫.tsv,行序對齊,音譯/史實已考證)
NAMES	Fuller	富勒	沿用既有姓名庫(NAMES-姓名庫.tsv,行序對齊,音譯/史實已考證)
NAMES	Garcia	賈西亞	沿用既有姓名庫(NAMES-姓名庫.tsv,行序對齊,音譯/史實已考證)
NAMES	Gold	戈德	沿用既有姓名庫(NAMES-姓名庫.tsv,行序對齊,音譯/史實已考證)
NAMES	Gomez	戈梅茲	沿用既有姓名庫(NAMES-姓名庫.tsv,行序對齊,音譯/史實已考證)
NAMES	Grant	格蘭特	沿用既有姓名庫(NAMES-姓名庫.tsv,行序對齊,音譯/史實已考證)
NAMES	Hart	哈特	沿用既有姓名庫(NAMES-姓名庫.tsv,行序對齊,音譯/史實已考證)
NAMES	Hatch	哈奇	沿用既有姓名庫(NAMES-姓名庫.tsv,行序對齊,音譯/史實已考證)
NAMES	Howard	霍華德	沿用既有姓名庫(NAMES-姓名庫.tsv,行序對齊,音譯/史實已考證)
NAMES	Hunter	杭特	沿用既有姓名庫(NAMES-姓名庫.tsv,行序對齊,音譯/史實已考證)
NAMES	Irwin	厄文	沿用既有姓名庫(NAMES-姓名庫.tsv,行序對齊,音譯/史實已考證)
NAMES	Jackson	傑克森	沿用既有姓名庫(NAMES-姓名庫.tsv,行序對齊,音譯/史實已考證)
NAMES	Jensen	詹森	沿用既有姓名庫(NAMES-姓名庫.tsv,行序對齊,音譯/史實已考證)
NAMES	Johnson	強森	沿用既有姓名庫(NAMES-姓名庫.tsv,行序對齊,音譯/史實已考證)
NAMES	Jones	瓊斯	沿用既有姓名庫(NAMES-姓名庫.tsv,行序對齊,音譯/史實已考證)
NAMES	Kimble	金博爾	沿用既有姓名庫(NAMES-姓名庫.tsv,行序對齊,音譯/史實已考證)
NAMES	King	金	沿用既有姓名庫(NAMES-姓名庫.tsv,行序對齊,音譯/史實已考證)
NAMES	Kowalski	科瓦爾斯基	沿用既有姓名庫(NAMES-姓名庫.tsv,行序對齊,音譯/史實已考證)
NAMES	Lang	朗	沿用既有姓名庫(NAMES-姓名庫.tsv,行序對齊,音譯/史實已考證)
NAMES	Lee	李	沿用既有姓名庫(NAMES-姓名庫.tsv,行序對齊,音譯/史實已考證)
NAMES	Lewis	路易斯	沿用既有姓名庫(NAMES-姓名庫.tsv,行序對齊,音譯/史實已考證)
NAMES	Long	隆	沿用既有姓名庫(NAMES-姓名庫.tsv,行序對齊,音譯/史實已考證)
NAMES	Malone	馬龍	沿用既有姓名庫(NAMES-姓名庫.tsv,行序對齊,音譯/史實已考證)
NAMES	Marconi	馬可尼	沿用既有姓名庫(NAMES-姓名庫.tsv,行序對齊,音譯/史實已考證)
NAMES	Martin	馬丁	沿用既有姓名庫(NAMES-姓名庫.tsv,行序對齊,音譯/史實已考證)
NAMES	Martinez	馬丁尼茲	沿用既有姓名庫(NAMES-姓名庫.tsv,行序對齊,音譯/史實已考證)
NAMES	McBride	麥克布萊德	沿用既有姓名庫(NAMES-姓名庫.tsv,行序對齊,音譯/史實已考證)
NAMES	Meyer	邁爾	沿用既有姓名庫(NAMES-姓名庫.tsv,行序對齊,音譯/史實已考證)
NAMES	Miller	米勒	沿用既有姓名庫(NAMES-姓名庫.tsv,行序對齊,音譯/史實已考證)
NAMES	Mills	米爾斯	沿用既有姓名庫(NAMES-姓名庫.tsv,行序對齊,音譯/史實已考證)
NAMES	Murphy	墨菲	沿用既有姓名庫(NAMES-姓名庫.tsv,行序對齊,音譯/史實已考證)
NAMES	Nelson	尼爾森	沿用既有姓名庫(NAMES-姓名庫.tsv,行序對齊,音譯/史實已考證)
NAMES	Nichols	尼可斯	沿用既有姓名庫(NAMES-姓名庫.tsv,行序對齊,音譯/史實已考證)
NAMES	Olson	奧爾森	沿用既有姓名庫(NAMES-姓名庫.tsv,行序對齊,音譯/史實已考證)
NAMES	O'Malley	歐馬利	沿用既有姓名庫(NAMES-姓名庫.tsv,行序對齊,音譯/史實已考證)
NAMES	Osborn	奧斯本	沿用既有姓名庫(NAMES-姓名庫.tsv,行序對齊,音譯/史實已考證)
NAMES	Palmer	帕瑪	沿用既有姓名庫(NAMES-姓名庫.tsv,行序對齊,音譯/史實已考證)
NAMES	Patterson	派特森	沿用既有姓名庫(NAMES-姓名庫.tsv,行序對齊,音譯/史實已考證)
NAMES	Perry	派瑞	沿用既有姓名庫(NAMES-姓名庫.tsv,行序對齊,音譯/史實已考證)
NAMES	Peterson	彼得森	沿用既有姓名庫(NAMES-姓名庫.tsv,行序對齊,音譯/史實已考證)
NAMES	Porter	波特	沿用既有姓名庫(NAMES-姓名庫.tsv,行序對齊,音譯/史實已考證)
NAMES	Pullman	普曼	沿用既有姓名庫(NAMES-姓名庫.tsv,行序對齊,音譯/史實已考證)
NAMES	Quick	奎克	沿用既有姓名庫(NAMES-姓名庫.tsv,行序對齊,音譯/史實已考證)
NAMES	Reed	里德	沿用既有姓名庫(NAMES-姓名庫.tsv,行序對齊,音譯/史實已考證)
NAMES	Reynolds	雷諾斯	沿用既有姓名庫(NAMES-姓名庫.tsv,行序對齊,音譯/史實已考證)
NAMES	Reilly	萊利	沿用既有姓名庫(NAMES-姓名庫.tsv,行序對齊,音譯/史實已考證)
NAMES	Richards	理查茲	沿用既有姓名庫(NAMES-姓名庫.tsv,行序對齊,音譯/史實已考證)
NAMES	Ritter	里特	沿用既有姓名庫(NAMES-姓名庫.tsv,行序對齊,音譯/史實已考證)
NAMES	Rogers	羅傑斯	沿用既有姓名庫(NAMES-姓名庫.tsv,行序對齊,音譯/史實已考證)
NAMES	Sanders	桑德斯	沿用既有姓名庫(NAMES-姓名庫.tsv,行序對齊,音譯/史實已考證)
NAMES	Scardino	斯卡迪諾	沿用既有姓名庫(NAMES-姓名庫.tsv,行序對齊,音譯/史實已考證)
NAMES	Shaw	蕭	沿用既有姓名庫(NAMES-姓名庫.tsv,行序對齊,音譯/史實已考證)
NAMES	Simpson	辛普森	沿用既有姓名庫(NAMES-姓名庫.tsv,行序對齊,音譯/史實已考證)
NAMES	Smith	史密斯	沿用既有姓名庫(NAMES-姓名庫.tsv,行序對齊,音譯/史實已考證)
NAMES	Stearns	斯特恩斯	沿用既有姓名庫(NAMES-姓名庫.tsv,行序對齊,音譯/史實已考證)
NAMES	Taylor	泰勒	沿用既有姓名庫(NAMES-姓名庫.tsv,行序對齊,音譯/史實已考證)
NAMES	Thomas	湯瑪斯	沿用既有姓名庫(NAMES-姓名庫.tsv,行序對齊,音譯/史實已考證)
NAMES	Thompson	湯普森	沿用既有姓名庫(NAMES-姓名庫.tsv,行序對齊,音譯/史實已考證)
NAMES	Tucker	塔克	沿用既有姓名庫(NAMES-姓名庫.tsv,行序對齊,音譯/史實已考證)
NAMES	Updike	厄普代克	沿用既有姓名庫(NAMES-姓名庫.tsv,行序對齊,音譯/史實已考證)
NAMES	Vernon	弗農	沿用既有姓名庫(NAMES-姓名庫.tsv,行序對齊,音譯/史實已考證)
NAMES	Wallace	華勒斯	沿用既有姓名庫(NAMES-姓名庫.tsv,行序對齊,音譯/史實已考證)
NAMES	Washington	華盛頓	沿用既有姓名庫(NAMES-姓名庫.tsv,行序對齊,音譯/史實已考證)
NAMES	West	威斯特	沿用既有姓名庫(NAMES-姓名庫.tsv,行序對齊,音譯/史實已考證)
NAMES	Wilcox	威爾考克斯	沿用既有姓名庫(NAMES-姓名庫.tsv,行序對齊,音譯/史實已考證)
NAMES	Williams	威廉斯	沿用既有姓名庫(NAMES-姓名庫.tsv,行序對齊,音譯/史實已考證)
NAMES	Woods	伍茲	沿用既有姓名庫(NAMES-姓名庫.tsv,行序對齊,音譯/史實已考證)
NAMES	Youngblood	楊布拉德	沿用既有姓名庫(NAMES-姓名庫.tsv,行序對齊,音譯/史實已考證)
SCENARIO	41 Cdo	41 Cdo	疑為部隊番號,建議核實(英軍第41突擊隊 41 Commando)
SCENARIO	AIRFIELD	機場	自譯(通用地物)
SCENARIO	Aba	奧包	查證(WebSearch),匈牙利費耶爾州真實城鎮
SCENARIO	Abostag	阿波什塔格	不確定,建議查證(疑為 Apostag 拼字誤差,匈牙利巴奇-基什孔州多瑙河畔村鎮)
SCENARIO	Acerno	阿切爾諾	自譯(音譯慣例,義大利薩雷諾省城鎮)
SCENARIO	Acroma	阿克羅馬	自譯(音譯慣例,利比亞托布魯克近郊)
SCENARIO	Adand	阿丹德	查證(WebSearch),即 Ádánd,匈牙利紹莫吉州,巴拉頓湖東岸
SCENARIO	Adony	阿多尼	查證(WebSearch),匈牙利費耶爾州多瑙河畔真實城鎮
SCENARIO	Advance On St. Lo	聖洛推進戰	對齊戰役百科
SCENARIO	Ain el Gazala	艾因加查拉	自譯(音譯慣例,部分對齊戰役百科「加查拉」)
SCENARIO	Aire	艾爾	自譯(音譯慣例,法國北部)
SCENARIO	Airel	艾雷爾	自譯(音譯慣例,諾曼第)
SCENARIO	Airfield	機場	自譯(通用地物)
SCENARIO	Aisne Canal	埃納運河	自譯(音譯慣例,埃納為戰史通用譯名)
SCENARIO	Aisne River	埃納河	自譯(音譯慣例)
SCENARIO	Ajax	阿賈克斯號	查證(WebSearch),英國利安德級輕巡洋艦
SCENARIO	Akladi	阿克拉迪	自譯(音譯慣例,希臘)
SCENARIO	Alaminos	阿拉米諾斯	自譯(音譯慣例,西班牙瓜達拉哈拉省真實地名)
SCENARIO	Alberico Da Barbian	阿爾貝利科·達·巴爾比亞諾號	查證(WebSearch),義大利迪朱薩諾級輕巡洋艦,原文應為 Alberico da Barbiano
SCENARIO	Alberto Di Guissano	阿爾貝托·迪·朱薩諾號	查證(WebSearch),義大利迪朱薩諾級輕巡洋艦,原文應為 Alberto di Giussano
SCENARIO	Alcoa	阿爾科亞	自譯(音譯慣例,美國田納西州城鎮)
SCENARIO	Algora	阿爾戈拉	自譯(音譯慣例,西班牙瓜達拉哈拉省)
SCENARIO	Almadrones	阿爾馬德羅內斯	自譯(音譯慣例,西班牙瓜達拉哈拉省)
SCENARIO	Altavilla	阿爾塔維拉	自譯(音譯慣例,義大利薩雷諾省)
SCENARIO	Alte Oder River	老奧德河	自譯(Alte=舊,Oder奧德河為通用戰史譯名)
SCENARIO	Amay sur Orne	阿邁敘爾奧恩	自譯(音譯慣例,法國卡爾瓦多斯省)
SCENARIO	Amfiklia	安菲克利亞	自譯(音譯慣例,希臘)
SCENARIO	Amtissa	安菲薩	不確定,建議查證(疑為希臘 Amfissa 異拼)
SCENARIO	Andrea Doria	安德烈亞·多里亞號	查證(WebSearch),義大利安德烈亞·多里亞級戰艦
SCENARIO	Andruschki	安德魯什基	不確定,建議查證(俄語村名音譯,近沃洛科拉姆斯克方向)
SCENARIO	Ano	阿諾	不確定,建議查證(希臘語「上/高地」,疑為地名字首被截斷)
SCENARIO	Antonio Da Noli	安東尼奧·達·諾利號	查證(WebSearch),義大利領航員級驅逐艦
SCENARIO	Antonio Pigafetta	安東尼奧·皮加費塔號	查證(WebSearch),義大利領航員級驅逐艦
SCENARIO	Antoniotto Usodimar	安東尼奧托·烏索迪馬雷號	查證(WebSearch),義大利領航員級驅逐艦,原文應為 Antoniotto Usodimare
SCENARIO	Aq Canal	阿克賽運河	不確定,建議查證(推測 Aq 為 Aksay 之訛寫或簡稱)
SCENARIO	Aq River	阿克賽河	不確定,建議查證(推測對應 Aksai River)
SCENARIO	Aquila	阿奎拉	自譯(音譯慣例,義大利地名,疑為薩雷諾戰場小地物)
SCENARIO	Archilla	阿爾奇利亞	自譯(音譯慣例,西班牙瓜達拉哈拉省)
SCENARIO	Argecilla	阿爾赫西利亞	自譯(音譯慣例,西班牙瓜達拉哈拉省)
SCENARIO	Armentieres	阿爾芒蒂耶爾	自譯(音譯慣例,法國北部)
SCENARIO	Arneke	阿爾內克	自譯(音譯慣例,法國北部)
SCENARIO	Arracourt	阿拉庫爾	對齊戰役百科
SCENARIO	Arromanches les Bains	阿羅曼什濱海鎮	自譯(音譯慣例,諾曼第登陸知名地標)
SCENARIO	Aschersleben	阿舍斯萊本	自譯(音譯慣例,德國薩克森-安哈特邦)
SCENARIO	Aslag Ridge	阿斯拉格嶺	不確定,建議查證
SCENARIO	Aslag ridge	阿斯拉格嶺	不確定,建議查證(與 Aslag Ridge 同一地名,大小寫不同)
SCENARIO	Atalandi	阿塔蘭迪	自譯(音譯慣例,希臘)
SCENARIO	Aube River	奧布河	自譯(音譯慣例,法國)
SCENARIO	Audun-le-Roman	奧敦勒羅曼	自譯(音譯慣例,法國洛林)
SCENARIO	Aunay sur Oden	奧奈敘爾奧登	自譯(音譯慣例,法國卡爾瓦多斯省)
SCENARIO	Aure River	奧爾河	自譯(音譯慣例,諾曼第)
SCENARIO	Aurith	奧里特	自譯(音譯慣例,德國奧德河畔)
SCENARIO	Avalanche	雪崩作戰	對齊戰役百科
SCENARIO	Avellino	阿韋利諾	自譯(音譯慣例,義大利)
SCENARIO	Avenay	阿夫奈	自譯(音譯慣例,法國香檳地區)
SCENARIO	Ayla Konstantinos	阿伊亞康斯坦丁諾斯	自譯(音譯慣例,疑為希臘 Agia Konstantinos 異拼)
SCENARIO	Ayla Marina	阿伊亞馬里納	自譯(音譯慣例,疑為希臘 Agia Marina 異拼)
SCENARIO	Ayla Trias	阿伊亞特里亞斯	自譯(音譯慣例,疑為希臘 Agia Trias 異拼)
SCENARIO	Badiel River	巴迪耶爾河	查證(WebSearch),西班牙瓜達拉哈拉省真實河流,埃納雷斯河支流
SCENARIO	Baerenthal	貝倫塔爾	自譯(音譯慣例,法國阿爾薩斯,德語地名)
SCENARIO	Bal-Kiliti	巴爾基利蒂	不確定,建議查證
SCENARIO	Balleroy	巴勒羅瓦	自譯(音譯慣例,諾曼第)
SCENARIO	Baltimore	巴爾的摩	自譯(音譯慣例,美國知名城市)
SCENARIO	Balyka	巴利卡	不確定,建議查證
SCENARIO	Bar River	巴爾河	不確定,建議查證
SCENARIO	Baracska	巴拉奇卡	查證(WebSearch),匈牙利費耶爾州村鎮
SCENARIO	Barboeni	伯爾博耶尼	查證(WebSearch),即 Bărboieni,今摩爾多瓦尼斯波雷尼縣村莊
SCENARIO	Barby	巴爾比	自譯(音譯慣例,德國薩克森-安哈特邦易北河畔)
SCENARIO	Baronissi	巴羅尼西	自譯(音譯慣例,義大利薩雷諾省)
SCENARIO	Basly	巴斯利	自譯(音譯慣例,諾曼第)
SCENARIO	Battipaglia	巴蒂帕利亞	自譯(音譯慣例,義大利薩雷諾省)
SCENARIO	Baupte	博普特	自譯(音譯慣例,諾曼第)
SCENARIO	Bayeux	巴約	自譯(音譯慣例,諾曼第古城通用譯名)
SCENARIO	Beachhead Red	紅灘頭	自譯(通名意譯)
SCENARIO	Beachhead Roger Amber	羅傑琥珀灘頭	自譯(通名意譯,登陸灘頭分區代號)
SCENARIO	Beachhead Roger Green	羅傑綠灘頭	自譯(通名意譯)
SCENARIO	Beachhead Uncle Green	安克爾綠灘頭	自譯(通名意譯,Uncle為WWII軍用音標字母代號)
SCENARIO	Beachhead Yellow/Green	黃/綠灘頭	自譯(通名意譯)
SCENARIO	Beeskow	比斯考	自譯(音譯慣例,德國布蘭登堡邦)
SCENARIO	Belebzika	別列布濟卡	不確定,建議查證
SCENARIO	Belograd	別爾哥羅德	查證(WebSearch),高度確認為 Belgorod 拼字訛誤,庫斯克會戰重鎮
SCENARIO	Bergues	貝格	自譯(音譯慣例,法國北部,近敦克爾克)
SCENARIO	Berhida	貝爾希達	查證(WebSearch),匈牙利韋斯普雷姆州真實城鎮
SCENARIO	Berigny	貝里尼	自譯(音譯慣例,諾曼第)
SCENARIO	Berlin	柏林	對齊戰役百科
SCENARIO	Bernau	貝爾瑙	自譯(音譯慣例,德國柏林近郊)
SCENARIO	Bernburg	貝恩堡	自譯(音譯慣例,德國薩克森-安哈特邦)
SCENARIO	Bethune	貝蒂訥	自譯(音譯慣例,法國北部)
SCENARIO	Biri	比里	不確定,建議查證
SCENARIO	Birkirkara	比爾基卡拉	自譯(音譯慣例,馬爾他城鎮通用譯名)
SCENARIO	Bischwiller	比施維萊	自譯(音譯慣例,法國阿爾薩斯)
SCENARIO	Bitche	比奇	自譯(音譯慣例,法國洛林)
SCENARIO	Bitterfeld	比特費爾德	自譯(音譯慣例,德國薩克森-安哈特邦)
SCENARIO	Blaringhem	布拉蘭根	自譯(音譯慣例,法國北部)
SCENARIO	Blinovskiy	布利諾夫斯基	查證(WebSearch),伏爾加格勒州謝拉菲莫維奇區真實小村
SCENARIO	Bluffton	布拉夫頓	自譯(音譯慣例,美國南卡羅來納州)
SCENARIO	Bobenthal	博本塔爾	自譯(音譯慣例,德國萊茵-普法爾茲邦)
SCENARIO	Bobritsa	博布里察	查證(WebSearch),烏克蘭基輔州真實地名,惟精確位置待再查證
SCENARIO	Bode River	波德河	自譯(音譯慣例,德國)
SCENARIO	Boise	波夕	自譯(音譯慣例,台灣慣用「波夕」,美國愛達荷州)
SCENARIO	Bol I Shora	博伊紹拉	不確定,建議查證(原文拼字異常,疑訛誤)
SCENARIO	Bol'Shaya Neva River	大涅瓦河	查證(WebSearch),聖彼得堡涅瓦河三角洲分流
SCENARIO	Bol'Shaya Nevka River	大涅夫卡河	查證(WebSearch),涅瓦河三角洲分流
SCENARIO	Bol'saja Sestra River	大謝斯特拉河	查證(中文維基確認)
SCENARIO	Bol'shaya Podyarugi	大波賈魯吉	不確定,建議查證
SCENARIO	Bolshaya Donschinka	大頓什欽卡	不確定,建議查證(推測為頓河支流小河名)
SCENARIO	Bornova River	博爾諾瓦河	不確定,建議查證(查得土耳其伊茲密爾市 Bornova 區,與本作戰場地理不符,存疑)
SCENARIO	Boulay-Moselle	布萊-摩澤爾	自譯(音譯慣例,法國洛林)
SCENARIO	Boulzicourt	布爾濟庫爾	自譯(音譯慣例,法國阿登省)
SCENARIO	Bourbourgville	布爾堡維爾	自譯(音譯慣例,法國北部,近布爾堡 Bourbourg)
SCENARIO	Bourdonnay	布爾多奈	自譯(音譯慣例,法國洛林)
SCENARIO	Bourgue'lous	布爾格盧	不確定,建議查證(拼字特殊,疑地圖檔案訛拼)
SCENARIO	Bouvellemont	布維勒蒙	自譯(音譯慣例,法國阿登省)
SCENARIO	Bouxville	布克斯維爾	不確定,建議查證(拼字疑訛,法國洛林方向)
SCENARIO	Bouzonville	布宗維爾	自譯(音譯慣例,法國洛林)
SCENARIO	Brallos	布拉洛斯	自譯(音譯慣例,希臘)
SCENARIO	Bravicea	布拉維察	查證(WebSearch),今摩爾多瓦克勒拉希縣村莊
SCENARIO	Bray	布雷	不確定,建議查證(法國常見地名字首,單獨出現指涉不明)
SCENARIO	Bray Dunes	布雷丹	自譯(音譯慣例,法國知名地名 Bray-Dunes)
SCENARIO	Breesnyagi	別列斯尼亞吉	不確定,建議查證
SCENARIO	Brettville l'Orgueilleuse	布雷特維爾洛格厄茲	自譯(音譯慣例,諾曼第)
SCENARIO	Brettville sur Laize	布雷特維爾敘爾萊茲	自譯(音譯慣例,諾曼第)
SCENARIO	Briey	布里埃	自譯(音譯慣例,法國洛林)
SCENARIO	Brihuega	布里韋加	自譯(音譯慣例,西班牙內戰知名戰址)
SCENARIO	Broad River	布羅德河	自譯(音譯慣例,美國喬治亞/南卡羅來納州)
SCENARIO	Brooklyn	布魯克林	自譯(音譯慣例,美國知名地名)
SCENARIO	Buchak	布查克	查證(WebSearch),卡涅夫/特拉赫捷米里夫半島附近真實村莊
SCENARIO	Bucovat	布科瓦茨	查證(WebSearch),即 Bucovăț,今摩爾多瓦斯特拉謝尼縣
SCENARIO	Buda	布達	查證(WebSearch),布達佩斯西岸舊城,沿用既定譯名
SCENARIO	Budafok	布達福克	查證(WebSearch),布達佩斯多瑙河畔行政區
SCENARIO	Bully	布利	自譯(音譯慣例,法國北部)
SCENARIO	Bulson	布爾松	自譯(音譯慣例,法國阿登省,近色當)
SCENARIO	Bundenthal	本登塔爾	自譯(音譯慣例,德國萊茵-普法爾茲邦)
SCENARIO	Bures	比爾	不確定,建議查證(法國多處同名,指涉不明)
SCENARIO	Cabourg	卡布爾	自譯(音譯慣例,諾曼第知名濱海小鎮)
SCENARIO	Caen	卡昂	對齊戰役百科
SCENARIO	Caen - Charnwood - Oden Valley	卡昂-查恩伍德作戰-奧登河谷	對齊戰役百科(延伸標題,奧登河谷自譯)
SCENARIO	Caen - Operation Goodwood	卡昂-古德伍德作戰	對齊戰役百科
SCENARIO	Caestre	凱斯特爾	自譯(音譯慣例,法國北部)
SCENARIO	Caging the Bear (Multi)	困熊記(多人)	對齊戰役百科
SCENARIO	Calarasi	克勒拉希	查證(WebSearch),即 Călărași,今摩爾多瓦城鎮
SCENARIO	Calore River	卡洛雷河	自譯(音譯慣例,義大利薩雷諾地區)
SCENARIO	Camberley	坎伯利	自譯(音譯慣例,英國薩里郡,近溫莎)
SCENARIO	Camp d'Oberhoffen	奧伯霍芬營區	自譯(音譯+意譯,法國阿爾薩斯)
SCENARIO	Camp de Bitche	比奇營區	自譯(音譯+意譯,法國洛林)
SCENARIO	Canal du Moselle-Rhin	摩澤爾-萊茵運河	自譯(音譯慣例)
SCENARIO	Canamares River	卡納馬雷斯河	自譯(音譯慣例,西班牙瓜達拉哈拉省)
SCENARIO	Carentan	卡朗坦	自譯(音譯慣例,諾曼第知名小鎮)
SCENARIO	Carpineni	克爾皮內尼	查證(WebSearch),即 Cărpineni,今摩爾多瓦欣切什蒂縣公社
SCENARIO	Carpiquet	卡爾皮凱	自譯(音譯慣例,諾曼第,卡昂近郊機場所在地)
SCENARIO	Carrier Hill	卡里爾山	不確定,建議查證
SCENARIO	Cassel	卡塞爾	自譯(音譯慣例,法國北部,近敦克爾克)
SCENARIO	Castellammare	卡斯泰拉馬雷	自譯(音譯慣例,義大利,Castellammare di Stabia)
SCENARIO	Cauldron	大鍋	對齊戰役百科
SCENARIO	Caumont	科蒙	自譯(音譯慣例,諾曼第)
SCENARIO	Cava di Terrelli	卡瓦迪泰雷利	不確定,建議查證(義大利薩雷諾地區,拼字疑有訛誤)
SCENARIO	Cency	岑西	不確定,建議查證
SCENARIO	Chagny	沙尼	不確定,建議查證(法國地名,場景歸屬不明)
SCENARIO	Chambley	尚布萊	自譯(音譯慣例,法國洛林)
SCENARIO	Champenoux	尚普努	自譯(音譯慣例,法國洛林)
SCENARIO	Chateau-Salins	沙托-薩蘭	自譯(音譯慣例,法國洛林)
SCENARIO	Chemery	舍梅里	自譯(音譯慣例,法國阿登省,近色當)
SCENARIO	Chernyshi	切爾內希	不確定,建議查證(俄語常見村名 Черныши)
SCENARIO	Chertsey	徹特西	自譯(音譯慣例,英國薩里郡,近溫莎)
SCENARIO	Chiers River	希耶河	自譯(音譯慣例,法國阿登省)
SCENARIO	Chir River	契爾河	對齊戰役百科(戰役.md「契爾河畔的土星作戰」)
SCENARIO	Chorzellen	霍熱萊	自譯(音譯慣例,波蘭 Chorzele 異拼)
SCENARIO	Ciechanow	切哈努夫	對齊戰役百科
SCENARIO	Cienfuentes	謝恩富恩特斯	自譯(音譯慣例,西班牙瓜達拉哈拉省)
SCENARIO	Cioara	喬阿拉	查證(WebSearch),今摩爾多瓦欣切什蒂縣村莊
SCENARIO	Ciopleni	喬普萊尼	查證(WebSearch),今摩爾多瓦克里烏萊尼縣村莊
SCENARIO	Cismana	齊斯馬納	不確定,建議查證
SCENARIO	Citta Vecchia Rabat	拉巴特舊城	自譯(音譯+意譯,馬爾他古都 Città Vecchia/Rabat)
SCENARIO	Climbach	克林巴赫	自譯(音譯慣例,法國阿爾薩斯)
SCENARIO	Clinch River	克林奇河	自譯(音譯慣例,美國田納西州,近橡樹嶺)
SCENARIO	Clinton	克林頓	自譯(音譯慣例,美國田納西州城鎮)
SCENARIO	Coalfield	科爾菲爾德	自譯(音譯慣例,美國田納西州城鎮)
SCENARIO	Cogilnic River	科加爾尼克河	查證(WebSearch),即 Cogâlnic 河,今摩爾多瓦真實河流
SCENARIO	Cojusna	科尤什納	查證(WebSearch),即 Cojușna,今摩爾多瓦斯特拉謝尼縣村莊
SCENARIO	Colleville sur Mer	科勒維爾敘爾梅爾	自譯(音譯慣例,諾曼第,美軍公墓所在地通用譯名)
SCENARIO	Conflans	孔夫朗	自譯(音譯慣例,法國洛林)
SCENARIO	Contursi	孔圖爾西	自譯(音譯慣例,義大利薩雷諾省)
SCENARIO	Cormelles	科梅勒	自譯(音譯慣例,諾曼第,卡昂近郊)
SCENARIO	Cornwall	康沃爾	不確定,建議查證(可能指英國康沃爾郡,或美國同名城鎮,場景歸屬不明)
SCENARIO	Cossack	科薩克號	查證(WebSearch),英國部族級驅逐艦
SCENARIO	Costesti	科斯泰什蒂	查證(WebSearch),即 Costești,今摩爾多瓦亞洛韋尼縣村莊
SCENARIO	Cotu Mori	科圖莫里	查證(WebSearch),即 Cotul Morii,今摩爾多瓦欣切什蒂縣公社
SCENARIO	Courcelles-sur-Nied	庫瑟勒敘爾涅德	自譯(音譯慣例,法國洛林)
SCENARIO	Courseulles sur Mer	庫瑟勒敘爾梅爾	自譯(音譯慣例,諾曼第,朱諾灘登陸點)
SCENARIO	Coutances	庫唐斯	自譯(音譯慣例,諾曼第知名城市)
SCENARIO	Csakvar	恰克瓦爾	查證(WebSearch),匈牙利費耶爾州真實村鎮
SCENARIO	Dambach	當巴赫	自譯(音譯慣例,法國阿爾薩斯)
SCENARIO	Daryevka	達里耶夫卡	不確定,建議查證
SCENARIO	Delphi	德爾菲	自譯(音譯慣例,希臘知名古蹟通用譯名)
SCENARIO	Dessau	德紹	對齊戰役百科
SCENARIO	Dieulouard	迪厄魯瓦	自譯(音譯慣例,法國洛林)
SCENARIO	Dieuze	迪厄茲	自譯(音譯慣例,法國洛林)
SCENARIO	Dives River	迪沃河	自譯(音譯慣例,諾曼第)
SCENARIO	Dnepr River	第聶伯河	對齊戰役百科(戰役.md用字)
SCENARIO	Dombasie	東巴斯勒	不確定,建議查證(疑為法國洛林 Dombasle-sur-Meurthe 異拼)
SCENARIO	Domsod	德姆舍德	查證(WebSearch),匈牙利佩斯州多瑙河左岸村鎮
SCENARIO	Don River	頓河	自譯(音譯慣例,通用戰史譯名)
SCENARIO	Donchery	東什里	自譯(音譯慣例,法國阿登省,近色當)
SCENARIO	Donets River	頓涅茨河	自譯(音譯慣例,通用戰史譯名)
SCENARIO	Douve River	杜夫河	自譯(音譯慣例,諾曼第)
SCENARIO	Drive to the Sea	逐退入海	對齊戰役百科
SCENARIO	Drome River	德羅姆河	不確定,建議查證(場景歸屬不明)
SCENARIO	Dubari	杜巴薩里	不確定,建議查證(推測為 Dubăsari 縮寫或訛誤)
SCENARIO	Dubovsky	杜博夫斯基	查證(WebSearch),頓河附近真實地名(Dubovskoy)
SCENARIO	Duke of York	約克公爵號	查證(WebSearch),英國英王喬治五世級戰艦
SCENARIO	Dulce River	杜爾切河	不確定,建議查證(Dulce 為羅馬尼亞語「甜」,查無現代地圖確切對應)
SCENARIO	Duna River	多瑙河	查證(WebSearch),匈牙利語「多瑙河」,不音譯
SCENARIO	Dunafoldvar	多瑙弗爾德瓦爾	查證(WebSearch),匈牙利托爾瑙州多瑙河畔城鎮
SCENARIO	Dunapentele	多瑙潘泰萊	查證(WebSearch),今 Dunaújváros 舊名,匈牙利費耶爾州多瑙河畔
SCENARIO	Dunavecse	多瑙韋切	查證(WebSearch),匈牙利巴奇-基什孔州多瑙河畔城鎮
SCENARIO	Dunkirk	敦克爾克	對齊戰役百科
SCENARIO	Eboli	埃博利	自譯(音譯慣例,義大利薩雷諾省)
SCENARIO	Edison	愛迪生	不確定,建議查證(美國常見地名,場景歸屬不明)
SCENARIO	Egham	埃格姆	自譯(音譯慣例,英國薩里郡,近溫莎)
SCENARIO	Eisenhuttenstadt	艾森許滕施塔特	自譯(音譯慣例,德國布蘭登堡邦)
SCENARIO	Eisleben	艾斯萊本	自譯(音譯慣例,德國薩克森-安哈特邦)
SCENARIO	El Adem	埃爾阿德姆	自譯(音譯慣例,利比亞,近托布魯克真實地名)
SCENARIO	El Aden	埃爾阿登	不確定,建議查證(疑與 El Adem 為同一地名之異拼)
SCENARIO	Elbe River	易北河	自譯(音譯慣例,通用戰史譯名)
SCENARIO	Elster River	埃爾斯特河	自譯(音譯慣例,德國)
SCENARIO	Elverum	埃爾維魯姆	自譯(音譯慣例,挪威)
SCENARIO	Emanuele Pessagno	埃馬努埃萊·佩薩尼奧號	查證(WebSearch),義大利領航員級驅逐艦
SCENARIO	Enying	恩英	查證(WebSearch),匈牙利費耶爾州真實城鎮
SCENARIO	Erberbach	埃貝爾巴赫	不確定,建議查證(疑為德國巴登-符騰堡邦 Eberbach 鎮拼字訛誤)
SCENARIO	Esquay	埃斯凱	自譯(音譯慣例,諾曼第)
SCENARIO	Estaires	埃斯泰爾	自譯(音譯慣例,法國北部)
SCENARIO	Etain	埃坦	自譯(音譯慣例,法國洛林)
SCENARIO	Etyek	埃切克	查證(WebSearch),匈牙利費耶爾州真實村鎮
SCENARIO	Farragut	法拉格特	自譯(音譯慣例,美國田納西州城鎮)
SCENARIO	Fedoroloka	費多羅洛卡	不確定,建議查證(拼字疑有誤,推測近 Fedorovka)
SCENARIO	Finnish Finished?	芬蘭完蛋?	對齊戰役百科
SCENARIO	Finnish Vacation	芬蘭假期	對齊戰役百科
SCENARIO	Flavigny	弗拉維尼	自譯(音譯慣例,法國洛林)
SCENARIO	Flize	弗利茲	自譯(音譯慣例,法國阿登省)
SCENARIO	Four Player Madness	四人混戰	對齊戰役百科
SCENARIO	Franceville Plage	弗朗斯維爾濱海	自譯(音譯+意譯,諾曼第)
SCENARIO	Frankfurt	奧德河畔法蘭克福	自譯(音譯慣例,近澤洛高地,與美茵河畔法蘭克福區別)
SCENARIO	Fresnes	弗雷訥	自譯(音譯慣例,法國洛林)
SCENARIO	Fronmuh	弗龍穆	不確定,建議查證
SCENARIO	Furnes	菲爾訥	自譯(音譯慣例,比利時,法語地名,今 Veurne)
SCENARIO	Furstenwalde	菲爾斯滕瓦爾德	自譯(音譯慣例,德國布蘭登堡邦)
SCENARIO	Gamsheim	甘斯海姆	自譯(音譯慣例,法國阿爾薩斯)
SCENARIO	Garzin	加爾津	不確定,建議查證
SCENARIO	Gelucourt	熱呂庫爾	自譯(音譯慣例,法國洛林)
SCENARIO	Gerbeviller	熱爾貝維萊	自譯(音譯慣例,法國洛林)
SCENARIO	Gibraltar or Bust (3 Player)	直布羅陀或死(三人版)	對齊戰役百科
SCENARIO	Giovanni Di Verazza	喬瓦尼·達·韋拉扎諾號	查證(WebSearch),義大利領航員級驅逐艦,原文應為 Giovanni da Verrazzano
SCENARIO	Gjevik	約維克	自譯(音譯慣例,挪威 Gjøvik 異拼)
SCENARIO	Gold Beach	黃金灘	自譯(音譯慣例,D-Day 登陸灘頭通用譯名)
SCENARIO	Gorban	戈爾班	不確定,建議查證(查得羅馬尼亞雅西縣有同名村,地緣相符但無法確證)
SCENARIO	Gorbatovski	戈爾巴托夫斯基	查證(WebSearch),伏爾加格勒州謝拉菲莫維奇區真實小村
SCENARIO	Gorkavishchina	戈爾卡維希奇納	不確定,建議查證
SCENARIO	Graf Zeppelin	齊柏林伯爵號	查證(WebSearch),德國航空母艦
SCENARIO	Grandcamp les Bains	格朗康濱海鎮	自譯(音譯慣例,諾曼第)
SCENARIO	Gravelines	格拉沃利訥	自譯(音譯慣例,法國北部)
SCENARIO	Gravelotte	格拉沃洛特	自譯(音譯慣例,法國洛林,1870年知名戰址)
SCENARIO	Gravia	格拉維亞	自譯(音譯慣例,希臘)
SCENARIO	Gries	格里	自譯(音譯慣例,法國阿爾薩斯)
SCENARIO	Grigorovka	格里戈羅夫卡	查證(WebSearch),即 Hryhorivka,卡涅夫渡河戰主戰場之一
SCENARIO	Grishchentsy	格里申齊	不確定,建議查證(疑為布克林橋頭堡附近小村)
SCENARIO	Grushevo	格魯舍沃	不確定,建議查證(俄語常見村名,意為「梨園」)
SCENARIO	Guadalajara	瓜達拉哈拉	對齊戰役百科(戰役.md用字)
SCENARIO	Guilio Cesare	朱利奧·凱撒號	查證(WebSearch),義大利加富爾伯爵級戰艦,原文應為 Giulio Cesare
SCENARIO	Gundershoffen	貢德斯霍芬	自譯(音譯慣例,法國阿爾薩斯)
SCENARIO	Haguenau	阿格諾	自譯(音譯慣例,法國阿爾薩斯知名城鎮)
SCENARIO	Haida	海達	不確定,建議查證(查得德語地名即今捷克 Nový Bor,與本作戰場地理較不吻合,存疑)
SCENARIO	Halberstadt	哈爾伯施塔特	自譯(音譯慣例,德國薩克森-安哈特邦)
SCENARIO	Halle	哈雷	自譯(音譯慣例,德國知名城市)
SCENARIO	Hamar	哈馬爾	自譯(音譯慣例,挪威)
SCENARIO	Hamrun	哈姆倫	自譯(音譯慣例,馬爾他城鎮)
SCENARIO	Hardwicke	哈德威克	不確定,建議查證(英國多處同名地名)
SCENARIO	Harriman	哈里曼	自譯(音譯慣例,美國田納西州城鎮)
SCENARIO	Hasenfeld	哈森費爾德	不確定,建議查證(法國阿爾薩斯方向,疑地圖自訂地名)
SCENARIO	Hatian Ridge	哈提安嶺	不確定,建議查證
SCENARIO	Hatten	哈滕	自譯(音譯慣例,法國阿爾薩斯知名戰址)
SCENARIO	Hauptgraben River	豪普特格拉本河	自譯(音譯慣例,德語通名 Graben=溝渠,德國)
SCENARIO	Hawkins	霍金斯	查證(WebSearch),疑為美國田納西/喬治亞州界真實地名 Hawkins Ridge
SCENARIO	Heinjoki	海因約基	自譯(音譯慣例,芬蘭)
SCENARIO	Helme River	黑爾默河	自譯(音譯慣例,德國)
SCENARIO	Henares River	埃納雷斯河	自譯(音譯慣例,西班牙瓜達拉哈拉知名河流)
SCENARIO	Hercegfalva	海爾采格法爾瓦	查證(WebSearch),今 Mezőfalva 舊名,匈牙利費耶爾州
SCENARIO	Herrlishheim	赫爾利斯海姆	自譯(音譯慣例,法國阿爾薩斯)
SCENARIO	Hettstedt	黑特施泰特	自譯(音譯慣例,德國薩克森-安哈特邦)
SCENARIO	Hilton Head	希爾頓黑德	自譯(音譯+意譯,美國南卡羅來納州知名島嶼)
SCENARIO	Hincesti	欣切什蒂	查證(WebSearch),即 Hîncești,今摩爾多瓦城鎮
SCENARIO	Hinges	安日	不確定,建議查證(法國北部地名)
SCENARIO	Hipper	希佩爾海軍上將號	查證(WebSearch),德國希佩爾將軍級重巡洋艦
SCENARIO	Holbach	霍爾巴赫	不確定,建議查證
SCENARIO	Holston River	霍爾斯頓河	自譯(音譯慣例,美國田納西州)
SCENARIO	Hontanares	翁塔納雷斯	自譯(音譯慣例,西班牙瓜達拉哈拉省)
SCENARIO	Huron	休倫	不確定,建議查證(場景歸屬不明)
SCENARIO	Ichel River	伊克爾河	不確定,建議查證
SCENARIO	Ilino	伊利諾	不確定,建議查證(俄語常見村名 Ильино)
SCENARIO	Illustrious	光輝號	查證(WebSearch),英國光輝級航空母艦
SCENARIO	Im Kabba	伊姆卡巴	不確定,建議查證(利比亞托布魯克附近,疑阿拉伯語地名訛拼)
SCENARIO	Ingwiller	安格維萊	自譯(音譯慣例,法國阿爾薩斯)
SCENARIO	Invasion Salerno	薩雷諾防禦戰(德方視角)	對齊戰役百科
SCENARIO	Ioloveni	亞洛韋尼	查證(WebSearch),即 Ialoveni,今摩爾多瓦城鎮,基希涅夫南郊
SCENARIO	Iowa	愛荷華	自譯(音譯慣例,美國州名通用譯名)
SCENARIO	Isigny	伊西尼	自譯(音譯慣例,諾曼第)
SCENARIO	Island Barn Reservoir	島畔水庫	不確定,建議查證(英國薩里郡真實水庫,意譯嘗試)
SCENARIO	Isztimer	伊斯蒂梅爾	查證(WebSearch),匈牙利費耶爾州村鎮
SCENARIO	Jadraque	哈德拉克	自譯(音譯慣例,西班牙瓜達拉哈拉省)
SCENARIO	Jamuga	亞穆加	查證(WebSearch),今屬克林近郊真實地名/河流
SCENARIO	Janow	雅努夫	自譯(音譯慣例,波蘭)
SCENARIO	Jaropolac	雅羅波列茨	查證(WebSearch),即 Yaropolets,沃洛科拉姆斯克附近真實地名
SCENARIO	Jednevo	葉德涅沃	不確定,建議查證
SCENARIO	Jijia River	日日亞河	不確定,建議查證(羅馬尼亞/摩爾多瓦邊界河流,音譯嘗試)
SCENARIO	Jonval	容瓦爾	自譯(音譯慣例,法國阿登省)
SCENARIO	Juno Beach	朱諾灘	自譯(音譯慣例,D-Day 登陸灘頭通用譯名)
SCENARIO	Juntusranta	尤恩圖斯蘭塔	自譯(音譯慣例,芬蘭)
SCENARIO	Jurceni	尤爾切尼	查證(WebSearch),即 Iurceni,今摩爾多瓦村莊
SCENARIO	Juustila	尤斯蒂拉	自譯(音譯慣例,芬蘭)
SCENARIO	Juvelize	敘弗利茲	不確定,建議查證(法國洛林方向,拼字疑訛)
SCENARIO	Kajaszo-Szt.-Peter	考亞索聖彼得	查證(WebSearch),即 Kajászószentpéter(今簡稱 Kajászó),匈牙利費耶爾州
SCENARIO	Kalmykov	卡爾梅科夫	查證(WebSearch),克列茨卡亞西南,天王星行動交戰地點
SCENARIO	Kalothronion	卡洛斯羅尼翁	不確定,建議查證(希臘地名音譯)
SCENARIO	Kanev	卡涅夫	對齊戰役百科
SCENARIO	Kapolnas Nyek	卡波爾納什涅克	查證(WebSearch),即 Kápolnásnyék,匈牙利費耶爾州
SCENARIO	Kapp	卡普	不確定,建議查證
SCENARIO	Kato Dhio Vouna	卡托迪奧武納	自譯(音譯慣例,希臘,意為「下兩山」)
SCENARIO	Kaverino	卡韋里諾	不確定,建議查證
SCENARIO	Kehl	凱爾	自譯(音譯慣例,德國萊茵河畔知名渡河點)
SCENARIO	Keller	凱勒	不確定,建議查證
SCENARIO	Kent	肯特	不確定,建議查證(場景歸屬不明)
SCENARIO	Khodorov	霍多羅夫	查證(WebSearch),即 Khodoriv,布克林彎真實村莊
SCENARIO	Kholyn'ya River	霍利尼亞河	不確定,建議查證(俄語河流音譯,近諾夫哥羅德/沃爾霍夫方向)
SCENARIO	Khuper River	霍皮奧爾河	不確定,建議查證(推測對應 Khoper River,頓河最大左岸支流)
SCENARIO	Khurtora	胡爾托拉	不確定,建議查證(疑為俄語通名「哥薩克村」被誤植為專名)
SCENARIO	Kifisokhori	基菲索霍里	自譯(音譯慣例,希臘)
SCENARIO	King's Cross	國王十字	自譯(音譯+意譯,倫敦知名地名通用譯名)
SCENARIO	Kingston	金斯頓	自譯(音譯慣例,英國薩里郡泰晤士河畔金斯頓)
SCENARIO	Kishinev	基希涅夫	對齊戰役百科
SCENARIO	Kiskuplaczk	基什孔拉哈扎	不確定,建議查證(拼字明顯訛誤,依地緣推測為 Kiskunlacháza)
SCENARIO	Kletskaya	克列茨卡亞	查證(WebSearch),伏爾加格勒州頓河畔真實地名,天王星行動主要突破口之一
SCENARIO	Klin	克林	對齊戰役百科
SCENARIO	Knoxville	諾克斯維爾	自譯(音譯慣例,美國田納西州知名城市)
SCENARIO	Korowino	科羅維諾	不確定,建議查證
SCENARIO	Kosinzy	科辛齊	不確定,建議查證
SCENARIO	Kostrovo	科斯特羅沃	不確定,建議查證
SCENARIO	Kothen	克滕	自譯(音譯慣例,德國薩克森-安哈特邦 Köthen)
SCENARIO	Kovali	科瓦利	不確定,建議查證(意為「鐵匠村」)
SCENARIO	Kozarovka	科扎羅夫卡	不確定,建議查證
SCENARIO	Kozin	科津	查證(WebSearch),即 Kozyn,第聶伯河畔真實村莊
SCENARIO	Krasnoe Selo	克拉斯諾耶謝洛	查證(WebSearch),列寧格勒近郊真實市鎮
SCENARIO	Krasnograd	克拉斯諾格勒	查證(WebSearch),烏克蘭真實城市,惟地理位置偏南,與卡涅夫渡河戰場有距離,存疑
SCENARIO	Krummensee	克魯門湖	自譯(音譯+意譯,德國柏林近郊,See=湖)
SCENARIO	Kryznowloga	克熱諾沃加	不確定,建議查證(波蘭地名,疑為 Krzynowłoga 異拼)
SCENARIO	Kunersdorf	庫勒斯道夫	自譯(音譯慣例,德國,1759年知名戰址)
SCENARIO	Kupasaari	庫帕薩里	自譯(音譯慣例,芬蘭)
SCENARIO	Kurilovka	庫里洛夫卡	不確定,建議查證
SCENARIO	Kurtlak River	庫爾特拉克河	查證(WebSearch),契爾河主要左岸支流
SCENARIO	Kusmintsy	庫茲明齊	不確定,建議查證
SCENARIO	Kustrin	屈斯特林	自譯(音譯慣例,德國,今屬波蘭 Kostrzyn,奧德河畔要塞通用譯名)
SCENARIO	LAKE	湖	自譯(通用地物)
SCENARIO	La Bassee	拉巴塞	自譯(音譯慣例,法國北部)
SCENARIO	La Haye du Puits	拉艾迪皮	自譯(音譯慣例,諾曼第)
SCENARIO	La Wantzenau	拉萬特諾	自譯(音譯慣例,法國阿爾薩斯)
SCENARIO	La-Petite-Pierre	小皮耶爾	自譯(音譯+意譯,法國阿爾薩斯)
SCENARIO	Lagarde	拉加爾德	自譯(音譯慣例,法國洛林)
SCENARIO	Lake	湖	自譯(通用地物)
SCENARIO	Lake Ilmen	伊爾門湖	查證(WebSearch/中文維基確認)
SCENARIO	Lama River	拉馬河	查證(WebSearch),沃洛科拉姆斯克因此河得名
SCENARIO	Lamia	拉米亞	自譯(音譯慣例,希臘知名城市)
SCENARIO	Lanzerotto Malocell	蘭澤羅托·馬洛切洛號	查證(WebSearch),義大利領航員級驅逐艦,原文應為 Lanzerotto Malocello
SCENARIO	Lavola	拉沃拉	不確定,建議查證
SCENARIO	Lazirtsy	拉濟爾齊	不確定,建議查證
SCENARIO	Le Chesne	勒謝訥	自譯(音譯慣例,法國阿登省)
SCENARIO	Leatherhead	萊瑟黑德	自譯(音譯慣例,英國薩里郡,近溫莎)
SCENARIO	Leborecht Maass	萊貝雷希特·馬斯號	查證(WebSearch),德國1934型驅逐艦(Z1),原文應為 Leberecht Maass
SCENARIO	Ledrinhem	勒德里內姆	不確定,建議查證(法國北部地名,拼字疑訛)
SCENARIO	Leipzig	萊比錫	自譯(音譯慣例,德國知名城市)
SCENARIO	Lembach	倫巴赫	自譯(音譯慣例,法國阿爾薩斯)
SCENARIO	Lemberg	倫貝格	自譯(音譯慣例,法國洛林小鎮,與烏克蘭利沃夫舊名同名異地)
SCENARIO	Leningrad	列寧格勒	對齊戰役百科
SCENARIO	Lenoir City	勒努瓦城	自譯(音譯慣例,美國田納西州城鎮)
SCENARIO	Leplyayo	列普利亞耶沃	不確定,建議查證
SCENARIO	Les Etangs	萊塘	自譯(音譯+意譯,法國洛林,Etang=池塘)
SCENARIO	Lessay	萊西	自譯(音譯慣例,諾曼第)
SCENARIO	Lestrem	萊斯特雷姆	自譯(音譯慣例,法國北部)
SCENARIO	Leuseni	萊烏舍尼	查證(WebSearch),即 Leușeni,今摩爾多瓦欣切什蒂縣,普魯特河畔
SCENARIO	Levadia	利瓦迪亞	自譯(音譯慣例,希臘知名城市)
SCENARIO	Levkokhori	萊夫科霍里	自譯(音譯慣例,希臘)
SCENARIO	Ley	萊伊	不確定,建議查證
SCENARIO	Lezey	勒澤	自譯(音譯慣例,法國洛林)
SCENARIO	Liart	利亞爾	自譯(音譯慣例,法國阿登省)
SCENARIO	Lillehammer	利勒哈默爾	對齊戰役百科
SCENARIO	Lion sur Mer	里翁敘爾梅爾	自譯(音譯慣例,諾曼第,劍灘登陸點附近)
SCENARIO	Lipovvi Rog	利波維羅格	不確定,建議查證(疑俄語/烏克蘭語 Lipovyi Rog「椴樹角」音譯)
SCENARIO	Loganesti	洛加內什蒂	查證(WebSearch),即 Logănești,今摩爾多瓦欣切什蒂縣村莊
SCENARIO	Loknas River	洛克納斯河	不確定,建議查證(疑為俄羅斯 Loknya 河拼字訛變)
SCENARIO	London	倫敦	自譯(音譯慣例,通用譯名)
SCENARIO	Longos	隆戈斯	自譯(音譯慣例,希臘)
SCENARIO	Longueville	隆格維爾	自譯(音譯慣例,法國)
SCENARIO	Lorey	洛雷	不確定,建議查證(法國洛林方向)
SCENARIO	Loudon	勞登	自譯(音譯慣例,美國田納西州城鎮)
SCENARIO	Louvigny	盧維尼	自譯(音譯慣例,諾曼第,卡昂近郊)
SCENARIO	Lovat' River	洛瓦季河	查證(WebSearch),諾夫哥羅德附近注入伊爾門湖的主要河流
SCENARIO	Luc sur Mer	呂克敘爾梅爾	自譯(音譯慣例,諾曼第)
SCENARIO	Ludlow	勒德洛	不確定,建議查證(場景歸屬不明)
SCENARIO	Luga	盧加	查證(中文維基確認)
SCENARIO	Luigi Di Cadorna	路易吉·卡多爾納號	查證(WebSearch),義大利卡多爾納級輕巡洋艦,原文應為 Luigi Cadorna
SCENARIO	Luneville	呂內維爾	自譯(音譯慣例,法國洛林知名城市)
SCENARIO	Luvasbereny	洛瓦什貝雷尼	查證(WebSearch),即 Lovasberény,匈牙利費耶爾州村鎮
SCENARIO	Lys Canal	利斯運河	自譯(音譯慣例,利斯河為一戰通用戰史譯名)
SCENARIO	Lys River	利斯河	自譯(音譯慣例)
SCENARIO	Madrid Offensive	馬德里攻勢	對齊戰役百科
SCENARIO	Maidenhead	梅登黑德	自譯(音譯慣例,英國伯克郡,近溫莎)
SCENARIO	Maiori	馬約里	自譯(音譯慣例,義大利薩雷諾海岸)
SCENARIO	Makedony	馬其頓尼	不確定,建議查證(疑指希臘馬其頓地區,音譯嘗試)
SCENARIO	Malaja Istra River	小伊斯特拉河	查證(WebSearch),莫斯科近郊伊斯特拉河
SCENARIO	Malaya Neva River	小涅瓦河	查證(WebSearch),涅瓦河三角洲分流
SCENARIO	Malaya Nevka River	小涅夫卡河	查證(WebSearch),涅瓦河三角洲分流
SCENARIO	Malmy	馬爾米	不確定,建議查證
SCENARIO	Malta	馬爾他	對齊戰役百科
SCENARIO	Malyi Bukrin	小布克林	查證(WebSearch),即 Malyi Bukryn,卡涅夫渡河戰知名橋頭堡
SCENARIO	Manigny	馬尼尼	不確定,建議查證
SCENARIO	Manoilesti	默諾伊萊什蒂	查證(WebSearch),即 Mănoilești,今摩爾多瓦昂蓋尼縣(行政歸屬資料略有存疑)
SCENARIO	Mansurovo	曼蘇羅沃	查證(WebSearch),庫斯克州真實村莊
SCENARIO	Mardick	馬爾迪克	自譯(音譯慣例,法國北部,近敦克爾克 Mardyck)
SCENARIO	Marfa	瑪爾法	不確定,建議查證(推測對應頓河畔聚落 Марфинская)
SCENARIO	Mars-la-Tour	馬爾拉圖爾	自譯(音譯慣例,法國洛林,1870年知名戰址)
SCENARIO	Maryville	馬里維爾	自譯(音譯慣例,美國田納西州城鎮)
SCENARIO	Mascot	馬斯科特	自譯(音譯慣例,美國田納西州城鎮)
SCENARIO	Maslovka	馬斯洛夫卡	不確定,建議查證
SCENARIO	Mavroneri	馬夫羅內里	自譯(音譯慣例,希臘)
SCENARIO	Max Schultz	馬克斯·舒茲號	查證(WebSearch),德國1934型驅逐艦(Z3)
SCENARIO	Me'ziers	梅濟耶爾	自譯(音譯慣例,法國阿登省 Mézières,今屬夏爾維爾-梅濟耶爾)
SCENARIO	Medveditsa River	梅德韋季察河	自譯(音譯慣例,俄語「熊河」之意,莫斯科/克林方向支流)
SCENARIO	Medvezhii	梅德韋日	不確定,建議查證(俄語「熊的」,東線村落)
SCENARIO	Melekhovo	梅列霍沃	不確定,建議查證(俄羅斯常見村名)
SCENARIO	Mellieha	梅利哈	查證(WebSearch,馬爾他 Mellieħa)
SCENARIO	Merderet River	梅爾德雷河	自譯(音譯慣例,諾曼第,near La Fière)
SCENARIO	Mereseni	梅雷塞尼	不確定,建議查證(摩爾多瓦 Mereșeni)
SCENARIO	Merseburg	梅澤堡	自譯(音譯慣例,德國薩克森-安哈特邦)
SCENARIO	Mertzwiller	梅爾茨維萊爾	不確定,建議查證(法國亞爾薩斯地區)
SCENARIO	Merville	梅爾維爾	自譯(音譯慣例,諾曼第,近梅爾維爾砲台)
SCENARIO	Metz	梅斯	對齊戰役百科
SCENARIO	Meuse River	默茲河	對齊戰役百科
SCENARIO	Mezhrich	梅日里奇	不確定,建議查證(第聶伯河卡涅夫方向村落)
SCENARIO	Michajlovskoje	米哈伊洛夫斯科耶	不確定,建議查證(俄語 Mikhaylovskoye 異拼)
SCENARIO	Milesti	米列什蒂	不確定,建議查證(摩爾多瓦 Milești)
SCENARIO	Millery	米勒里	不確定,建議查證(法國洛林地區)
SCENARIO	Milos	米洛斯	不確定,建議查證(希臘地名,可能非愛琴海米洛斯島)
SCENARIO	Mingir	明吉爾	不確定,建議查證(摩爾多瓦村落)
SCENARIO	Miralrio	米拉爾里奧	不確定,建議查證(西班牙瓜達拉哈拉省)
SCENARIO	Mischelowo	米舍洛沃	不確定,建議查證(俄羅斯村落)
SCENARIO	Mjosa Lake	米約薩湖	自譯(音譯慣例,挪威最大湖,近利勒哈默爾)
SCENARIO	Mlawa	姆瓦瓦	對齊戰役百科(戰役.md 提及)
SCENARIO	Molos	莫洛斯	不確定,建議查證(希臘,近溫泉關)
SCENARIO	Montbronn	蒙布龍	不確定,建議查證(法國亞爾薩斯/摩澤爾邊界,馬奇諾防線區)
SCENARIO	Montecorvino	蒙泰科爾維諾	自譯(音譯慣例,義大利薩雷諾省,知名戰時機場)
SCENARIO	Monteforte	蒙泰福爾泰	不確定,建議查證(義大利阿韋利諾省,近薩雷諾)
SCENARIO	Montemarano	蒙泰馬拉諾	不確定,建議查證(義大利阿韋利諾省)
SCENARIO	Montherme	蒙泰爾梅	自譯(音譯慣例,法國阿登省 Monthermé)
SCENARIO	Mor	莫爾	不確定,建議查證(匈牙利 Mór,變音符號遭濾除,巴拉頓湖方向)
SCENARIO	Morbache	莫爾巴什	不確定,建議查證(拼字疑有訛誤)
SCENARIO	Moselle River	摩澤爾河	自譯(音譯慣例,通用戰史譯名)
SCENARIO	Moskhori	莫斯霍里	不確定,建議查證(希臘村落)
SCENARIO	Mouterhouse	穆特豪斯	不確定,建議查證(法國摩澤爾省,近比奇馬奇諾防線)
SCENARIO	Mouzon	穆宗	自譯(音譯慣例,法國阿登省,默茲河畔)
SCENARIO	Moyenvic	莫瓦央維克	不確定,建議查證(法國洛林,鹽產小鎮)
SCENARIO	Mulde River	穆爾德河	自譯(音譯慣例,德國薩克森)
SCENARIO	Mullrose	穆爾羅澤	自譯(音譯慣例,德國布蘭登堡邦,近柏林戰役澤洛方向)
SCENARIO	Muncheberg	明謝貝格	自譯(音譯慣例,德國布蘭登堡邦,裝甲師番號同名,近澤洛)
SCENARIO	Musta	穆斯塔	不確定,建議查證(芬蘭語「黑」,蘇奧穆薩爾米方向)
SCENARIO	Muzio Attendolo	Muzio Attendolo	疑為部隊番號,建議核實(義大利輕巡洋艦 Muzio Attendolo 號,非地名)
SCENARIO	Nancy	南錫	對齊戰役百科
SCENARIO	Nastolo	納斯托洛	不確定,建議查證(芬蘭村落)
SCENARIO	Nehwitter	內維特	不確定,建議查證(法國亞爾薩斯,近維桑堡)
SCENARIO	Neidenburg	奈登堡	自譯(音譯慣例,東普魯士,今波蘭 Nidzica)
SCENARIO	Nemirovo	涅米羅沃	不確定,建議查證(東歐常見村名)
SCENARIO	Neptune	海王星作戰	自譯(音譯慣例,諾曼第登陸海上作戰代號 Operation Neptune)
SCENARIO	Neunhoffen	諾因霍芬	不確定,建議查證(法國亞爾薩斯,近尼德布龍萊班)
SCENARIO	Nevion-Percien	訥維翁-佩西安	不確定,建議查證(疑法國阿登省村落,拼字可能有誤)
SCENARIO	Newell Station	紐厄爾車站	不確定,建議查證(疑喬治亞州薩凡納近郊)
SCENARIO	Niciloso Da Recco	Niciloso Da Recco	疑為部隊番號,建議核實(義大利驅逐艦 Niccolò da Recco 號,異拼,非地名)
SCENARIO	Nicolo Zeno	Nicolo Zeno	疑為部隊番號,建議核實(義大利驅逐艦 Nicolò Zeno 號,非地名)
SCENARIO	Niederbrom-les-Bain	尼德布龍萊班	自譯(音譯慣例,法國亞爾薩斯溫泉小鎮 Niederbronn-les-Bains)
SCENARIO	Niederroedern	尼德羅德恩	不確定,建議查證(法國亞爾薩斯)
SCENARIO	Niedzborz	涅茲博日	不確定,建議查證(波蘭村落)
SCENARIO	Nikalskoje	尼卡爾斯科耶	不確定,建議查證(俄語 Nikolskoye 異拼)
SCENARIO	Nikolayevka	尼古拉耶夫卡	不確定,建議查證(俄羅斯/烏克蘭常見村名)
SCENARIO	Nimoreni	尼莫雷尼	不確定,建議查證(摩爾多瓦村落)
SCENARIO	Nisalachti	尼薩拉赫蒂	不確定,建議查證(拼字特殊,疑地圖檔案訛拼)
SCENARIO	Nisiporeni	尼斯波雷尼	不確定,建議查證(摩爾多瓦 Nisporeni)
SCENARIO	Nocera	諾切拉	自譯(音譯慣例,義大利薩雷諾省 Nocera Inferiore)
SCENARIO	Nola	諾拉	自譯(音譯慣例,義大利坎帕尼亞大區古城)
SCENARIO	Noordschote	諾爾德斯霍特	不確定,建議查證(比利時西法蘭德斯省,近敦克爾克)
SCENARIO	Nordwind	北風作戰	對齊戰役百科
SCENARIO	NothWeiller	諾特維勒	不確定,建議查證(疑德國萊茵蘭-普法爾茨邦 Nothweiler,近維桑堡)
SCENARIO	Novgorod	諾夫哥羅德	對齊戰役百科
SCENARIO	Novopetrovskoje	諾沃彼得羅夫斯科耶	不確定,建議查證(俄羅斯莫斯科近郊)
SCENARIO	Novoselovka	諾沃謝洛夫卡	不確定,建議查證(俄羅斯/烏克蘭常見村名)
SCENARIO	Nubian	Nubian	疑為部隊番號,建議核實(英國部族級驅逐艦 HMS Nubian 號,非地名)
SCENARIO	Nudol' Istra River	努多利-伊斯特拉河	不確定,建議查證(俄羅斯莫斯科近郊,克林方向)
SCENARIO	Nudol'Sarino	努多利-薩里諾	不確定,建議查證(俄羅斯,努多利河沿岸村落)
SCENARIO	Numeny	諾梅尼	不確定,建議查證(疑法國洛林 Nomeny 異拼)
SCENARIO	Nurnberg	紐倫堡	自譯(音譯慣例,通用譯名)
SCENARIO	Oak Ridge	橡樹嶺	對齊戰役百科
SCENARIO	Ochevetyano	奧切韋佳諾	不確定,建議查證(俄羅斯村落,拼字特殊)
SCENARIO	Oder River	奧得河	自譯(音譯慣例,通用戰史譯名)
SCENARIO	Oder-Spree Canal	奧得-施普雷運河	自譯(音譯慣例,通用戰史譯名)
SCENARIO	Odon River	奧登河	自譯(音譯慣例,諾曼第卡昂方向)
SCENARIO	Offendorf	奧芬多夫	不確定,建議查證(法國亞爾薩斯)
SCENARIO	Oiti	奧伊蒂山	自譯(音譯慣例,希臘 Oiti 山,近溫泉關)
SCENARIO	Oliver Springs	奧利弗斯普林斯	不確定,建議查證(美國田納西州,近橡樹嶺)
SCENARIO	Oliveto	奧利韋托	不確定,建議查證(義大利阿韋利諾省,近薩雷諾)
SCENARIO	Omicourt	奧米庫爾	不確定,建議查證(法國阿登省)
SCENARIO	Ommeray	奧默雷	不確定,建議查證(法國摩澤爾省)
SCENARIO	Omont	奧蒙	不確定,建議查證(法國阿登省)
SCENARIO	Onesti	奧內什蒂	自譯(音譯慣例,羅馬尼亞 Onești)
SCENARIO	Operation Konrad	康拉德作戰	對齊戰役百科
SCENARIO	Oranienbaurn	奧拉寧鮑姆	不確定,建議查證(疑德國薩克森-安哈特邦 Oranienbaum 異拼,近德紹)
SCENARIO	Orne River	奧恩河	自譯(音譯慣例,諾曼第卡昂方向,通用戰史譯名)
SCENARIO	Ostasova	奧斯塔索瓦	不確定,建議查證(拼字特殊,疑東線村落)
SCENARIO	Ouistreham	烏伊斯特勒昂	自譯(音譯慣例,劍灘登陸點)
SCENARIO	Ozerna River	奧澤爾納河	不確定,建議查證(疑烏克蘭第聶伯河支流)
SCENARIO	POLDER	圩田	自譯(地圖地形標記,非專有地名,荷語 polder)
SCENARIO	Paestum	帕埃斯圖姆	自譯(音譯慣例,義大利薩雷諾省古城,登陸點)
SCENARIO	Paliokhorion	帕利奧霍里翁	不確定,建議查證(希臘村落)
SCENARIO	Parfino	帕爾菲諾	不確定,建議查證(俄羅斯,近斯塔拉亞魯薩)
SCENARIO	Paula Tarshim	保拉·塔爾希姆	不確定,建議查證(字串疑為兩地名誤併或原始資料訛誤,無法確認單一地名)
SCENARIO	Pegasus Bridge	飛馬橋	自譯(通用戰史譯名,貝努維爾橋,諾曼第登陸知名地標)
SCENARIO	Pekari	佩卡里	不確定,建議查證(烏克蘭卡涅夫方向村落)
SCENARIO	Peregino	佩列吉諾	不確定,建議查證(俄羅斯村落)
SCENARIO	Perekhoda River	佩列霍達河	不確定,建議查證(俄羅斯河流)
SCENARIO	Perelazovsky	佩列拉佐夫斯基	不確定,建議查證(頓河方向,1942 年羅馬尼亞第三軍團防線一帶)
SCENARIO	Periers	佩里耶	自譯(音譯慣例,諾曼第,眼鏡蛇作戰方向)
SCENARIO	Persano	佩爾薩諾	自譯(音譯慣例,義大利薩雷諾省,王室獵苑舊址)
SCENARIO	Pest	佩斯	自譯(音譯慣例,布達佩斯多瑙河東岸)
SCENARIO	Peterhof	彼得霍夫	自譯(音譯慣例,俄羅斯列寧格勒近郊,通用譯名)
SCENARIO	Phalsbourg	法爾斯堡	自譯(音譯慣例,法國摩澤爾省,拿破崙時代要塞城)
SCENARIO	Philadelphia	費城	自譯(音譯慣例,疑喬治亞州埃芬厄姆郡小鎮,同名慣用譯)
SCENARIO	Philippsbourg	菲利普斯堡	自譯(音譯慣例,法國摩澤爾省,北孚日山區)
SCENARIO	Piedseltz	皮德塞爾茨	不確定,建議查證(法國亞爾薩斯)
SCENARIO	Piispajarvi	皮斯帕耶爾維	不確定,建議查證(芬蘭語「主教湖」,蘇奧穆薩爾米方向)
SCENARIO	Pil	皮爾	不確定,建議查證(字串過短,疑為地名縮寫或截斷)
SCENARIO	Pillgram	皮爾格拉姆	不確定,建議查證(德國布蘭登堡邦,近法蘭克福(奧得))
SCENARIO	Poddor'ye	波多里耶	不確定,建議查證(俄羅斯,近斯塔拉亞魯薩)
SCENARIO	Pogani	波加尼	不確定,建議查證(疑匈牙利 Pogány)
SCENARIO	Pogny-sur-Moselle	摩澤爾河畔波尼	不確定,建議查證(地名組合疑有誤,Pogny 本在馬恩河畔)
SCENARIO	Poix-Terron	普瓦-泰宏	不確定,建議查證(法國阿登省)
SCENARIO	Pokrojskoje	波克羅伊斯科耶	不確定,建議查證(俄語 Pokrovskoye 異拼)
SCENARIO	Pola	波拉	不確定,建議查證(可能與義大利/克羅埃西亞 Pola/Pula 同名異指,或義大利薩雷諾地區小河名)
SCENARIO	Pola River	波拉河	不確定,建議查證(同上,疑義大利薩雷諾地區河流)
SCENARIO	Polgardi	波爾加爾迪	不確定,建議查證(匈牙利 Polgárdi,巴拉頓湖方向)
SCENARIO	Polist' River	波利斯季河	不確定,建議查證(俄羅斯,近斯塔拉亞魯薩)
SCENARIO	Pompei	龐貝	自譯(音譯慣例,通用譯名)
SCENARIO	Pont-a-Mousson	蓬塔穆松	自譯(音譯慣例,法國洛林 Pont-à-Mousson)
SCENARIO	Pooler	普勒	不確定,建議查證(喬治亞州薩凡納近郊城鎮)
SCENARIO	Poperinghe	波珀靈厄	自譯(音譯慣例,比利時 Poperinge)
SCENARIO	Popovo	波波沃	不確定,建議查證(東歐常見村名)
SCENARIO	Port Wentworth	溫特沃斯港	自譯(音譯慣例,喬治亞州薩凡納近郊)
SCENARIO	Port en Bessin	貝辛港	自譯(音譯慣例,諾曼第金灘與奧馬哈灘接合點)
SCENARIO	Portail	波爾泰	不確定,建議查證(法文「大門」,場景歸屬不明)
SCENARIO	Porus'ya River	波魯西亞河	不確定,建議查證(俄羅斯,近斯塔拉亞魯薩)
SCENARIO	Potaptsy	波塔普齊	不確定,建議查證(烏克蘭第聶伯河卡涅夫方向村落)
SCENARIO	Potok	波托克	不確定,建議查證(波蘭語/俄語「小溪」,常見地名)
SCENARIO	Pringle	普林格爾	不確定,建議查證(疑喬治亞州薩凡納近郊)
SCENARIO	Pritchardville	普里查德維爾	不確定,建議查證(南卡羅來納州,近薩凡納)
SCENARIO	Privokzal'ny	普里沃克扎爾尼	不確定,建議查證(俄語「近車站」通名式地名)
SCENARIO	Prokhorovka	普羅霍羅夫卡	對齊戰役百科
SCENARIO	Pronin	普羅寧	不確定,建議查證(俄羅斯村落)
SCENARIO	Protzel	普羅采爾	不確定,建議查證(德國布蘭登堡邦,近施特勞斯貝格)
SCENARIO	Prut River	普魯特河	自譯(音譯慣例,通用戰史譯名,羅馬尼亞/摩爾多瓦界河)
SCENARIO	Przasnysz	普熱斯內什	不確定,建議查證(波蘭城鎮)
SCENARIO	Psizha River	普希扎河	不確定,建議查證(俄羅斯河流)
SCENARIO	Psoyl River	普索伊爾河	不確定,建議查證(疑為庫斯克方向 Psel River 異拼)
SCENARIO	Pt 187	187高地	自譯(軍事標繪慣例,Point=高地/制高點標號)
SCENARIO	Pt 208	208高地	自譯(軍事標繪慣例)
SCENARIO	Pt. 187	187高地	自譯(軍事標繪慣例,與 Pt 187 同義異寫)
SCENARIO	Pt. 208	208高地	自譯(軍事標繪慣例,與 Pt 208 同義異寫)
SCENARIO	Puberg	皮貝爾格	不確定,建議查證(法國亞爾薩斯,近溫根)
SCENARIO	Pulkowo	普爾科沃	自譯(音譯慣例,俄羅斯列寧格勒近郊天文台山,通用譯名)
SCENARIO	Punjabi	Punjabi	疑為部隊番號,建議核實(英國部族級驅逐艦 HMS Punjabi 號,非地名)
SCENARIO	Puras	普拉斯	不確定,建議查證(拼字特殊,場景歸屬不明)
SCENARIO	Pursuit To Tobruk	托布魯克追擊戰	對齊戰役百科
SCENARIO	Puschkin	普希金	自譯(音譯慣例,俄羅斯普希金鎮,通用譯名)
SCENARIO	Pustovoyty	普斯托沃伊蒂	不確定,建議查證(烏克蘭村落)
SCENARIO	Pusztavam	普斯陶瓦姆	不確定,建議查證(匈牙利 Pusztavám)
SCENARIO	Quedlinburg	奎德林堡	自譯(音譯慣例,德國薩克森-安哈特邦,世界遺產古城)
SCENARIO	Raate	拉特	對齊戰役百科(戰役.md 提及拉特路 Raate Road)
SCENARIO	Race to Dunkirk	搶攻敦克爾克	對齊戰役百科
SCENARIO	Raciula	拉丘拉	不確定,建議查證(摩爾多瓦 Răciula)
SCENARIO	Raczkeve	拉茨克韋	不確定,建議查證(匈牙利 Ráckeve,多瑙河島鎮)
SCENARIO	Radeni	拉德尼	不確定,建議查證(摩爾多瓦村落)
SCENARIO	Ramishevo	拉穆舍沃	不確定,建議查證(疑俄羅斯 Ramushevo,近斯塔拉亞魯薩,著名「拉穆舍沃走廊」)
SCENARIO	Ratzwiller	拉茨維萊	不確定,建議查證(法國亞爾薩斯)
SCENARIO	Razum naya River	拉祖姆納亞河	不確定,建議查證(疑庫斯克方向 Razumnaya River)
SCENARIO	Recea	雷恰	不確定,建議查證(羅馬尼亞/摩爾多瓦常見村名)
SCENARIO	Recon/16	Recon/16	疑為部隊番號,建議核實(疑第16偵察部隊代號,非地名)
SCENARIO	Red Tide Rising	赤潮湧現	對齊戰役百科
SCENARIO	Red Tide Rising (3 Player)	赤潮湧現(三人版)	對齊戰役百科
SCENARIO	Red'ya River	列季亞河	不確定,建議查證(俄羅斯,近斯塔拉亞魯薩)
SCENARIO	Rehrbaon	雷爾巴翁	不確定,建議查證(拼字特殊,疑法國亞爾薩斯地名訛拼)
SCENARIO	Reipertswiller	雷佩爾茨維萊	自譯(音譯慣例,法國亞爾薩斯,1945 年 1 月著名戰鬥)
SCENARIO	Remilly	雷米伊	不確定,建議查證(法國摩澤爾省)
SCENARIO	Rena	雷納	不確定,建議查證(疑挪威厄斯特達倫地區城鎮)
SCENARIO	Renvez	朗韋	不確定,建議查證(法國阿登省)
SCENARIO	Reschki	列什基	不確定,建議查證(俄羅斯村落)
SCENARIO	Research Facility	研究設施	自譯(地圖地標,呼應橡樹嶺曼哈頓計畫主題)
SCENARIO	Rethel	雷特勒	自譯(音譯慣例,法國阿登省)
SCENARIO	Rexpoede	雷克斯珀德	不確定,建議查證(法國諾爾省,近敦克爾克)
SCENARIO	Richard Beitzen	Richard Beitzen	疑為部隊番號,建議核實(德國驅逐艦 Z6 Richard Beitzen 號,非地名)
SCENARIO	Richmond Hill	里奇蒙山	不確定,建議查證(喬治亞州薩凡納近郊)
SCENARIO	Rigel Ridge	萊格爾山脊	不確定,建議查證(疑為軍方代號山脊,非傳統地名)
SCENARIO	Rimling	里姆林	不確定,建議查證(法國摩澤爾省)
SCENARIO	Rimogne	里莫涅	不確定,建議查證(法國阿登省)
SCENARIO	Rincon	林孔	不確定,建議查證(喬治亞州薩凡納近郊,西語「角落」)
SCENARIO	Rittershoffen	里特斯霍芬	自譯(音譯慣例,法國亞爾薩斯,哈滕-里特斯霍芬戰役)
SCENARIO	Robecq	羅貝克	不確定,建議查證(法國加萊海峽省)
SCENARIO	Rogatschewo	羅加喬沃	不確定,建議查證(疑俄羅斯 Rogachevo,近克林)
SCENARIO	Ropscha	羅普沙	自譯(音譯慣例,俄羅斯列寧格勒近郊,通用譯名)
SCENARIO	Rossava	羅薩瓦	不確定,建議查證(烏克蘭卡涅夫方向村落)
SCENARIO	Rothbach	羅特巴赫	不確定,建議查證(法國亞爾薩斯)
SCENARIO	Rott	羅特	不確定,建議查證(常見地名字根,場景歸屬不明)
SCENARIO	Ruza River	魯扎河	自譯(音譯慣例,俄羅斯莫斯科近郊)
SCENARIO	Rzhavets	熱扎韋茨	不確定,建議查證(俄羅斯,普羅霍羅夫卡方向,著名坦克突襲地點)
SCENARIO	Rzhishchev	爾日謝夫	不確定,建議查證(烏克蘭 Rzhyshchiv,第聶伯河卡涅夫方向)
SCENARIO	Saale River	薩勒河	自譯(音譯慣例,德國,通用戰史譯名)
SCENARIO	Safi	薩菲	自譯(音譯慣例,摩洛哥港市,火炬行動登陸點)
SCENARIO	Sagvar	沙格瓦爾	不確定,建議查證(匈牙利 Ságvár,巴拉頓湖方向)
SCENARIO	Sainteny	森特尼	自譯(音譯慣例,諾曼第,眼鏡蛇作戰方向)
SCENARIO	Salerno	薩雷諾	對齊戰役百科
SCENARIO	Salerno - Return To Europe	薩雷諾-重返歐陸	對齊戰役百科
SCENARIO	Salmbach	薩爾姆巴赫	不確定,建議查證(法國亞爾薩斯,近維桑堡)
SCENARIO	San Severino	聖塞韋里諾	不確定,建議查證(義大利,場景歸屬不明,疑近薩雷諾)
SCENARIO	Sandhurst	桑德赫斯特	自譯(音譯慣例,英國柏克郡,皇家軍事學院所在地)
SCENARIO	Sangerhausen	桑格豪森	自譯(音譯慣例,德國薩克森-安哈特邦)
SCENARIO	Sapogne	薩波涅	不確定,建議查證(法國阿登省)
SCENARIO	Sarbogard	沙爾博加爾德	不確定,建議查證(匈牙利 Sárbogárd)
SCENARIO	Sarreinsberg	薩蘭斯貝格	不確定,建議查證(法國薩爾河流域,亞爾薩斯/摩澤爾邊界)
SCENARIO	Saturn on the Chir	契爾河畔的土星作戰	對齊戰役百科
SCENARIO	Sauville	索維爾	不確定,建議查證(法國阿登省)
SCENARIO	Savannah	薩凡納	對齊戰役百科
SCENARIO	Savannah River	薩凡納河	對齊戰役百科
SCENARIO	Saverne	薩韋爾訥	自譯(音譯慣例,法國亞爾薩斯,史稱 Zabern)
SCENARIO	Scharnhorst	Scharnhorst	疑為部隊番號,建議核實(德國戰鬥巡洋艦沙恩霍斯特號,非地名)
SCENARIO	Scheibenhard	沙伊本哈特	不確定,建議查證(法國/德國邊界雙子村,法側)
SCENARIO	Scheibenhardt	沙伊本哈特(德側)	不確定,建議查證(同一邊界雙子村,德側 Scheibenhardt)
SCENARIO	Schirrheim	席爾海姆	不確定,建議查證(法國亞爾薩斯)
SCENARIO	Schleithal	施萊塔爾	不確定,建議查證(法國亞爾薩斯)
SCENARIO	Schweighausen	施魏格豪森	不確定,建議查證(法國亞爾薩斯)
SCENARIO	Schweighofen	施魏格霍芬	不確定,建議查證(德國萊茵蘭-普法爾茨邦,近維桑堡)
SCENARIO	Sedan	色當	對齊戰役百科
SCENARIO	Seelow	澤洛	對齊戰役百科(戰役.md「澤洛高地」之澤洛)
SCENARIO	Seelow Heights	澤洛高地	對齊戰役百科
SCENARIO	Seille River	塞伊河	自譯(音譯慣例,法國洛林,近南錫/梅斯)
SCENARIO	Seinne River	塞訥河	不確定,建議查證(疑為 Seine 異拼,場景歸屬不明)
SCENARIO	Sele River	塞萊河	自譯(音譯慣例,義大利薩雷諾登陸區主河)
SCENARIO	Selishche	謝利謝	不確定,建議查證(俄羅斯常見村名,近諾夫哥羅德)
SCENARIO	Seltz	塞爾茨	自譯(音譯慣例,法國亞爾薩斯萊茵河畔)
SCENARIO	Semois River	塞穆瓦河	自譯(音譯慣例,比利時/法國阿登)
SCENARIO	Serafimov	謝拉菲莫夫	不確定,建議查證(疑頓河方向 Serafimovich 縮寫)
SCENARIO	Seregelyes	塞雷蓋耶什	不確定,建議查證(匈牙利 Seregélyes)
SCENARIO	Serrieres	塞里耶爾	不確定,建議查證(法國常見地名,場景歸屬不明)
SCENARIO	Seulles River	塞爾河	自譯(音譯慣例,諾曼第,近金灘)
SCENARIO	Severskii Donets River	北頓涅茨河	自譯(音譯慣例,通用戰史譯名)
SCENARIO	Shamnos	沙姆諾斯	不確定,建議查證(疑希臘村落)
SCENARIO	Shandra	尚德拉	不確定,建議查證(烏克蘭村落)
SCENARIO	Shelon' River	舍隆河	自譯(音譯慣例,俄羅斯,近諾夫哥羅德,1471 年舍隆河會戰古戰場)
SCENARIO	Shimsk	申斯克	不確定,建議查證(俄羅斯諾夫哥羅德州城鎮)
SCENARIO	Sidi Rezegh	西迪拉澤格	自譯(音譯慣例,利比亞,1941 年著名戰役)
SCENARIO	Sidi Rezegi	西迪拉澤格	自譯(音譯慣例,與 Sidi Rezegh 同地異拼)
SCENARIO	Sidra Ridge	錫德拉山脊	不確定,建議查證(疑取名自利比亞錫德拉灣,非傳統地名)
SCENARIO	Signy-l'-Abbaye	西尼拉巴伊	不確定,建議查證(法國阿登省)
SCENARIO	Sijuwi	西尤維	不確定,建議查證(拼字特殊,場景歸屬不明)
SCENARIO	Sikh	Sikh	疑為部隊番號,建議核實(英國部族級驅逐艦 HMS Sikh 號,非地名)
SCENARIO	Singera	辛格拉	不確定,建議查證(摩爾多瓦 Sîngera)
SCENARIO	Singly	辛格利	不確定,建議查證(法國阿登省)
SCENARIO	Sinyavka	西尼亞夫卡	不確定,建議查證(俄羅斯/白俄羅斯常見村名)
SCENARIO	Sio Canal	希奧運河	查證(WebSearch,匈牙利 Sió-csatorna,未見既有中文譯名,自譯)
SCENARIO	Sipoteni	西波泰尼	不確定,建議查證(摩爾多瓦村落)
SCENARIO	Skreia	斯克雷亞	不確定,建議查證(挪威托騰地區城鎮,近利勒哈默爾路線)
SCENARIO	Sliema	斯利馬	查證(WebSearch,馬爾他)
SCENARIO	Slough	斯勞	自譯(音譯慣例,英國柏克郡,泰晤士河流域)
SCENARIO	Sluiplivka	斯盧普利夫卡	不確定,建議查證(烏克蘭村落)
SCENARIO	Sluzk	斯盧茨克	自譯(音譯慣例,白俄羅斯 Slutsk)
SCENARIO	Smycka	斯梅奇卡	不確定,建議查證(俄羅斯/烏克蘭村落)
SCENARIO	Snezha River	斯涅扎河	不確定,建議查證(俄語「雪」,河流)
SCENARIO	Soex	索埃克斯	不確定,建議查證(字串疑似截斷或損壞,無法確認原名)
SCENARIO	Soldau	索爾道	自譯(音譯慣例,東普魯士,今波蘭 Działdowo)
SCENARIO	Solnogorsk	索爾涅奇諾戈爾斯克	不確定,建議查證(疑為莫斯科近郊 Solnechnogorsk 縮寫)
SCENARIO	Solofra	索洛夫拉	不確定,建議查證(義大利阿韋利諾省,近薩雷諾)
SCENARIO	Solofrone River	索洛夫羅內河	不確定,建議查證(義大利薩雷諾地區)
SCENARIO	Solt	紹爾特	不確定,建議查證(匈牙利 Solt,多瑙河畔)
SCENARIO	Somali	Somali	疑為部隊番號,建議核實(英國部族級驅逐艦 HMS Somali 號,非地名)
SCENARIO	Sophienthal	索菲恩塔爾	不確定,建議查證(德國,疑布蘭登堡邦)
SCENARIO	Sorbe River	索爾貝河	不確定,建議查證(西班牙瓜達拉哈拉省 Sorbe 河)
SCENARIO	Sorrento	索倫托	自譯(音譯慣例,通用譯名)
SCENARIO	Soskut	紹什庫特	不確定,建議查證(匈牙利 Sóskút)
SCENARIO	Soufflenneim	蘇夫勒南	不確定,建議查證(疑法國亞爾薩斯 Soufflenheim 異拼,陶器名鎮)
SCENARIO	Soultz-sous-Forets	蘇爾茨蘇弗雷	不確定,建議查證(法國亞爾薩斯 Soultz-sous-Forêts)
SCENARIO	Southall	紹索爾	不確定,建議查證(英國倫敦西區,近泰晤士河溫莎方向)
SCENARIO	Sovetskaya	索韋茨卡亞	不確定,建議查證(俄語「蘇維埃的」,通名式地名)
SCENARIO	Spass	斯帕斯	不確定,建議查證(俄語「救世主」,地名字首,場景歸屬不明)
SCENARIO	Sperkhios River	斯佩爾基奧斯河	自譯(音譯慣例,希臘,近溫泉關)
SCENARIO	Spree River	施普雷河	自譯(音譯慣例,德國柏林河流,通用戰史譯名)
SCENARIO	Spreenhagen	施普雷哈根	不確定,建議查證(德國布蘭登堡邦,施普雷河沿岸)
SCENARIO	St Aignan	聖艾尼昂	不確定,建議查證(法國,疑近法萊斯方向 St-Aignan-de-Cramesnil)
SCENARIO	St Jean de Day	聖讓德代	不確定,建議查證(疑諾曼第 Saint-Jean-de-Daye 異拼)
SCENARIO	St Laurent sur Mer	濱海聖洛朗	自譯(音譯慣例,奧馬哈灘登陸點)
SCENARIO	St Lo	聖洛	對齊戰役百科
SCENARIO	St Lo d'Orville	聖洛多爾維爾	不確定,建議查證(拼字特殊,場景歸屬不明)
SCENARIO	St Manvieu	聖芒維厄	不確定,建議查證(諾曼第 Saint-Manvieu-Norrey)
SCENARIO	St Nicholas-du-Pont	聖尼古拉迪蓬	不確定,建議查證(拼字特殊,疑諾曼第地名訛拼)
SCENARIO	St Paul's Bay	聖保羅灣	自譯(音譯慣例,馬爾他 San Pawl il-Baħar)
SCENARIO	St Privat	聖普里瓦	自譯(音譯慣例,法國洛林,近梅斯,1870 年著名戰役)
SCENARIO	St Souveur Landelin	聖索沃朗德蘭	不確定,建議查證(疑諾曼第 Saint-Sauveur-Landelin)
SCENARIO	St Souveur de Pierre Pont	聖索沃德皮埃爾蓬	不確定,建議查證(疑諾曼第 Saint-Sauveur-de-Pierrepont)
SCENARIO	St Souveur le Vicomte	聖索沃勒維孔特	自譯(音譯慣例,諾曼第,美軍第82空降師戰鬥地)
SCENARIO	St. Lo - Operation Cobra	聖洛-眼鏡蛇作戰	對齊戰役百科
SCENARIO	St. Momelin	聖莫默蘭	不確定,建議查證(法國諾爾省,近聖奧梅爾)
SCENARIO	St. Omer	聖奧梅爾	自譯(音譯慣例,法國加萊海峽省)
SCENARIO	St. Pierre Brouck	聖皮埃爾布魯克	不確定,建議查證(法國諾爾省)
SCENARIO	St. Venant	聖旺	自譯(音譯慣例,法國加萊海峽省)
SCENARIO	Staines	斯泰恩斯	自譯(音譯慣例,英國薩里郡,泰晤士河流域)
SCENARIO	Stanly	斯坦利	不確定,建議查證(疑英國或美國地名,場景歸屬不明)
SCENARIO	Staraya Russa	斯塔拉亞魯薩	對齊戰役百科(戰役.md 提及)
SCENARIO	Stassfurt	施塔斯富特	自譯(音譯慣例,德國薩克森-安哈特邦)
SCENARIO	Stepantsy	斯捷潘齊	不確定,建議查證(烏克蘭卡涅夫方向村落)
SCENARIO	Stevens	史蒂文斯	不確定,建議查證(英式姓氏地名,場景歸屬不明)
SCENARIO	Stillis	斯蒂利斯	不確定,建議查證(疑希臘地名)
SCENARIO	Stonne	斯托訥	自譯(音譯慣例,法國阿登省,1940 年著名戰車戰古戰場)
SCENARIO	Strasbourg	史特拉斯堡	對齊戰役百科
SCENARIO	Straseni	斯特勒沙尼	不確定,建議查證(摩爾多瓦 Strășeni)
SCENARIO	Strausberg	施特勞斯貝格	自譯(音譯慣例,德國布蘭登堡邦,近柏林澤洛方向)
SCENARIO	Strelnia	斯特列利納	不確定,建議查證(疑俄羅斯 Strelna,列寧格勒近郊)
SCENARIO	Sudnikovo	蘇德尼科沃	不確定,建議查證(俄羅斯村落)
SCENARIO	Suffolk	薩福克	自譯(音譯慣例,英國郡名,通用譯名)
SCENARIO	Sunbury	森伯里	自譯(音譯慣例,英國薩里郡,泰晤士河流域)
SCENARIO	Suomussalimi	蘇奧穆薩爾米	對齊戰役百科(戰役.tsv「蘇奧穆薩爾米」異拼)
SCENARIO	Suomussalmi	蘇奧穆薩爾米	對齊戰役百科
SCENARIO	Supply	補給站	自譯(地圖地標,非專有地名)
SCENARIO	Surbourg	敘爾堡	不確定,建議查證(法國亞爾薩斯)
SCENARIO	Surorovo	蘇沃羅沃	不確定,建議查證(疑為 Suvorovo 異拼)
SCENARIO	Sutniki	蘇特尼基	不確定,建議查證(俄羅斯/烏克蘭村落)
SCENARIO	Sword Beach	劍灘	自譯(諾曼第登陸灘頭代號慣例)
SCENARIO	Szabadhidveg	薩堡希德韋格	不確定,建議查證(匈牙利 Szabadhídvég)
SCENARIO	Szekesfehervar	塞克什白堡	查證(WebSearch,匈牙利 Székesfehérvár)
SCENARIO	Tajo River	塔霍河	自譯(音譯慣例,西班牙/葡萄牙 Tagus,通用譯名)
SCENARIO	Tajuna River	塔胡尼亞河	不確定,建議查證(西班牙瓜達拉哈拉省 Tajuña 河)
SCENARIO	Tannay	塔奈	不確定,建議查證(法國阿登省)
SCENARIO	Tar'ajevo	塔拉耶沃	不確定,建議查證(拼字特殊,場景歸屬不明)
SCENARIO	Taracena	塔拉塞納	不確定,建議查證(西班牙瓜達拉哈拉省)
SCENARIO	Taute River	陶特河	自譯(音譯慣例,諾曼第科唐坦半島)
SCENARIO	Temeleuti	特梅列烏蒂	不確定,建議查證(摩爾多瓦村落)
SCENARIO	Terachovo	捷拉霍沃	不確定,建議查證(俄羅斯村落)
SCENARIO	Tessay-sur-Vire	維爾河畔泰西	不確定,建議查證(疑與 Tessy-sur-Vire 為同地異拼)
SCENARIO	Tessy-sur-Vire	維爾河畔泰西	自譯(音譯慣例,諾曼第維爾河畔)
SCENARIO	Thames River	泰晤士河	自譯(音譯慣例,通用譯名)
SCENARIO	Thermopylae	溫泉關	對齊戰役百科
SCENARIO	Thiaucourt	蒂奧庫爾	不確定,建議查證(法國默爾特-摩澤爾省)
SCENARIO	Thionville	蒂永維爾	自譯(音譯慣例,法國摩澤爾省)
SCENARIO	Thury Harcourt	蒂里阿爾庫爾	不確定,建議查證(諾曼第 Thury-Harcourt)
SCENARIO	Tilly sur Seulles	塞爾河畔蒂利	自譯(音譯慣例,諾曼第知名戰事地)
SCENARIO	Tirpitz	Tirpitz	疑為部隊番號,建議核實(德國戰艦提爾必茲號,非地名)
SCENARIO	Tobacco Factory	菸草工廠	自譯(地圖地標,諾曼第科隆貝勒近郊知名據點)
SCENARIO	Tobruk	托布魯克	對齊戰役百科
SCENARIO	Torigni-sur-Vire	維爾河畔托里尼	不確定,建議查證(諾曼第)
SCENARIO	Torija	托里哈	自譯(音譯慣例,西班牙瓜達拉哈拉省,內戰古戰場)
SCENARIO	Torre Annunziata	托雷安農齊亞塔	不確定,建議查證(義大利那不勒斯近郊)
SCENARIO	Torre del Burgo	托雷德爾布爾戈	不確定,建議查證(西班牙瓜達拉哈拉省)
SCENARIO	Torrebelena	托雷貝萊尼亞	不確定,建議查證(疑西班牙瓜達拉哈拉省 Torrebeleña)
SCENARIO	Townsend	湯森德	不確定,建議查證(疑喬治亞州薩凡納近郊)
SCENARIO	Trakhtemirov	特拉赫捷米羅夫	不確定,建議查證(烏克蘭第聶伯河卡涅夫方向,舊哥薩克要地)
SCENARIO	Trevieres	特雷維耶爾	自譯(音譯慣例,諾曼第 Trévières)
SCENARIO	Troarn	特羅阿爾恩	不確定,建議查證(諾曼第,近卡昂)
SCENARIO	Trostincts	特羅斯京齊	不確定,建議查證(拼字特殊,場景歸屬不明)
SCENARIO	Tsutskai River	楚茨凱河	不確定,建議查證(拼字特殊,河流)
SCENARIO	Tulitsy	圖利齊	不確定,建議查證(俄羅斯村落)
SCENARIO	Tutorial	教學	對齊戰役百科(戰役.tsv「教學關-馬德里攻勢」)
SCENARIO	Ungheni	翁格尼	不確定,建議查證(摩爾多瓦邊境城鎮)
SCENARIO	Ungria River	溫格里亞河	不確定,建議查證(西班牙瓜達拉哈拉省 Ungría 河)
SCENARIO	Urizk	烏里日克	不確定,建議查證(拼字特殊,場景歸屬不明)
SCENARIO	Ust'-Khoperskaya	烏斯季霍皮奧爾斯卡亞	不確定,建議查證(頓河哥薩克鎮,1942 年羅馬尼亞防線潰散處)
SCENARIO	Uxbridge	阿克斯布里奇	自譯(音譯慣例,英國倫敦西區,泰晤士河流域)
SCENARIO	Valea Mare	瓦萊亞馬雷	不確定,建議查證(羅馬尼亞語「寬谷」,常見地名)
SCENARIO	Vali River	瓦利河	不確定,建議查證(匈牙利 Váli 河,近塞克什白堡)
SCENARIO	Vallena	瓦萊納	不確定,建議查證(拼字特殊,場景歸屬不明)
SCENARIO	Valot	瓦洛	不確定,建議查證(拼字特殊,場景歸屬不明)
SCENARIO	Varpolata	瓦爾波拉塔	不確定,建議查證(疑匈牙利地名)
SCENARIO	Velikyi Bukrin	大布克林	不確定,建議查證(烏克蘭,1943 年第聶伯河布克林橋頭堡)
SCENARIO	Vence River	旺斯河	不確定,建議查證(拼字特殊,疑法國阿登方向小河)
SCENARIO	Vendresse	旺德雷斯	自譯(音譯慣例,法國阿登省)
SCENARIO	Verson	韋爾松	不確定,建議查證(諾曼第,近卡昂)
SCENARIO	Vertesbogiar	韋爾泰什博格拉爾	不確定,建議查證(匈牙利 Vértesboglár)
SCENARIO	Veszprem	維斯普雷姆	查證(WebSearch,匈牙利 Veszprém)
SCENARIO	Vierville sur Mer	濱海維爾維爾	自譯(音譯慣例,奧馬哈灘登陸點)
SCENARIO	Vietri	維耶特里	自譯(音譯慣例,義大利 Vietri sul Mare,薩雷諾近郊)
SCENARIO	Vigneulles	維尼厄爾	不確定,建議查證(法國默茲省)
SCENARIO	Vigrom	維格羅姆	不確定,建議查證(拼字特殊,場景歸屬不明)
SCENARIO	Viipuri	維堡	對齊戰役百科
SCENARIO	Vilajoki	維拉約基	不確定,建議查證(芬蘭語地名)
SCENARIO	Villers Bocage	維萊博卡日	自譯(音譯慣例,諾曼第知名戰事地)
SCENARIO	Villers Fossard	維萊福薩爾	不確定,建議查證(諾曼第)
SCENARIO	Vimont	維蒙	不確定,建議查證(諾曼第,近卡昂)
SCENARIO	Vire River	維爾河	自譯(音譯慣例,諾曼第,通用戰史譯名)
SCENARIO	Virginia Water	弗吉尼亞沃特	自譯(音譯慣例,英國薩里郡,近溫莎大公園)
SCENARIO	Vlaskovo	弗拉斯科沃	不確定,建議查證(俄羅斯村落)
SCENARIO	Volokolamsk	沃洛科拉姆斯克	對齊戰役百科(戰役.md「沃洛科拉姆斯克公路」,此處去除通名)
SCENARIO	Volosn'a River	沃洛斯尼亞河	不確定,建議查證(俄羅斯,近克林)
SCENARIO	Vorniceni	沃爾尼切尼	不確定,建議查證(摩爾多瓦/羅馬尼亞村落)
SCENARIO	Vorobjevo	沃羅比約沃	不確定,建議查證(俄羅斯常見村名)
SCENARIO	Vorskla River	沃爾斯克拉河	自譯(音譯慣例,烏克蘭,通用戰史譯名)
SCENARIO	Vouziers	武濟耶	自譯(音譯慣例,法國阿登省)
SCENARIO	Vysock	維索克	不確定,建議查證(拼字疑截斷,疑 Vysokoye 縮寫)
SCENARIO	Vzvatl	弗茲瓦特利	不確定,建議查證(拼字特殊,場景歸屬不明)
SCENARIO	Walbourg	瓦爾布爾	不確定,建議查證(法國亞爾薩斯)
SCENARIO	Waldsieversdorf	瓦爾德西弗斯多夫	自譯(音譯慣例,德國布蘭登堡邦,近澤洛方向)
SCENARIO	Walton upon Thames	泰晤士河畔沃爾頓	自譯(音譯慣例,英國薩里郡)
SCENARIO	Warta River	瓦爾塔河	自譯(音譯慣例,波蘭,通用戰史譯名)
SCENARIO	Wasselonne	瓦瑟隆訥	自譯(音譯慣例,法國亞爾薩斯)
SCENARIO	Watten	瓦滕	自譯(音譯慣例,法國諾爾省,近敦克爾克,V2飛彈設施舊址)
SCENARIO	Weybridge	韋布里奇	自譯(音譯慣例,英國薩里郡,泰晤士河流域)
SCENARIO	Wieczfnia	維耶奇夫尼亞	不確定,建議查證(波蘭村落)
SCENARIO	Wildenguth	維爾登古特	不確定,建議查證(拼字特殊,場景歸屬不明)
SCENARIO	Wimmenau	維默瑙	不確定,建議查證(法國亞爾薩斯)
SCENARIO	Windsor	溫莎	對齊戰役百科
SCENARIO	Windsor 1943	溫莎(1943)	對齊戰役百科(對應戰役.tsv WINDSOR1「溫莎(續戰)」)
SCENARIO	Wingen	溫根	自譯(音譯慣例,法國亞爾薩斯)
SCENARIO	Wingen-sur-Moder	莫代爾河畔溫根	自譯(音譯慣例,1945年1月著名戰鬥)
SCENARIO	Winter Storm	冬季風暴作戰	對齊戰役百科
SCENARIO	Wipper River	維帕河	不確定,建議查證(德國薩克森-安哈特邦,近桑格豪森)
SCENARIO	Wisniewka	維希涅夫卡	不確定,建議查證(波蘭村落)
SCENARIO	Wissembourg	維桑堡	自譯(音譯慣例,法國亞爾薩斯,1870年著名戰役)
SCENARIO	Witino	維蒂諾	不確定,建議查證(俄羅斯/波蘭村落)
SCENARIO	Woerth	沃爾特	自譯(音譯慣例,法國亞爾薩斯,1870年著名戰役 Wörth)
SCENARIO	Woking	沃金	自譯(音譯慣例,英國薩里郡)
SCENARIO	Wormhoudt	沃爾姆胡特	自譯(音譯慣例,法國諾爾省,1940年著名屠殺事件地)
SCENARIO	Woronino	沃羅尼諾	不確定,建議查證(波蘭/俄羅斯村落)
SCENARIO	Xures	克絮爾	不確定,建議查證(法國默爾特-摩澤爾省)
SCENARIO	Yakhny	亞赫內	不確定,建議查證(烏克蘭/白俄羅斯村落)
SCENARIO	Yakoulevo	亞科夫列沃	不確定,建議查證(疑俄羅斯 Yakovlevo,庫斯克會戰北鉗方向)
SCENARIO	Yaschniki	亞什尼基	不確定,建議查證(俄羅斯村落)
SCENARIO	Yasnaya Polyana	亞斯納亞波利亞納	自譯(音譯慣例,通用譯名,托爾斯泰莊園同名)
SCENARIO	Yiewsley	耶斯利	不確定,建議查證(英國倫敦西區,近阿克斯布里奇)
SCENARIO	Ylasommee	於拉索梅	不確定,建議查證(拼字特殊,疑芬蘭地名)
SCENARIO	Yoncq	永克	不確定,建議查證(法國阿登省,近色當)
SCENARIO	Yorktown	約克鎮	自譯(音譯慣例,通用譯名)
SCENARIO	Yser River	伊瑟河	自譯(音譯慣例,比利時/法國,通用戰史譯名)
SCENARIO	Zabbar	扎巴爾	查證(WebSearch,馬爾他 Żabbar,未見既有中文譯名,自譯)
SCENARIO	Zaluch'ye	扎盧奇耶	不確定,建議查證(俄羅斯,近斯塔拉亞魯薩/德緬揚斯克方向)
SCENARIO	Zariza River	扎里扎河	不確定,建議查證(拼字特殊,河流)
SCENARIO	Zarubinsty	扎魯賓齊	不確定,建議查證(烏克蘭第聶伯河卡涅夫方向,古考古遺址同名)
SCENARIO	Zasstrowe	扎斯特羅	不確定,建議查證(拼字特殊,疑德國地名訛拼)
SCENARIO	Zebbuj	澤布吉	查證(WebSearch,馬爾他 Żebbuġ,未見既有中文譯名,自譯)
SCENARIO	Zeitjun	澤伊通	不確定,建議查證(疑馬爾他 Żejtun 異拼)
SCENARIO	Zenbok	曾博克	不確定,建議查證(拼字特殊,場景歸屬不明)
SCENARIO	Zerbst	采爾布斯特	自譯(音譯慣例,德國薩克森-安哈特邦,凱薩琳大帝出生地)
SCENARIO	Zhirkovski	日爾科夫斯基	不確定,建議查證(俄羅斯村落)
SCENARIO	Zielona	齊隆納	不確定,建議查證(波蘭語「綠色」,常見地名)
SCENARIO	Zitadelle	堡壘作戰	對齊戰役百科
SCENARIO	Zorbig	佐爾比希	自譯(音譯慣例,德國薩克森-安哈特邦 Zörbig,近比特費爾德)
SCENARIO	Zoschnikov	佐什尼科夫	不確定,建議查證(俄羅斯村落)
SCENARIO	Zulu	Zulu	疑為部隊番號,建議核實(英國部族級驅逐艦 HMS Zulu 號,非地名)
SCENARIO	Zuromin	茹羅明	不確定,建議查證(波蘭 Żuromin)
SCENARIO	Zurrieq	祖列克	查證(WebSearch,馬爾他 Żurrieq,未見既有中文譯名,自譯)
SCENARIO	la Basace	拉巴塞	不確定,建議查證(疑為法國 la Bassée 異拼)
SCENARIO	la Cosa River	拉科薩河	不確定,建議查證(西班牙瓜達拉哈拉省 la Cosa 河)
