file_off	va	section	xref	len	text
0x178	0x0	?	19889	5	.text
0x19f	0x0	?	19889	7	`.rdata
0x1c7	0x0	?	19889	6	@.data
0x1f0	0x0	?	19889	6	.idata
0x218	0x0	?	19889	5	.rsrc
0x23f	0x0	?	19889	7	@.reloc
0x4e1	0x4010e1	.text	0	4	h06M
0x4e6	0x4010e6	.text	0	4	h,6M
0x8bf	0x4014bf	.text	0	4	h06M
0x8c4	0x4014c4	.text	0	4	h,6M
0x948	0x401548	.text	0	5	Php\^
0x974	0x401574	.text	0	5	Php\^
0xbcc	0x4017cc	.text	0	4	=tkM
0xbe3	0x4017e3	.text	0	4	=tkM
0xc81	0x401881	.text	0	5	Php\^
0xd45	0x401945	.text	0	5	Php\^
0xd9f	0x40199f	.text	0	5	Php\^
0xdf3	0x4019f3	.text	0	5	Php\^
0xe38	0x401a38	.text	0	5	Php\^
0xeb9	0x401ab9	.text	0	5	Php\^
0xeed	0x401aed	.text	0	5	Php\^
0xf64	0x401b64	.text	0	5	Php\^
0xf98	0x401b98	.text	0	5	Php\^
0xfd3	0x401bd3	.text	0	5	Php\^
0x11c8	0x401dc8	.text	0	5	Php\^
0x121a	0x401e1a	.text	0	5	Ph0#P
0x1260	0x401e60	.text	0	6	@Ph0#P
0x12ad	0x401ead	.text	0	5	Ph0#P
0x12c5	0x401ec5	.text	0	5	Ph0#P
0x12dd	0x401edd	.text	0	5	Ph0#P
0x1335	0x401f35	.text	0	5	Ph0#P
0x138d	0x401f8d	.text	0	5	Ph0#P
0x13e5	0x401fe5	.text	0	5	Ph0#P
0x143d	0x40203d	.text	0	5	Ph0#P
0x1479	0x402079	.text	0	5	Ph0#P
0x14b5	0x4020b5	.text	0	5	Ph0#P
0x14f1	0x4020f1	.text	0	5	Ph0#P
0x152d	0x40212d	.text	0	5	Ph0#P
0x1569	0x402169	.text	0	5	Ph0#P
0x15a5	0x4021a5	.text	0	5	Ph0#P
0x164a	0x40224a	.text	0	4	SVWh
0x1654	0x402254	.text	0	4	h0#P
0x1ae9	0x4026e9	.text	0	5	Php\^
0x1b15	0x402715	.text	0	5	Php\^
0x1c8e	0x40288e	.text	0	5	Php\^
0x1ce0	0x4028e0	.text	0	5	Ph0#P
0x1d26	0x402926	.text	0	6	@Ph0#P
0x1d5e	0x40295e	.text	0	5	Ph0#P
0x1d76	0x402976	.text	0	5	Ph0#P
0x1d8e	0x40298e	.text	0	5	Ph0#P
0x1da6	0x4029a6	.text	0	5	Ph0#P
0x1dbe	0x4029be	.text	0	5	Ph0#P
0x1e72	0x402a72	.text	0	4	h0#P
0x1f07	0x402b07	.text	0	5	Php\^
0x1f48	0x402b48	.text	0	5	Php\^
0x20b9	0x402cb9	.text	0	5	Php\^
0x20ea	0x402cea	.text	0	5	Php\^
0x2162	0x402d62	.text	0	4	h0#P
0x2179	0x402d79	.text	0	5	Ph0#P
0x2191	0x402d91	.text	0	5	Ph0#P
0x21a9	0x402da9	.text	0	5	Ph0#P
0x21c1	0x402dc1	.text	0	5	Ph0#P
0x21d9	0x402dd9	.text	0	5	Ph0#P
0x21f1	0x402df1	.text	0	5	Ph0#P
0x2221	0x402e21	.text	0	5	Ph0#P
0x2239	0x402e39	.text	0	5	Ph0#P
0x2251	0x402e51	.text	0	5	Ph0#P
0x2296	0x402e96	.text	0	5	Ph0#P
0x22ae	0x402eae	.text	0	5	Ph0#P
0x22c6	0x402ec6	.text	0	5	Ph0#P
0x22de	0x402ede	.text	0	5	Ph0#P
0x230b	0x402f0b	.text	0	4	h0#P
0x232f	0x402f2f	.text	0	5	Ph0#P
0x2354	0x402f54	.text	0	5	Ph0#P
0x2379	0x402f79	.text	0	5	Ph0#P
0x2391	0x402f91	.text	0	5	Ph0#P
0x23be	0x402fbe	.text	0	4	h0#P
0x23d5	0x402fd5	.text	0	5	Ph0#P
0x23ed	0x402fed	.text	0	5	Ph0#P
0x2405	0x403005	.text	0	5	Ph0#P
0x241d	0x40301d	.text	0	5	Ph0#P
0x2435	0x403035	.text	0	5	Ph0#P
0x244d	0x40304d	.text	0	5	Ph0#P
0x2465	0x403065	.text	0	5	Ph0#P
0x247d	0x40307d	.text	0	5	Ph0#P
0x2495	0x403095	.text	0	5	Ph0#P
0x24ad	0x4030ad	.text	0	5	Ph0#P
0x24c5	0x4030c5	.text	0	5	Ph0#P
0x24dd	0x4030dd	.text	0	5	Ph0#P
0x24f5	0x4030f5	.text	0	5	Ph0#P
0x250d	0x40310d	.text	0	5	Ph0#P
0x2527	0x403127	.text	0	4	h0#P
0x267d	0x40327d	.text	0	5	Php\^
0x26c6	0x4032c6	.text	0	4	h0#P
0x281e	0x40341e	.text	0	5	Php\^
0x2861	0x403461	.text	0	5	Ph0#P
0x2904	0x403504	.text	0	5	x_Ax@
0x2928	0x403528	.text	0	4	h0#P
0x294d	0x40354d	.text	0	5	Php\^
0x2996	0x403596	.text	0	4	h0#P
0x2a4b	0x40364b	.text	0	5	Php\^
0x2a7f	0x40367f	.text	0	5	Php\^
0x2ab3	0x4036b3	.text	0	5	Php\^
0x2af4	0x4036f4	.text	0	5	Php\^
0x2ccf	0x4038cf	.text	0	5	Php\^
0x2f5b	0x403b5b	.text	0	5	Php\^
0x2f8f	0x403b8f	.text	0	5	Php\^
0x3002	0x403c02	.text	0	5	Php\^
0x3036	0x403c36	.text	0	5	Php\^
0x3077	0x403c77	.text	0	5	Php\^
0x31db	0x403ddb	.text	0	5	Php\^
0x36c3	0x4042c3	.text	0	5	Php\^
0x3701	0x404301	.text	0	5	Php\^
0x373f	0x40433f	.text	0	5	Php\^
0x38d1	0x4044d1	.text	0	5	Php\^
0x390f	0x40450f	.text	0	5	Php\^
0x3953	0x404553	.text	0	5	Php\^
0x3987	0x404587	.text	0	5	Php\^
0x3a9f	0x40469f	.text	0	5	Php\^
0x3d61	0x404961	.text	0	5	Php\^
0x3d95	0x404995	.text	0	5	Php\^
0x3e7c	0x404a7c	.text	0	5	Php\^
0x3ecd	0x404acd	.text	0	5	Php\^
0x3f01	0x404b01	.text	0	5	Php\^
0x4060	0x404c60	.text	0	5	Php\^
0x4222	0x404e22	.text	0	5	Php\^
0x4263	0x404e63	.text	0	5	Php\^
0x43ad	0x404fad	.text	0	5	Php\^
0x43e1	0x404fe1	.text	0	5	Php\^
0x4425	0x405025	.text	0	5	Php\^
0x4459	0x405059	.text	0	5	Php\^
0x4bcb	0x4057cb	.text	0	5	Php\^
0x4f48	0x405b48	.text	0	5	Php\^
0x513d	0x405d3d	.text	0	5	Php\^
0x52e5	0x405ee5	.text	0	5	Php\^
0x5420	0x406020	.text	0	5	Php\^
0x5464	0x406064	.text	0	5	Php\^
0x54b2	0x4060b2	.text	0	5	Php\^
0x5633	0x406233	.text	0	4	h0#P
0x567b	0x40627b	.text	0	5	Php\^
0x5828	0x406428	.text	0	5	Php\^
0x5a5c	0x40665c	.text	0	5	Php\^
0x5b4a	0x40674a	.text	0	5	x{dx@
0x5bd3	0x4067d3	.text	0	5	Php\^
0x5e1c	0x406a1c	.text	0	4	hPp^
0x5ed9	0x406ad9	.text	0	4	MPp^
0x6a15	0x407615	.text	0	5	Php\^
0x6a56	0x407656	.text	0	5	Php\^
0x6a97	0x407697	.text	0	5	Php\^
0x6aea	0x4076ea	.text	0	5	Php\^
0x6b1e	0x40771e	.text	0	5	Php\^
0x6b52	0x407752	.text	0	5	Php\^
0x6bc0	0x4077c0	.text	0	5	Php\^
0x6c9b	0x40789b	.text	0	5	Php\^
0x6ccf	0x4078cf	.text	0	5	Php\^
0x6d20	0x407920	.text	0	5	Php\^
0x6d54	0x407954	.text	0	5	Php\^
0x6d9c	0x40799c	.text	0	5	Php\^
0x6e18	0x407a18	.text	0	5	Php\^
0x6e7a	0x407a7a	.text	0	4	=$s^
0x6eb0	0x407ab0	.text	0	4	=$s^
0x70a6	0x407ca6	.text	0	4	=tkM
0x75e8	0x4081e8	.text	0	4	A;<N
0x76c8	0x4082c8	.text	0	5	Php\^
0x7709	0x408309	.text	0	5	Php\^
0x775b	0x40835b	.text	0	5	Ph0#P
0x77a1	0x4083a1	.text	0	6	@Ph0#P
0x77d9	0x4083d9	.text	0	5	Ph0#P
0x77f1	0x4083f1	.text	0	5	Ph0#P
0x7809	0x408409	.text	0	5	Ph0#P
0x7821	0x408421	.text	0	5	Ph0#P
0x7839	0x408439	.text	0	5	Ph0#P
0x7851	0x408451	.text	0	5	Ph0#P
0x7869	0x408469	.text	0	5	Ph0#P
0x7881	0x408481	.text	0	5	Ph0#P
0x792e	0x40852e	.text	0	4	SVWh
0x7938	0x408538	.text	0	4	h0#P
0x79fc	0x4085fc	.text	0	5	Php\^
0x7a61	0x408661	.text	0	5	Php\^
0x7caa	0x4088aa	.text	0	4	h0#P
0x7cfb	0x4088fb	.text	0	4	h0#P
0x7d39	0x408939	.text	0	4	h0#P
0x7d74	0x408974	.text	0	4	h0#P
0x7ef5	0x408af5	.text	0	5	Php\^
0x7f1f	0x408b1f	.text	0	4	h0#P
0x7f69	0x408b69	.text	0	4	Pj8j
0x7fc6	0x408bc6	.text	0	4	SVWh
0x7fd0	0x408bd0	.text	0	4	h0#P
0x803d	0x408c3d	.text	0	5	Php\^
0x80e8	0x408ce8	.text	0	5	Php\^
0x8512	0x409112	.text	0	5	Php\^
0x8565	0x409165	.text	0	5	Php\^
0x8614	0x409214	.text	0	5	Php\^
0x86a5	0x4092a5	.text	0	5	Php\^
0x86e1	0x4092e1	.text	0	5	Php\^
0x8784	0x409384	.text	0	5	Php\^
0x88a8	0x4094a8	.text	0	5	Php\^
0x8924	0x409524	.text	0	5	Php\^
0x89a2	0x4095a2	.text	0	5	Php\^
0x8a14	0x409614	.text	0	5	Php\^
0x8c91	0x409891	.text	0	5	Php\^
0x8d20	0x409920	.text	0	5	Php\^
0x8d3d	0x40993d	.text	0	4	SVWj
0x8d92	0x409992	.text	0	5	Php\^
0x8db2	0x4099b2	.text	0	4	SVWj
0x9863	0x40a463	.text	0	5	Php\^
0x9987	0x40a587	.text	0	5	Php\^
0x9c17	0x40a817	.text	0	5	Php\^
0xa38d	0x40af8d	.text	0	4	=dkM
0xa831	0x40b431	.text	0	4	=8eN
0xb9bd	0x40c5bd	.text	0	4	h0x^
0xb9d2	0x40c5d2	.text	0	6	j\h0x^
0xba3b	0x40c63b	.text	0	4	h0x^
0xba73	0x40c673	.text	0	4	h0x^
0xbddb	0x40c9db	.text	0	4	=@dM
0xc025	0x40cc25	.text	0	4	=@dM
0xc312	0x40cf12	.text	0	4	h<y^
0xc35f	0x40cf5f	.text	0	7	pSVWjlj
0xc70f	0x40d30f	.text	0	4	=tcM
0xc768	0x40d368	.text	0	4	=tcM
0xc818	0x40d418	.text	0	6	P|hPdM
0xcacf	0x40d6cf	.text	0	4	A;<N
0xea28	0x40f628	.text	0	5	PhPeN
0xeab1	0x40f6b1	.text	0	6	SVWh N
0xeba0	0x40f7a0	.text	0	4	=P!^
0xebde	0x40f7de	.text	0	4	=xcM
0xec09	0x40f809	.text	0	4	=xcM
0xec5b	0x40f85b	.text	0	4	=P!^
0xf147	0x40fd47	.text	0	4	= Z^
0xf17f	0x40fd7f	.text	0	4	=$Z^
0xf1b7	0x40fdb7	.text	0	4	=(Z^
0xf1ef	0x40fdef	.text	0	4	=,Z^
0xf227	0x40fe27	.text	0	4	=0Z^
0xf25f	0x40fe5f	.text	0	4	=4Z^
0xf297	0x40fe97	.text	0	4	= Z^
0xf2cf	0x40fecf	.text	0	4	=$Z^
0xf48f	0x41008f	.text	0	4	=|mM
0xf4c7	0x4100c7	.text	0	4	=0y^
0xf687	0x410287	.text	0	4	=\mN
0xf6bf	0x4102bf	.text	0	4	= s^
0xf72f	0x41032f	.text	0	4	=x|O
0xf7e4	0x4103e4	.text	0	4	=|eN
0xf854	0x410454	.text	0	4	=t\t^
0xf88c	0x41048c	.text	0	4	=t\t^
0xfac5	0x4106c5	.text	0	4	h0x^
0x1048a	0x41108a	.text	0	4	hN4K
0x10d6f	0x41196f	.text	0	4	=8y^
0x10eb6	0x411ab6	.text	0	7	SVWh0x^
0x10f26	0x411b26	.text	0	4	=|cM
0x10f84	0x411b84	.text	0	4	=|cM
0x116f4	0x4122f4	.text	0	4	=pkM
0x1173a	0x41233a	.text	0	4	=tkM
0x117b1	0x4123b1	.text	0	4	=tkM
0x11df5	0x4129f5	.text	0	4	=dkM
0x1338b	0x413f8b	.text	0	4	AQ=]
0x133ae	0x413fae	.text	0	4	AQ=]
0x133d1	0x413fd1	.text	0	4	A_>]
0x133f4	0x413ff4	.text	0	4	A_>]
0x13568	0x414168	.text	0	5	Php\^
0x135f9	0x4141f9	.text	0	5	Php\^
0x13c32	0x414832	.text	0	4	=tkM
0x13c92	0x414892	.text	0	4	=8eN
0x1403e	0x414c3e	.text	0	5	Php\^
0x14348	0x414f48	.text	0	4	=tkM
0x1474b	0x41534b	.text	0	4	h eN
0x14cb4	0x4158b4	.text	0	5	Php\^
0x14dcd	0x4159cd	.text	0	5	Php\^
0x14e2b	0x415a2b	.text	0	5	Php\^
0x14e8a	0x415a8a	.text	0	5	Php\^
0x14ebe	0x415abe	.text	0	5	Php\^
0x1516e	0x415d6e	.text	0	5	Ph0x^
0x156c7	0x4162c7	.text	0	5	Php\^
0x156fc	0x4162fc	.text	0	5	Php\^
0x1578d	0x41638d	.text	0	5	Php\^
0x15a6c	0x41666c	.text	0	4	h0#P
0x15f04	0x416b04	.text	0	5	Php\^
0x15fc4	0x416bc4	.text	0	5	Php\^
0x16016	0x416c16	.text	0	5	Ph0#P
0x1605c	0x416c5c	.text	0	6	@Ph0#P
0x16124	0x416d24	.text	0	4	h0#P
0x1614a	0x416d4a	.text	0	5	Ph0#P
0x1617c	0x416d7c	.text	0	4	h0#P
0x16193	0x416d93	.text	0	5	Ph0#P
0x161ab	0x416dab	.text	0	5	Ph0#P
0x161c3	0x416dc3	.text	0	5	Ph0#P
0x161db	0x416ddb	.text	0	5	Ph0#P
0x161f3	0x416df3	.text	0	5	Ph0#P
0x16225	0x416e25	.text	0	4	h0#P
0x162f2	0x416ef2	.text	0	4	SVWh
0x162fc	0x416efc	.text	0	4	h0#P
0x163dc	0x416fdc	.text	0	5	Php\^
0x16698	0x417298	.text	0	5	Php\^
0x166bf	0x4172bf	.text	0	5	Php\^
0x16711	0x417311	.text	0	5	Php\^
0x16824	0x417424	.text	0	5	Ph0x^
0x169e5	0x4175e5	.text	0	5	Ph0x^
0x16d2b	0x41792b	.text	0	4	h0x^
0x16d4e	0x41794e	.text	0	4	h0x^
0x16d94	0x417994	.text	0	5	Php\^
0x16eb0	0x417ab0	.text	0	5	Ph0x^
0x16ee5	0x417ae5	.text	0	5	Ph0x^
0x17006	0x417c06	.text	0	4	=tkM
0x1715c	0x417d5c	.text	0	5	Ph0x^
0x1729e	0x417e9e	.text	0	5	Php\^
0x172f0	0x417ef0	.text	0	5	Ph0#P
0x17336	0x417f36	.text	0	6	@Ph0#P
0x1736e	0x417f6e	.text	0	5	Ph0#P
0x17386	0x417f86	.text	0	5	Ph0#P
0x1739e	0x417f9e	.text	0	5	Ph0#P
0x173eb	0x417feb	.text	0	4	h0#P
0x1741f	0x41801f	.text	0	5	Ph0#P
0x17437	0x418037	.text	0	5	Ph0#P
0x1744f	0x41804f	.text	0	5	Ph0#P
0x17467	0x418067	.text	0	5	Ph0#P
0x1747f	0x41807f	.text	0	5	Ph0#P
0x17497	0x418097	.text	0	5	Ph0#P
0x174af	0x4180af	.text	0	5	Ph0#P
0x175c3	0x4181c3	.text	0	4	h0#P
0x17651	0x418251	.text	0	5	Php\^
0x17692	0x418292	.text	0	5	Php\^
0x17c1e	0x41881e	.text	0	5	Ph0x^
0x17c43	0x418843	.text	0	5	Ph0x^
0x17c88	0x418888	.text	0	5	Ph0x^
0x17cad	0x4188ad	.text	0	5	Ph0x^
0x17cec	0x4188ec	.text	0	5	Ph0x^
0x17d20	0x418920	.text	0	5	Ph0x^
0x17d4f	0x41894f	.text	0	5	Ph0x^
0x18014	0x418c14	.text	0	4	=tkM
0x182ce	0x418ece	.text	0	5	Php\^
0x188e6	0x4194e6	.text	0	5	Php\^
0x18915	0x419515	.text	0	5	Php\^
0x18ab1	0x4196b1	.text	0	5	Php\^
0x18b03	0x419703	.text	0	5	Ph0#P
0x18b49	0x419749	.text	0	6	@Ph0#P
0x18c07	0x419807	.text	0	4	h0#P
0x18c2d	0x41982d	.text	0	5	Ph0#P
0x18c4b	0x41984b	.text	0	4	h0#P
0x18c68	0x419868	.text	0	4	h0#P
0x18c85	0x419885	.text	0	4	h0#P
0x18ca2	0x4198a2	.text	0	4	h0#P
0x18cbf	0x4198bf	.text	0	4	h0#P
0x18d93	0x419993	.text	0	4	h0#P
0x18ddd	0x4199dd	.text	0	5	Php\^
0x18ea8	0x419aa8	.text	0	5	Php\^
0x18f73	0x419b73	.text	0	5	Php\^
0x18ffd	0x419bfd	.text	0	5	Php\^
0x190e4	0x419ce4	.text	0	5	Php\^
0x19fee	0x41abee	.text	0	4	hhp^
0x1bb20	0x41c720	.text	0	4	h0x^
0x1bb53	0x41c753	.text	0	5	Ph0x^
0x1bd6e	0x41c96e	.text	0	4	=tkM
0x1bd85	0x41c985	.text	0	4	=tkM
0x1c5f2	0x41d1f2	.text	0	4	hhp^
0x1c6ba	0x41d2ba	.text	0	4	hhp^
0x1ca74	0x41d674	.text	0	5	Php\^
0x1ca95	0x41d695	.text	0	4	=tkM
0x1cb69	0x41d769	.text	0	5	Php\^
0x1cc28	0x41d828	.text	0	5	Php\^
0x1cc45	0x41d845	.text	0	4	h0#P
0x1cc92	0x41d892	.text	0	5	Ph0#P
0x1ccb4	0x41d8b4	.text	0	5	Ph0#P
0x1ccd1	0x41d8d1	.text	0	4	SVWh
0x1ccdb	0x41d8db	.text	0	4	h0#P
0x1ccfd	0x41d8fd	.text	0	5	Ph0#P
0x1cd34	0x41d934	.text	0	5	Ph0#P
0x1cd4c	0x41d94c	.text	0	5	Ph0#P
0x1cd92	0x41d992	.text	0	5	Ph0#P
0x1cdb9	0x41d9b9	.text	0	4	SVWh
0x1cdc3	0x41d9c3	.text	0	4	h0#P
0x1ce1d	0x41da1d	.text	0	5	Php\^
0x1ce51	0x41da51	.text	0	5	Php\^
0x1d11f	0x41dd1f	.text	0	4	SVWh
0x1d129	0x41dd29	.text	0	4	h0#P
0x1d13b	0x41dd3b	.text	0	5	Ph0#P
0x1d162	0x41dd62	.text	0	4	SVWh
0x1d16c	0x41dd6c	.text	0	4	h0#P
0x1d1c9	0x41ddc9	.text	0	5	Php\^
0x1d1fd	0x41ddfd	.text	0	5	Php\^
0x1d291	0x41de91	.text	0	4	SVWh
0x1d29b	0x41de9b	.text	0	4	h0#P
0x1d2be	0x41debe	.text	0	5	Ph0#P
0x1d2d6	0x41ded6	.text	0	5	Ph0#P
0x1d316	0x41df16	.text	0	4	SVWh
0x1d320	0x41df20	.text	0	4	h0#P
0x1d369	0x41df69	.text	0	4	=8eN
0x1d993	0x41e593	.text	0	4	=dkM
0x1e23d	0x41ee3d	.text	0	4	h0\tM
0x1e585	0x41f185	.text	0	4	SVWh
0x1e58f	0x41f18f	.text	0	4	h@F]
0x1e79b	0x41f39b	.text	0	4	h\\tM
0x1e7a0	0x41f3a0	.text	0	4	ht\tM
0x1e909	0x41f509	.text	0	4	=dkM
0x1f2a5	0x41fea5	.text	0	4	=dkM
0x1f393	0x41ff93	.text	0	4	=dkM
0x21500	0x422100	.text	0	4	=dkM
0x2194d	0x42254d	.text	0	4	=tkM
0x21d57	0x422957	.text	0	4	=8eN
0x22766	0x423366	.text	0	4	hP}^
0x22b3b	0x42373b	.text	0	5	Ph0x^
0x2877b	0x42937b	.text	0	5	Php\^
0x28789	0x429389	.text	0	4	h4%M
0x2879b	0x42939b	.text	0	5	Php\^
0x287a9	0x4293a9	.text	0	4	hL%M
0x287be	0x4293be	.text	0	5	Php\^
0x287cc	0x4293cc	.text	0	4	hd%M
0x287e1	0x4293e1	.text	0	5	Php\^
0x287ef	0x4293ef	.text	0	4	h|%M
0x287f4	0x4293f4	.text	0	5	jdjIj
0x28801	0x429401	.text	0	5	Php\^
0x28814	0x429414	.text	0	5	jgj_j
0x28821	0x429421	.text	0	5	Php\^
0x28844	0x429444	.text	0	5	Php\^
0x28933	0x429533	.text	0	5	Php\^
0x28986	0x429586	.text	0	5	Php\^
0x28a35	0x429635	.text	0	5	Php\^
0x28ac6	0x4296c6	.text	0	5	Php\^
0x28b02	0x429702	.text	0	5	Php\^
0x29093	0x429c93	.text	0	4	h$&M
0x293f4	0x429ff4	.text	0	7	SVWhl&M
0x2941b	0x42a01b	.text	0	5	Php\^
0x2945f	0x42a05f	.text	0	5	Php\^
0x295e8	0x42a1e8	.text	0	4	=|kM
0x29601	0x42a201	.text	0	4	=|kM
0x29986	0x42a586	.text	0	4	h8'M
0x29ba5	0x42a7a5	.text	0	4	h`'M
0x29d52	0x42a952	.text	0	6	SVWjbj
0x29e58	0x42aa58	.text	0	4	=|kM
0x29f3d	0x42ab3d	.text	0	4	=|kM
0x2a008	0x42ac08	.text	0	4	=|kM
0x2a1fe	0x42adfe	.text	0	4	= dM
0x2a266	0x42ae66	.text	0	4	h (M
0x2a28d	0x42ae8d	.text	0	4	h8(M
0x2a2b8	0x42aeb8	.text	0	4	hP(M
0x2a2d5	0x42aed5	.text	0	4	=|kM
0x2a3bd	0x42afbd	.text	0	4	=|kM
0x2a461	0x42b061	.text	0	4	h`(M
0x2a521	0x42b121	.text	0	4	=|kM
0x2a5ec	0x42b1ec	.text	0	4	=|kM
0x2a612	0x42b212	.text	0	4	=|kM
0x2aa98	0x42b698	.text	0	4	=|kM
0x2aaaf	0x42b6af	.text	0	4	=|kM
0x2aba6	0x42b7a6	.text	0	4	=|kM
0x2ad11	0x42b911	.text	0	4	=|kM
0x2afa8	0x42bba8	.text	0	4	hpkM
0x2afbd	0x42bbbd	.text	0	4	h\fM
0x2afe7	0x42bbe7	.text	0	4	hXfM
0x2b011	0x42bc11	.text	0	4	h0kM
0x2b026	0x42bc26	.text	0	4	htkM
0x2b0a4	0x42bca4	.text	0	4	hdkM
0x2b0b9	0x42bcb9	.text	0	4	hHdM
0x2b0ce	0x42bcce	.text	0	4	hPfM
0x2b128	0x42bd28	.text	0	4	hq\t^
0x2b191	0x42bd91	.text	0	4	h eN
0x2b1bb	0x42bdbb	.text	0	4	hXmN
0x2b22a	0x42be2a	.text	0	4	h`]^
0x2b299	0x42be99	.text	0	4	hh!^
0x2b31b	0x42bf1b	.text	0	6	j(hpp^
0x2b392	0x42bf92	.text	0	4	hpkM
0x2b3a0	0x42bfa0	.text	0	4	=pkM
0x2b3cc	0x42bfcc	.text	0	4	h\fM
0x2b3f6	0x42bff6	.text	0	4	hXfM
0x2b420	0x42c020	.text	0	4	h0kM
0x2b4b2	0x42c0b2	.text	0	4	hdkM
0x2b4c7	0x42c0c7	.text	0	4	hHdM
0x2b4dc	0x42c0dc	.text	0	4	hPfM
0x2b536	0x42c136	.text	0	4	hq\t^
0x2b59f	0x42c19f	.text	0	4	h eN
0x2b5c9	0x42c1c9	.text	0	4	hXmN
0x2b638	0x42c238	.text	0	4	h`]^
0x2b6a7	0x42c2a7	.text	0	4	hh!^
0x2b729	0x42c329	.text	0	6	j(hpp^
0x2bf54	0x42cb54	.text	0	4	h$)M
0x2c038	0x42cc38	.text	0	4	h4)M
0x2c07c	0x42cc7c	.text	0	4	hL)M
0x2c264	0x42ce64	.text	0	4	h0#P
0x2c2af	0x42ceaf	.text	0	5	Phh)M
0x2c2b5	0x42ceb5	.text	0	4	h0#P
0x2c2ed	0x42ceed	.text	0	5	Php)M
0x2c2f3	0x42cef3	.text	0	4	h0#P
0x2c33a	0x42cf3a	.text	0	5	Pht)M
0x2c37b	0x42cf7b	.text	0	4	h0#P
0x2c4f5	0x42d0f5	.text	0	5	Php\^
0x2c51f	0x42d11f	.text	0	4	h0#P
0x2c5b6	0x42d1b6	.text	0	4	SVWh
0x2c5c0	0x42d1c0	.text	0	4	h0#P
0x2c622	0x42d222	.text	0	5	Php\^
0x2c64d	0x42d24d	.text	0	5	Php\^
0x2c8dd	0x42d4dd	.text	0	5	Php\^
0x2c9c3	0x42d5c3	.text	0	4	h$*M
0x2c9f9	0x42d5f9	.text	0	5	Php\^
0x2ca3e	0x42d63e	.text	0	4	h<*M
0x2cc16	0x42d816	.text	0	4	hT*M
0x2cc2e	0x42d82e	.text	0	5	Php\^
0x2ccbc	0x42d8bc	.text	0	4	hl*M
0x2cce8	0x42d8e8	.text	0	5	Php\^
0x2e3b9	0x42efb9	.text	0	4	h0+M
0x2e3e9	0x42efe9	.text	0	4	h<+M
0x2e40d	0x42f00d	.text	0	4	hP+M
0x2e785	0x42f385	.text	0	5	Qhp+M
0x2e7cb	0x42f3cb	.text	0	4	h0F]
0x2efe6	0x42fbe6	.text	0	4	ht+M
0x2f259	0x42fe59	.text	0	4	h0x^
0x2f3f2	0x42fff2	.text	0	4	h ,M
0x2f409	0x430009	.text	0	4	hD,M
0x2f471	0x430071	.text	0	4	hH,M
0x2f5ae	0x4301ae	.text	0	5	PhL,M
0x2f6d6	0x4302d6	.text	0	5	Phx,M
0x2f73c	0x43033c	.text	0	4	h(-M
0x2f74d	0x43034d	.text	0	4	h4-M
0x2f7e8	0x4303e8	.text	0	5	Phl-M
0x2fa7d	0x43067d	.text	0	5	Ph$.M
0x2fab8	0x4306b8	.text	0	5	Ph,.M
0x2fae5	0x4306e5	.text	0	4	h<.M
0x2fb10	0x430710	.text	0	4	hT.M
0x2fb66	0x430766	.text	0	4	hX.M
0x2fbb2	0x4307b2	.text	0	4	hp.M
0x30475	0x431075	.text	0	5	Ph$/M
0x30498	0x431098	.text	0	5	Ph0/M
0x304bb	0x4310bb	.text	0	5	Ph</M
0x30507	0x431107	.text	0	4	hH/M
0x307f3	0x4313f3	.text	0	7	SVWh`/M
0x30814	0x431414	.text	0	5	Php\^
0x308e1	0x4314e1	.text	0	4	hx/M
0x3091a	0x43151a	.text	0	5	Php\^
0x30e6e	0x431a6e	.text	0	4	=x0M
0x30f80	0x431b80	.text	0	4	=x0M
0x311d9	0x431dd9	.text	0	4	h F]
0x31262	0x431e62	.text	0	4	h F]
0x313a4	0x431fa4	.text	0	4	h F]
0x31439	0x432039	.text	0	4	h F]
0x31542	0x432142	.text	0	4	h F]
0x31580	0x432180	.text	0	4	h F]
0x3165d	0x43225d	.text	0	4	h F]
0x31875	0x432475	.text	0	4	h F]
0x31942	0x432542	.text	0	4	h F]
0x319d7	0x4325d7	.text	0	4	h F]
0x31ac8	0x4326c8	.text	0	4	h F]
0x31b5d	0x43275d	.text	0	4	h F]
0x31c67	0x432867	.text	0	4	h F]
0x31d34	0x432934	.text	0	4	h F]
0x31e38	0x432a38	.text	0	4	h F]
0x31eb5	0x432ab5	.text	0	4	h F]
0x31f12	0x432b12	.text	0	4	h F]
0x31f9b	0x432b9b	.text	0	4	h F]
0x32028	0x432c28	.text	0	4	h F]
0x320a5	0x432ca5	.text	0	4	h F]
0x32248	0x432e48	.text	0	4	h F]
0x32256	0x432e56	.text	0	4	- F]
0x32cee	0x4338ee	.text	0	4	=tkM
0x32d9e	0x43399e	.text	0	4	=tkM
0x32e5b	0x433a5b	.text	0	4	h8nM
0x32f54	0x433b54	.text	0	5	PhD1M
0x32f66	0x433b66	.text	0	4	hT1M
0x32faf	0x433baf	.text	0	4	h F]
0x33057	0x433c57	.text	0	4	hX1M
0x3307d	0x433c7d	.text	0	4	hp1M
0x334da	0x4340da	.text	0	5	Phh2M
0x33718	0x434318	.text	0	4	h eN
0x338ae	0x4344ae	.text	0	6	LPh eN
0x33974	0x434574	.text	0	4	=\fM
0x33c2f	0x43482f	.text	1	4	h(3M
0x33dd2	0x4349d2	.text	0	4	h F]
0x33f7a	0x434b7a	.text	0	4	h F]
0x3446a	0x43506a	.text	0	4	hD3M
0x34879	0x435479	.text	0	4	=\fM
0x34976	0x435576	.text	0	4	=\fM
0x35c99	0x436899	.text	0	4	=XkM
0x35cd6	0x4368d6	.text	0	4	=XkM
0x35cf5	0x4368f5	.text	0	4	=XkM
0x35fe3	0x436be3	.text	0	4	=dkM
0x363df	0x436fdf	.text	0	4	hT3M
0x369a4	0x4375a4	.text	0	4	hx3M
0x36b22	0x437722	.text	0	4	=dkM
0x36ebb	0x437abb	.text	0	4	=\fM
0x3709a	0x437c9a	.text	0	4	hT4M
0x370bb	0x437cbb	.text	0	4	hp4M
0x3742d	0x43802d	.text	0	4	hPO^
0x37562	0x438162	.text	0	4	hPO^
0x377b4	0x4383b4	.text	0	5	Php\^
0x3783b	0x43843b	.text	0	5	Php\^
0x378d6	0x4384d6	.text	0	4	=LxM
0x37912	0x438512	.text	0	4	=tkM
0x37951	0x438551	.text	0	4	=LxM
0x37a24	0x438624	.text	0	4	=8eN
0x37ab7	0x4386b7	.text	0	4	=8eN
0x37af2	0x4386f2	.text	0	4	=tkM
0x37b38	0x438738	.text	0	4	=tkM
0x37c7f	0x43887f	.text	0	4	=tkM
0x37cee	0x4388ee	.text	0	4	=LxM
0x37db9	0x4389b9	.text	0	5	Php\^
0x37e30	0x438a30	.text	0	5	Php\^
0x37e64	0x438a64	.text	0	5	Php\^
0x37ef6	0x438af6	.text	0	4	h0#P
0x37fd4	0x438bd4	.text	0	4	h0#P
0x380b1	0x438cb1	.text	0	4	h45M
0x380e6	0x438ce6	.text	0	4	hL5M
0x3816a	0x438d6a	.text	0	5	Php\^
0x381ba	0x438dba	.text	0	4	SVWj
0x381ef	0x438def	.text	0	5	Php\^
0x38234	0x438e34	.text	0	4	hl5M
0x38289	0x438e89	.text	0	5	Php\^
0x382db	0x438edb	.text	0	5	Ph0#P
0x38312	0x438f12	.text	0	5	Ph0#P
0x3832a	0x438f2a	.text	0	5	Ph0#P
0x38342	0x438f42	.text	0	5	Ph0#P
0x3835c	0x438f5c	.text	0	4	h0#P
0x383af	0x438faf	.text	0	4	SVWh
0x383b9	0x438fb9	.text	0	4	h0#P
0x38406	0x439006	.text	0	5	Php\^
0x38456	0x439056	.text	0	5	Php\^
0x384ef	0x4390ef	.text	0	5	Php\^
0x38538	0x439138	.text	0	5	Php\^
0x38590	0x439190	.text	0	5	Php\^
0x385d9	0x4391d9	.text	0	5	Php\^
0x386ed	0x4392ed	.text	0	5	Ph 6M
0x3884c	0x43944c	.text	0	4	EV6M
0x3887b	0x43947b	.text	0	4	El6M
0x388aa	0x4394aa	.text	0	4	Ex6M
0x38908	0x439508	.text	0	4	Ep6M
0x38966	0x439566	.text	0	4	E`6M
0x389e2	0x4395e2	.text	0	5	Ph<7M
0x38c4d	0x43984d	.text	0	4	h 8M
0x38ca6	0x4398a6	.text	0	5	PhD8M
0x38e2c	0x439a2c	.text	0	5	Ph$9M
0x38e69	0x439a69	.text	0	4	E86M
0x38e9c	0x439a9c	.text	0	4	EF6M
0x38ec1	0x439ac1	.text	0	4	E86M
0x38edd	0x439add	.text	0	4	hH9M
0x390e4	0x439ce4	.text	0	5	Php\^
0x39154	0x439d54	.text	0	4	=8eN
0x39189	0x439d89	.text	0	4	=tkM
0x391f2	0x439df2	.text	0	5	Php\^
0x39244	0x439e44	.text	0	5	Ph0#P
0x39290	0x439e90	.text	0	6	@Ph0#P
0x39335	0x439f35	.text	0	5	Php\^
0x39371	0x439f71	.text	0	5	Php\^
0x39391	0x439f91	.text	0	4	SVWh
0x3939b	0x439f9b	.text	0	4	h0#P
0x39455	0x43a055	.text	0	5	Ph0#P
0x3946d	0x43a06d	.text	0	5	Ph0#P
0x39485	0x43a085	.text	0	5	Ph0#P
0x3949d	0x43a09d	.text	0	5	Ph0#P
0x394b5	0x43a0b5	.text	0	5	Ph0#P
0x394cd	0x43a0cd	.text	0	5	Ph0#P
0x394e5	0x43a0e5	.text	0	5	Ph0#P
0x39527	0x43a127	.text	0	5	Ph0#P
0x3953f	0x43a13f	.text	0	5	Ph0#P
0x3956a	0x43a16a	.text	0	5	Ph0#P
0x39582	0x43a182	.text	0	5	Ph0#P
0x395ad	0x43a1ad	.text	0	5	Ph0#P
0x395c5	0x43a1c5	.text	0	5	Ph0#P
0x395dd	0x43a1dd	.text	0	5	Ph0#P
0x39686	0x43a286	.text	0	5	Ph0#P
0x3969e	0x43a29e	.text	0	5	Ph0#P
0x39743	0x43a343	.text	0	4	SVWh
0x3974d	0x43a34d	.text	0	4	h0#P
0x39aab	0x43a6ab	.text	0	4	=tkM
0x39d02	0x43a902	.text	0	4	h0x^
0x39d99	0x43a999	.text	0	4	h0x^
0x39d9e	0x43a99e	.text	0	4	h(:M
0x39dea	0x43a9ea	.text	0	5	Ph<:M
0x39f5d	0x43ab5d	.text	0	5	Ph0x^
0x39f63	0x43ab63	.text	0	4	hT:M
0x39fb7	0x43abb7	.text	0	5	Phd:M
0x3a287	0x43ae87	.text	0	4	ht:M
0x3a435	0x43b035	.text	0	4	SVWj
0x3a4b0	0x43b0b0	.text	0	4	h`<M
0x3a92d	0x43b52d	.text	0	4	h =M
0x3a99f	0x43b59f	.text	0	5	Ph8=M
0x3aa04	0x43b604	.text	0	5	Ph`=M
0x3aa17	0x43b617	.text	0	4	hp=M
0x3ad91	0x43b991	.text	0	4	h >M
0x3ae72	0x43ba72	.text	0	4	h8>M
0x3af97	0x43bb97	.text	0	4	h`>M
0x3b4cd	0x43c0cd	.text	0	4	h`[^
0x3b4d2	0x43c0d2	.text	0	4	h,?M
0x3b4e4	0x43c0e4	.text	0	4	hp\^
0x3b7b1	0x43c3b1	.text	0	4	h(@M
0x3b7d0	0x43c3d0	.text	0	5	Qh4@M
0x3b7fc	0x43c3fc	.text	0	4	hT@M
0x3b81e	0x43c41e	.text	0	4	h`[^
0x3b837	0x43c437	.text	0	4	hp\^
0x3b8a7	0x43c4a7	.text	0	4	hp@M
0x3b8c7	0x43c4c7	.text	0	4	h`[^
0x3b8de	0x43c4de	.text	0	4	hp\^
0x3ba31	0x43c631	.text	0	4	h`[^
0x3ba48	0x43c648	.text	0	4	hp\^
0x3bc7b	0x43c87b	.text	0	5	Ph<AM
0x3c1c3	0x43cdc3	.text	0	4	hDAM
0x3c1c8	0x43cdc8	.text	0	4	hPAM
0x3c261	0x43ce61	.text	0	4	h0|^
0x3c5fe	0x43d1fe	.text	0	5	Ph4BM
0x3c621	0x43d221	.text	0	5	Ph0|^
0x3c65a	0x43d25a	.text	0	4	hDBM
0x3c680	0x43d280	.text	0	4	hHBM
0x3c6ab	0x43d2ab	.text	0	4	hLBM
0x3c6ff	0x43d2ff	.text	0	4	hPBM
0x3c729	0x43d329	.text	0	4	hhBM
0x3c7e8	0x43d3e8	.text	0	4	= dM
0x3c980	0x43d580	.text	0	5	Ph0|^
0x3c9fb	0x43d5fb	.text	0	4	h0x^
0x3ca00	0x43d600	.text	0	4	hHCM
0x3ca28	0x43d628	.text	0	4	hXCM
0x3ca55	0x43d655	.text	0	5	Ph\CM
0x3ca6a	0x43d66a	.text	0	4	hdCM
0x3cb54	0x43d754	.text	0	5	PhhCM
0x3cd13	0x43d913	.text	0	4	= dM
0x3cd20	0x43d920	.text	0	4	= dM
0x3ce2c	0x43da2c	.text	0	4	=|aP
0x3d2d5	0x43ded5	.text	0	5	PhHDM
0x3d3cf	0x43dfcf	.text	0	5	PhxDM
0x3d9fb	0x43e5fb	.text	0	4	h$EM
0x3dbb0	0x43e7b0	.text	0	4	hpEM
0x3dbb5	0x43e7b5	.text	0	4	h|EM
0x3de04	0x43ea04	.text	0	4	h$FM
0x3deb6	0x43eab6	.text	0	4	h<FM
0x3debb	0x43eabb	.text	0	4	hLFM
0x3dee1	0x43eae1	.text	0	4	h`FM
0x3df11	0x43eb11	.text	0	4	hxFM
0x3e59c	0x43f19c	.text	0	4	h0|^
0x3e5d8	0x43f1d8	.text	0	4	h`[^
0x3e5f1	0x43f1f1	.text	0	4	hp\^
0x3e620	0x43f220	.text	0	4	h`[^
0x3e639	0x43f239	.text	0	4	hp\^
0x3e65e	0x43f25e	.text	0	5	Ph$GM
0x3e671	0x43f271	.text	0	4	h`[^
0x3e68a	0x43f28a	.text	0	4	hp\^
0x3e6ad	0x43f2ad	.text	0	5	Ph0GM
0x3e6c0	0x43f2c0	.text	0	4	h`[^
0x3e6d9	0x43f2d9	.text	0	4	hp\^
0x3ea4e	0x43f64e	.text	0	4	h<GM
0x3ea53	0x43f653	.text	0	4	hPGM
0x3f192	0x43fd92	.text	0	5	Ph$HM
0x3f32e	0x43ff2e	.text	0	5	PhPHM
0x3f341	0x43ff41	.text	0	4	h`HM
0x3f3ad	0x43ffad	.text	0	5	PhxHM
0x3f873	0x440473	.text	0	4	=hcM
0x3f91e	0x44051e	.text	0	4	hPIM
0x3f981	0x440581	.text	0	4	=hcM
0x3fd1a	0x44091a	.text	0	4	hhIM
0x3fd33	0x440933	.text	0	5	Php\^
0x3fd60	0x440960	.text	0	5	Php\^
0x3fdaa	0x4409aa	.text	0	6	 Ph8nM
0x3fdf3	0x4409f3	.text	0	5	Php\^
0x3fe6f	0x440a6f	.text	0	5	Php\^
0x3feb1	0x440ab1	.text	0	5	Php\^
0x3ff11	0x440b11	.text	0	5	Php\^
0x3ffb7	0x440bb7	.text	0	5	Php\^
0x4004e	0x440c4e	.text	0	5	Php\^
0x4005c	0x440c5c	.text	0	4	h4JM
0x4007b	0x440c7b	.text	0	5	Php\^
0x40099	0x440c99	.text	0	4	hLJM
0x400b8	0x440cb8	.text	0	5	Php\^
0x400ce	0x440cce	.text	0	5	PhdJM
0x4013c	0x440d3c	.text	0	5	PhhJM
0x4019e	0x440d9e	.text	0	4	hlJM
0x401bd	0x440dbd	.text	0	5	Php\^
0x401ff	0x440dff	.text	0	5	Php\^
0x40261	0x440e61	.text	0	5	Php\^
0x40309	0x440f09	.text	0	5	Php\^
0x403a2	0x440fa2	.text	0	5	Php\^
0x40439	0x441039	.text	0	5	Php\^
0x40731	0x441331	.text	0	5	Ph$KM
0x407b4	0x4413b4	.text	0	5	Ph@KM
0x407e9	0x4413e9	.text	0	6	SVWjlj
0x4091d	0x44151d	.text	0	5	Php\^
0x40a0e	0x44160e	.text	0	7	SVWh|KM
0x40ae7	0x4416e7	.text	0	4	SVWj
0x40b44	0x441744	.text	0	5	Php\^
0x40b65	0x441765	.text	0	4	=tkM
0x40d1e	0x44191e	.text	0	4	=8eN
0x413e8	0x441fe8	.text	0	4	=8eN
0x41454	0x442054	.text	0	4	=8eN
0x41473	0x442073	.text	0	4	=\fM
0x4162d	0x44222d	.text	0	4	h$LM
0x4165c	0x44225c	.text	0	4	h<LM
0x41690	0x442290	.text	0	5	PhTLM
0x416d8	0x4422d8	.text	0	4	h\LM
0x4170c	0x44230c	.text	0	5	PhtLM
0x41a7a	0x44267a	.text	0	4	h|LM
0x41b0a	0x44270a	.text	0	4	=8eN
0x41bcb	0x4427cb	.text	0	4	=8eN
0x41c0c	0x44280c	.text	0	4	=\fM
0x41c3c	0x44283c	.text	0	4	=8eN
0x41ce2	0x4428e2	.text	0	4	=8eN
0x41e07	0x442a07	.text	0	4	=8eN
0x41e54	0x442a54	.text	0	4	=\fM
0x41f2d	0x442b2d	.text	0	4	=8eN
0x420f1	0x442cf1	.text	0	4	=tkM
0x4215b	0x442d5b	.text	0	4	=tkM
0x42387	0x442f87	.text	0	4	SVWj
0x423c5	0x442fc5	.text	0	4	=tkM
0x42425	0x443025	.text	0	4	=tkM
0x42445	0x443045	.text	0	4	=tkM
0x42522	0x443122	.text	0	4	=dkM
0x42588	0x443188	.text	0	5	Php\^
0x42597	0x443197	.text	0	4	=8eN
0x425da	0x4431da	.text	0	5	Php\^
0x428f7	0x4434f7	.text	0	4	=8eN
0x42a2d	0x44362d	.text	0	4	=8eN
0x42b67	0x443767	.text	0	4	=dkM
0x42bdc	0x4437dc	.text	0	5	Php\^
0x42c1f	0x44381f	.text	0	4	h0MM
0x42c4a	0x44384a	.text	0	5	Php\^
0x42c78	0x443878	.text	0	5	PhHMM
0x42ce6	0x4438e6	.text	0	5	PhPMM
0x42d62	0x443962	.text	0	5	PhTMM
0x42d9b	0x44399b	.text	0	5	Ph\MM
0x42e35	0x443a35	.text	0	5	PhdMM
0x42e9f	0x443a9f	.text	0	5	PhlMM
0x42f00	0x443b00	.text	0	5	PhtMM
0x42f4c	0x443b4c	.text	0	5	PhxMM
0x42ff7	0x443bf7	.text	0	4	h|MM
0x4300f	0x443c0f	.text	0	5	Php\^
0x43044	0x443c44	.text	0	5	Php\^
0x4306a	0x443c6a	.text	0	5	Php\^
0x43115	0x443d15	.text	0	5	Php\^
0x43170	0x443d70	.text	0	5	Php\^
0x431da	0x443dda	.text	0	5	Php\^
0x4323e	0x443e3e	.text	0	5	Php\^
0x43251	0x443e51	.text	0	4	h$NM
0x43269	0x443e69	.text	0	5	Php\^
0x4352b	0x44412b	.text	0	4	h<NM
0x43540	0x444140	.text	0	5	Php\^
0x4354f	0x44414f	.text	0	4	=8eN
0x43574	0x444174	.text	0	4	hTNM
0x43592	0x444192	.text	0	5	Php\^
0x435a6	0x4441a6	.text	0	4	=8eN
0x435eb	0x4441eb	.text	0	4	hlNM
0x43600	0x444200	.text	0	5	Php\^
0x43628	0x444228	.text	0	5	Php\^
0x43651	0x444251	.text	0	5	Php\^
0x43692	0x444292	.text	0	5	Php\^
0x436ba	0x4442ba	.text	0	5	Php\^
0x436ce	0x4442ce	.text	0	4	=8eN
0x43711	0x444311	.text	0	5	Php\^
0x43761	0x444361	.text	0	5	Php\^
0x437c7	0x4443c7	.text	0	5	Php\^
0x437da	0x4443da	.text	0	4	h,OM
0x437ef	0x4443ef	.text	0	5	Php\^
0x43846	0x444446	.text	0	4	=dkM
0x43886	0x444486	.text	0	4	=dkM
0x438ca	0x4444ca	.text	0	4	hDOM
0x438df	0x4444df	.text	0	5	Php\^
0x4395e	0x44455e	.text	0	4	h`[^
0x43975	0x444575	.text	0	5	Php\^
0x43983	0x444583	.text	0	4	h`[^
0x43997	0x444597	.text	0	5	Php\^
0x43a3c	0x44463c	.text	0	4	h0#P
0x43a87	0x444687	.text	0	5	Ph\OM
0x43a8d	0x44468d	.text	0	4	h0#P
0x43ad3	0x4446d3	.text	0	5	PhdOM
0x43ad9	0x4446d9	.text	0	4	h0#P
0x43afd	0x4446fd	.text	0	5	PhhOM
0x43b03	0x444703	.text	0	4	h0#P
0x43b33	0x444733	.text	0	5	PhpOM
0x43b4b	0x44474b	.text	0	4	h0#P
0x43b8f	0x44478f	.text	0	5	Qh|OM
0x43ba7	0x4447a7	.text	0	4	h0#P
0x43c08	0x444808	.text	0	4	h0#P
0x43c3e	0x44483e	.text	0	4	h0#P
0x43c6e	0x44486e	.text	0	5	Ph0#P
0x43c95	0x444895	.text	0	4	h0#P
0x43ca7	0x4448a7	.text	0	4	h0#P
0x43cd2	0x4448d2	.text	0	6	jBh0#P
0x43cec	0x4448ec	.text	0	5	Ph0#P
0x43d50	0x444950	.text	0	4	Pj:j
0x441ef	0x444def	.text	0	4	=8eN
0x442bf	0x444ebf	.text	0	4	SVWh
0x442c9	0x444ec9	.text	0	4	h0#P
0x444f7	0x4450f7	.text	0	4	h,PM
0x44591	0x445191	.text	0	4	hPO^
0x4459d	0x44519d	.text	0	5	Php\^
0x445c1	0x4451c1	.text	0	5	Php\^
0x445cf	0x4451cf	.text	0	4	h8PM
0x445eb	0x4451eb	.text	0	5	Php\^
0x445f9	0x4451f9	.text	0	4	hPPM
0x44612	0x445212	.text	0	5	Php\^
0x44681	0x445281	.text	0	5	Php\^
0x4468b	0x44528b	.text	0	4	hPO^
0x446a1	0x4452a1	.text	0	5	Php\^
0x4476d	0x44536d	.text	0	4	hhPM
0x447f3	0x4453f3	.text	0	4	=DxM
0x44aed	0x4456ed	.text	0	5	Php\^
0x44b4b	0x44574b	.text	0	5	Php\^
0x44bc2	0x4457c2	.text	0	5	Php\^
0x44c2c	0x44582c	.text	0	5	Php\^
0x44c8a	0x44588a	.text	0	5	Php\^
0x44ce6	0x4458e6	.text	0	4	h QM
0x44d01	0x445901	.text	0	5	Php\^
0x44d70	0x445970	.text	0	4	=8eN
0x44f11	0x445b11	.text	0	4	h8QM
0x44f40	0x445b40	.text	0	4	hPQM
0x44f74	0x445b74	.text	0	5	PhhQM
0x44fb4	0x445bb4	.text	0	4	hpQM
0x45149	0x445d49	.text	0	4	=8eN
0x451f9	0x445df9	.text	0	4	h0#P
0x45c2e	0x44682e	.text	0	5	Php\^
0x45ca6	0x4468a6	.text	0	7	@BPh(RM
0x45dab	0x4469ab	.text	0	4	h`[^
0x45ddf	0x4469df	.text	0	4	h`[^
0x45ebb	0x446abb	.text	0	4	h,RM
0x45ee5	0x446ae5	.text	0	4	h@y^
0x45fb4	0x446bb4	.text	0	4	hHRM
0x4601c	0x446c1c	.text	0	4	hlRM
0x4602e	0x446c2e	.text	0	4	hxRM
0x46104	0x446d04	.text	0	4	h0#P
0x461f6	0x446df6	.text	0	4	h(SM
0x4624f	0x446e4f	.text	0	4	h@SM
0x46283	0x446e83	.text	0	4	hpSM
0x4629f	0x446e9f	.text	0	4	=hcM
0x46748	0x447348	.text	0	5	Php\^
0x469d9	0x4475d9	.text	0	4	SVWh
0x469fd	0x4475fd	.text	0	5	Php\^
0x46a71	0x447671	.text	0	4	h$TM
0x46a80	0x447680	.text	0	5	Ph<TM
0x46aa0	0x4476a0	.text	0	4	hHTM
0x46ac9	0x4476c9	.text	0	4	hxTM
0x46c39	0x447839	.text	0	5	Ph UM
0x46c57	0x447857	.text	0	5	Ph,UM
0x46c73	0x447873	.text	0	5	Ph8UM
0x46cb1	0x4478b1	.text	0	5	PhDUM
0x46ccd	0x4478cd	.text	0	5	PhPUM
0x46ceb	0x4478eb	.text	0	5	Ph\UM
0x46d07	0x447907	.text	0	5	PhhUM
0x46d3f	0x44793f	.text	2	4	htUM
0x46f17	0x447b17	.text	0	4	h0VM
0x46f53	0x447b53	.text	0	4	hHVM
0x46fa1	0x447ba1	.text	0	4	h`VM
0x47010	0x447c10	.text	0	4	hxVM
0x47164	0x447d64	.text	0	5	Php\^
0x471de	0x447dde	.text	0	5	Php\^
0x47232	0x447e32	.text	0	5	Php\^
0x47266	0x447e66	.text	0	5	Php\^
0x4740f	0x44800f	.text	0	5	Php\^
0x4753c	0x44813c	.text	0	5	Ph0x^
0x47542	0x448142	.text	0	4	h,WM
0x475a5	0x4481a5	.text	0	5	Ph<WM
0x475b8	0x4481b8	.text	0	4	hdWM
0x475d3	0x4481d3	.text	0	7	SVWhxWM
0x475e8	0x4481e8	.text	0	5	Php\^
0x47620	0x448220	.text	0	5	Php\^
0x47908	0x448508	.text	0	5	Php\^
0x4794b	0x44854b	.text	0	5	Php\^
0x47a5c	0x44865c	.text	0	5	Php\^
0x47aa0	0x4486a0	.text	0	5	Php\^
0x47ac1	0x4486c1	.text	0	4	=DdM
0x47acd	0x4486cd	.text	0	4	h(XM
0x47aee	0x4486ee	.text	0	5	Php\^
0x47b01	0x448701	.text	0	4	hDXM
0x47b22	0x448722	.text	0	5	Php\^
0x47bb8	0x4487b8	.text	0	5	Ph`XM
0x47c1b	0x44881b	.text	0	4	hhXM
0x47c36	0x448836	.text	0	5	Php\^
0x47d12	0x448912	.text	0	5	Php\^
0x47da3	0x4489a3	.text	0	5	Php\^
0x47edf	0x448adf	.text	0	4	=$dM
0x4801c	0x448c1c	.text	0	5	Php\^
0x480f2	0x448cf2	.text	0	5	Php\^
0x48245	0x448e45	.text	0	4	=DdM
0x4843f	0x44903f	.text	0	4	=,dM
0x48f9a	0x449b9a	.text	0	4	=tkM
0x490a5	0x449ca5	.text	0	5	PhPYM
0x49121	0x449d21	.text	0	5	PhTYM
0x491b8	0x449db8	.text	0	5	PhXYM
0x49218	0x449e18	.text	0	5	Ph\YM
0x4928e	0x449e8e	.text	0	5	Qh`YM
0x492e6	0x449ee6	.text	0	5	QhdYM
0x49335	0x449f35	.text	0	5	PhhYM
0x49383	0x449f83	.text	0	5	QhlYM
0x493db	0x449fdb	.text	0	5	QhpYM
0x4947d	0x44a07d	.text	0	5	PhtYM
0x494df	0x44a0df	.text	0	5	PhxYM
0x4952e	0x44a12e	.text	0	5	Ph|YM
0x49d5e	0x44a95e	.text	0	4	H\tQh
0x49ff1	0x44abf1	.text	0	5	Ph ZM
0x4a03f	0x44ac3f	.text	0	5	Qh$ZM
0x4a097	0x44ac97	.text	0	5	Qh(ZM
0x4a0e6	0x44ace6	.text	0	5	Ph,ZM
0x4a134	0x44ad34	.text	0	5	Qh0ZM
0x4a18c	0x44ad8c	.text	0	5	Qh4ZM
0x4a1db	0x44addb	.text	0	5	Ph8ZM
0x4a229	0x44ae29	.text	0	5	Qh<ZM
0x4a281	0x44ae81	.text	0	5	Qh@ZM
0x4a329	0x44af29	.text	0	4	hDZM
0x4a341	0x44af41	.text	0	5	Php\^
0x4a39a	0x44af9a	.text	0	4	E@B]
0x4a3d5	0x44afd5	.text	0	4	h`ZM
0x4a41e	0x44b01e	.text	0	5	Php\^
0x4a494	0x44b094	.text	0	5	Php\^
0x4a4e0	0x44b0e0	.text	0	5	Php\^
0x4a53b	0x44b13b	.text	0	5	Php\^
0x4a587	0x44b187	.text	0	5	Php\^
0x4a608	0x44b208	.text	0	5	Php\^
0x4a6ca	0x44b2ca	.text	0	5	Php\^
0x4a79d	0x44b39d	.text	0	4	h4[M
0x4a7b2	0x44b3b2	.text	0	5	Php\^
0x4a809	0x44b409	.text	0	4	hP[M
0x4a82c	0x44b42c	.text	0	5	Php\^
0x4aa6c	0x44b66c	.text	0	4	hl[M
0x4aaa9	0x44b6a9	.text	0	4	M@B]
0x4aca1	0x44b8a1	.text	0	4	=$dM
0x4acff	0x44b8ff	.text	0	4	=$dM
0x4ada9	0x44b9a9	.text	0	4	E@B]
0x4af0e	0x44bb0e	.text	0	5	Php\^
0x4af1d	0x44bb1d	.text	0	4	=,dM
0x4af97	0x44bb97	.text	0	5	Php\^
0x4b02a	0x44bc2a	.text	0	4	=,dM
0x4b100	0x44bd00	.text	0	4	=$dM
0x4b1dc	0x44bddc	.text	0	4	=,dM
0x4b244	0x44be44	.text	0	5	Php\^
0x4b328	0x44bf28	.text	0	5	Php\^
0x4b36c	0x44bf6c	.text	0	5	Php\^
0x4b4d6	0x44c0d6	.text	0	4	M@B]
0x4b54e	0x44c14e	.text	0	4	=DdM
0x4b7f5	0x44c3f5	.text	0	4	M@B]
0x4b8dc	0x44c4dc	.text	0	5	Ph<\M
0x4b98b	0x44c58b	.text	0	4	h@\M
0x4b9ad	0x44c5ad	.text	0	4	h\\M
0x4b9e2	0x44c5e2	.text	0	4	hx\M
0x4ba66	0x44c666	.text	0	5	Php\^
0x4baeb	0x44c6eb	.text	0	5	Php\^
0x4bc06	0x44c806	.text	0	4	M@B]
0x4bdc3	0x44c9c3	.text	0	5	Php\^
0x4be48	0x44ca48	.text	0	5	Php\^
0x4bfd1	0x44cbd1	.text	0	4	M@B]
0x4c01b	0x44cc1b	.text	0	4	E@B]
0x4c05d	0x44cc5d	.text	0	4	=,dM
0x4c0fb	0x44ccfb	.text	0	5	Ph,]M
0x4c1a9	0x44cda9	.text	0	4	h0]M
0x4c1cb	0x44cdcb	.text	0	4	hL]M
0x4c200	0x44ce00	.text	0	4	hh]M
0x4c284	0x44ce84	.text	0	5	Php\^
0x4c309	0x44cf09	.text	0	5	Php\^
0x4c414	0x44d014	.text	0	5	Php\^
0x4c4ec	0x44d0ec	.text	0	5	Php\^
0x4c520	0x44d120	.text	0	5	Php\^
0x4c5de	0x44d1de	.text	0	4	=,dM
0x4c715	0x44d315	.text	0	4	SVWh
0x4c71f	0x44d31f	.text	0	4	h@y^
0x4c72f	0x44d32f	.text	0	5	Ph@y^
0x4c7a6	0x44d3a6	.text	0	5	Php\^
0x4c7b4	0x44d3b4	.text	0	4	h@y^
0x4c80e	0x44d40e	.text	0	4	h@y^
0x4c87f	0x44d47f	.text	0	4	SVWh
0x4c889	0x44d489	.text	0	4	h@y^
0x4ca6f	0x44d66f	.text	0	4	=DdM
0x4cb34	0x44d734	.text	0	5	Ph(^M
0x4cb8e	0x44d78e	.text	0	7	SVWh0^M
0x4cbba	0x44d7ba	.text	0	5	Php\^
0x4cbd7	0x44d7d7	.text	0	7	SVWhL^M
0x4cc03	0x44d803	.text	0	5	Php\^
0x4cc20	0x44d820	.text	0	7	SVWhh^M
0x4cc4c	0x44d84c	.text	0	5	Php\^
0x4ccaa	0x44d8aa	.text	0	5	Php\^
0x4ccf3	0x44d8f3	.text	0	5	Php\^
0x4ceef	0x44daef	.text	0	4	=$dM
0x4d232	0x44de32	.text	0	5	Php\^
0x4d2e7	0x44dee7	.text	0	5	Ph _M
0x4d332	0x44df32	.text	0	5	Ph$_M
0x4d39e	0x44df9e	.text	0	5	Qh(_M
0x4d3c7	0x44dfc7	.text	0	5	Qh,_M
0x4d7b0	0x44e3b0	.text	0	5	Ph0_M
0x4d971	0x44e571	.text	0	4	=$dM
0x4dab3	0x44e6b3	.text	0	4	=$dM
0x4db57	0x44e757	.text	0	4	=$dM
0x4dcb1	0x44e8b1	.text	0	4	=,dM
0x4dda8	0x44e9a8	.text	0	4	=,dM
0x4de69	0x44ea69	.text	0	4	=$dM
0x4e09e	0x44ec9e	.text	0	4	h4_M
0x4e0bf	0x44ecbf	.text	0	5	Php\^
0x4e0d2	0x44ecd2	.text	0	4	hP_M
0x4e0f3	0x44ecf3	.text	0	5	Php\^
0x4e20d	0x44ee0d	.text	0	5	Phl_M
0x4e2d7	0x44eed7	.text	0	5	Qhp_M
0x4e3c3	0x44efc3	.text	0	4	ht_M
0x4e3dc	0x44efdc	.text	0	5	Php\^
0x4e408	0x44f008	.text	0	5	Php\^
0x4e434	0x44f034	.text	0	5	Php\^
0x4e460	0x44f060	.text	0	5	Php\^
0x4e5da	0x44f1da	.text	0	5	Php\^
0x4e606	0x44f206	.text	0	5	Php\^
0x4e7f2	0x44f3f2	.text	0	5	Ph `M
0x4e938	0x44f538	.text	0	5	Ph$`M
0x4e9f1	0x44f5f1	.text	0	5	Qh(`M
0x4eabb	0x44f6bb	.text	0	5	Qh,`M
0x4eb85	0x44f785	.text	0	5	Qh0`M
0x4ec4f	0x44f84f	.text	0	5	Qh4`M
0x4ed17	0x44f917	.text	0	7	H%Qh8`M
0x4edfc	0x44f9fc	.text	0	5	Qh<`M
0x4ee1c	0x44fa1c	.text	0	5	QhD`M
0x4eeff	0x44faff	.text	0	5	QhH`M
0x4ef1f	0x44fb1f	.text	0	5	QhP`M
0x4f002	0x44fc02	.text	0	5	QhT`M
0x4f022	0x44fc22	.text	0	5	Qh\`M
0x4f105	0x44fd05	.text	0	5	Qh``M
0x4f125	0x44fd25	.text	0	5	Qhh`M
0x4f206	0x44fe06	.text	0	7	H\tQhl`M
0x4f226	0x44fe26	.text	0	7	H\tQht`M
0x4f2f2	0x44fef2	.text	0	5	Qhx`M
0x4f3bc	0x44ffbc	.text	0	5	Qh|`M
0x4f6c7	0x4502c7	.text	0	4	SVWj
0x4f714	0x450314	.text	0	4	=DdM
0x4f737	0x450337	.text	0	4	=DdM
0x4f788	0x450388	.text	0	4	=DdM
0x4f814	0x450414	.text	0	5	Php\^
0x4f89b	0x45049b	.text	0	5	Php\^
0x4f8cf	0x4504cf	.text	0	5	Php\^
0x4fa09	0x450609	.text	0	5	Php\^
0x4fa8a	0x45068a	.text	0	5	Php\^
0x4fb5e	0x45075e	.text	0	4	=\p^
0x4fb91	0x450791	.text	0	4	h4aM
0x4fbb0	0x4507b0	.text	0	4	=\p^
0x4fbf0	0x4507f0	.text	0	5	QhPaM
0x4fc13	0x450813	.text	0	4	hXaM
0x4fc30	0x450830	.text	0	4	=\p^
0x4fc95	0x450895	.text	0	7	SVWhtaM
0x4fcbc	0x4508bc	.text	0	5	Php\^
0x4fd08	0x450908	.text	0	4	=\p^
0x4fdac	0x4509ac	.text	0	5	Php\^
0x4fde0	0x4509e0	.text	0	5	Php\^
0x4fe8a	0x450a8a	.text	0	5	Php\^
0x4fecd	0x450acd	.text	0	5	Ph0#P
0x4ff74	0x450b74	.text	0	5	Ph0#P
0x4ffba	0x450bba	.text	0	5	Ph0#P
0x4ffe1	0x450be1	.text	0	5	Ph0#P
0x4fff9	0x450bf9	.text	0	5	Ph0#P
0x50011	0x450c11	.text	0	5	Ph0#P
0x5002b	0x450c2b	.text	0	4	h0#P
0x500bb	0x450cbb	.text	0	4	SVWh
0x500c5	0x450cc5	.text	0	4	h0#P
0x5029e	0x450e9e	.text	0	4	h bM
0x50322	0x450f22	.text	0	5	Php\^
0x503a2	0x450fa2	.text	0	5	Php\^
0x503e7	0x450fe7	.text	0	4	h@bM
0x50499	0x451099	.text	0	4	h\bM
0x50613	0x451213	.text	0	4	=\p^
0x5061f	0x45121f	.text	0	4	hhbM
0x50667	0x451267	.text	0	4	=\p^
0x506b9	0x4512b9	.text	0	4	=\p^
0x50730	0x451330	.text	0	4	=\p^
0x50765	0x451365	.text	0	4	=\p^
0x5089b	0x45149b	.text	0	4	=\p^
0x509a9	0x4515a9	.text	0	5	Php\^
0x509b7	0x4515b7	.text	0	4	h4cM
0x509d5	0x4515d5	.text	0	5	Php\^
0x509e3	0x4515e3	.text	0	4	hLcM
0x50a07	0x451607	.text	0	5	Php\^
0x50b36	0x451736	.text	0	4	h`zM
0x50b6e	0x45176e	.text	0	4	hlzM
0x50bb9	0x4517b9	.text	0	5	Php\^
0x50be5	0x4517e5	.text	0	5	Php\^
0x50d9d	0x45199d	.text	0	5	Php\^
0x50fdb	0x451bdb	.text	0	4	h0#P
0x51001	0x451c01	.text	0	5	Ph0#P
0x5101f	0x451c1f	.text	0	4	h0#P
0x510a5	0x451ca5	.text	0	4	SVWh
0x510af	0x451caf	.text	0	4	h0#P
0x51136	0x451d36	.text	0	5	Php\^
0x51188	0x451d88	.text	0	5	Ph0#P
0x511ce	0x451dce	.text	0	6	@Ph0#P
0x51263	0x451e63	.text	0	4	=xkM
0x512c9	0x451ec9	.text	0	4	=xkM
0x51555	0x452155	.text	0	4	=pkM
0x515aa	0x4521aa	.text	0	4	=\fM
0x51651	0x452251	.text	0	4	=0kM
0x5173a	0x45233a	.text	0	4	h {M
0x51751	0x452351	.text	0	4	h${M
0x51854	0x452454	.text	0	4	h({M
0x51876	0x452476	.text	0	4	h@{M
0x518b2	0x4524b2	.text	0	4	hX{M
0x51954	0x452554	.text	0	5	Php\^
0x519e1	0x4525e1	.text	0	4	hx{M
0x51a95	0x452695	.text	0	4	=xkM
0x51b11	0x452711	.text	0	5	Php\^
0x51c62	0x452862	.text	0	5	Php\^
0x51ca9	0x4528a9	.text	0	5	Php\^
0x51cfe	0x4528fe	.text	0	5	Php\^
0x51d3a	0x45293a	.text	0	5	Php\^
0x51dc9	0x4529c9	.text	0	4	=xkM
0x51de2	0x4529e2	.text	0	4	h |M
0x51f3f	0x452b3f	.text	0	4	=pkM
0x520c8	0x452cc8	.text	0	4	h0#P
0x521b1	0x452db1	.text	0	4	=\fM
0x521d7	0x452dd7	.text	0	4	=8eN
0x522ac	0x452eac	.text	0	4	=8eN
0x52315	0x452f15	.text	0	4	=8eN
0x52353	0x452f53	.text	0	4	=0kM
0x523b3	0x452fb3	.text	1	4	h8|M
0x5247c	0x45307c	.text	0	5	PhD|M
0x5253f	0x45313f	.text	0	4	=tkM
0x525a0	0x4531a0	.text	0	4	h0x^
0x525a5	0x4531a5	.text	0	4	hd|M
0x525f2	0x4531f2	.text	0	4	h0x^
0x525f7	0x4531f7	.text	0	4	hx|M
0x52867	0x453467	.text	0	4	SVWj
0x52893	0x453493	.text	0	4	=8eN
0x52a5a	0x45365a	.text	0	4	h0}M
0x52ce3	0x4538e3	.text	0	4	=8eN
0x53135	0x453d35	.text	0	4	=8eN
0x53171	0x453d71	.text	0	4	=8eN
0x531ad	0x453dad	.text	0	4	=8eN
0x53210	0x453e10	.text	0	4	=8eN
0x53259	0x453e59	.text	0	4	=8eN
0x5328c	0x453e8c	.text	0	4	=8eN
0x53381	0x453f81	.text	0	4	=8eN
0x533a0	0x453fa0	.text	0	4	h@}M
0x533b7	0x453fb7	.text	0	4	hL}M
0x533e3	0x453fe3	.text	0	4	=8eN
0x53416	0x454016	.text	0	4	=8eN
0x5348a	0x45408a	.text	0	4	hX}M
0x534dd	0x4540dd	.text	0	4	hl}M
0x53564	0x454164	.text	0	4	SVWj
0x53611	0x454211	.text	0	4	E@B]
0x5398f	0x45458f	.text	0	4	=tkM
0x53a54	0x454654	.text	0	4	=tkM
0x53dfb	0x4549fb	.text	0	4	=tkM
0x53e2f	0x454a2f	.text	0	4	=8eN
0x53ecf	0x454acf	.text	0	4	=pkM
0x54174	0x454d74	.text	0	5	Php\^
0x54182	0x454d82	.text	0	4	h ~M
0x54197	0x454d97	.text	0	5	Php\^
0x5420f	0x454e0f	.text	0	7	SVWh8~M
0x54238	0x454e38	.text	0	5	Php\^
0x5447a	0x45507a	.text	0	7	SVWhP~M
0x54495	0x455095	.text	0	5	Php\^
0x545b7	0x4551b7	.text	0	4	SVWh
0x545c1	0x4551c1	.text	0	4	h0#P
0x545ce	0x4551ce	.text	0	4	hh~M
0x545e6	0x4551e6	.text	0	5	Php\^
0x5462f	0x45522f	.text	0	4	h0#P
0x54927	0x455527	.text	0	5	Ph *O
0x54a6b	0x45566b	.text	0	5	Php\^
0x54a8a	0x45568a	.text	0	5	Php\^
0x54a98	0x455698	.text	0	4	h`[^
0x54ab2	0x4556b2	.text	0	4	hp\^
0x54ad0	0x4556d0	.text	0	5	Php\^
0x54aef	0x4556ef	.text	0	5	Php\^
0x54b1a	0x45571a	.text	0	4	h *O
0x54b2f	0x45572f	.text	0	4	h *O
0x54bc9	0x4557c9	.text	0	5	Php\^
0x54c42	0x455842	.text	0	5	Php\^
0x54cfe	0x4558fe	.text	0	5	Php\^
0x54dbe	0x4559be	.text	0	5	Php\^
0x54e22	0x455a22	.text	0	5	Php\^
0x54e66	0x455a66	.text	0	5	Php\^
0x54f04	0x455b04	.text	0	5	Php\^
0x54f2f	0x455b2f	.text	0	5	Php\^
0x55154	0x455d54	.text	0	5	Php\^
0x5517f	0x455d7f	.text	0	4	=tkM
0x5524f	0x455e4f	.text	0	4	E@B]
0x552a8	0x455ea8	.text	0	5	Php\^
0x552f7	0x455ef7	.text	0	5	Php\^
0x5549e	0x45609e	.text	0	5	Php\^
0x55510	0x456110	.text	0	5	Php\^
0x55593	0x456193	.text	0	5	Php\^
0x556df	0x4562df	.text	0	5	Php\^
0x55713	0x456313	.text	0	5	Php\^
0x5576c	0x45636c	.text	0	4	E@B]
0x5580a	0x45640a	.text	0	4	=tkM
0x55887	0x456487	.text	0	4	=tkM
0x5591c	0x45651c	.text	0	4	E@B]
0x5708c	0x457c8c	.text	0	5	Php\^
0x5709a	0x457c9a	.text	0	4	h0#P
0x570c1	0x457cc1	.text	0	4	E@B]
0x57155	0x457d55	.text	0	5	Ph0#P
0x57172	0x457d72	.text	0	4	SVWh
0x5717c	0x457d7c	.text	0	4	h0#P
0x571bc	0x457dbc	.text	0	5	Ph0#P
0x571d4	0x457dd4	.text	0	5	Ph0#P
0x571ec	0x457dec	.text	0	5	Ph0#P
0x57204	0x457e04	.text	0	5	Ph0#P
0x5721e	0x457e1e	.text	0	4	h0#P
0x572da	0x457eda	.text	0	5	Php\^
0x57317	0x457f17	.text	0	5	Php\^
0x5738d	0x457f8d	.text	0	5	Php\^
0x573ca	0x457fca	.text	0	5	Php\^
0x5778e	0x45838e	.text	0	4	=dkM
0x58064	0x458c64	.text	0	4	h8nM
0x5845f	0x45905f	.text	0	4	=dkM
0x58780	0x459380	.text	0	4	=dkM
0x587db	0x4593db	.text	0	4	=\fM
0x59169	0x459d69	.text	0	4	=dkM
0x594e5	0x45a0e5	.text	0	4	=dkM
0x595ac	0x45a1ac	.text	0	4	=dkM
0x597c5	0x45a3c5	.text	0	4	=dkM
0x5a8ff	0x45b4ff	.text	0	4	=tkM
0x5b332	0x45bf32	.text	0	4	=dkM
0x5b8e0	0x45c4e0	.text	0	4	=\fM
0x5cb43	0x45d743	.text	0	4	=dkM
0x5de81	0x45ea81	.text	0	5	Ph8nM
0x5dee3	0x45eae3	.text	0	4	=pkM
0x5df29	0x45eb29	.text	0	4	=\fM
0x5e2d5	0x45eed5	.text	0	5	Php\^
0x5e30c	0x45ef0c	.text	0	5	Php\^
0x5e38e	0x45ef8e	.text	0	5	Php\^
0x5e69c	0x45f29c	.text	0	4	=\fM
0x5e783	0x45f383	.text	0	4	=pkM
0x5ebfc	0x45f7fc	.text	0	5	Php\^
0x5ec39	0x45f839	.text	0	5	Php\^
0x5ed13	0x45f913	.text	0	5	Php\^
0x5f28f	0x45fe8f	.text	0	4	h8nM
0x5f29d	0x45fe9d	.text	0	4	=\fM
0x5f3fb	0x45fffb	.text	0	4	=tkM
0x5f536	0x460136	.text	0	4	h0x^
0x5f90f	0x46050f	.text	0	4	h`[^
0x5f969	0x460569	.text	0	4	h`[^
0x5f9cf	0x4605cf	.text	0	4	h`[^
0x5fa7f	0x46067f	.text	0	6	SVWj(j
0x5fa95	0x460695	.text	0	5	Php\^
0x5fab6	0x4606b6	.text	0	5	Php\^
0x5fad7	0x4606d7	.text	0	5	Php\^
0x5faf8	0x4606f8	.text	0	5	Php\^
0x603e2	0x460fe2	.text	0	4	h`[^
0x603f8	0x460ff8	.text	0	5	Php\^
0x604ae	0x4610ae	.text	0	4	h`[^
0x604c4	0x4610c4	.text	0	6	HPhp\^
0x604d3	0x4610d3	.text	0	4	h`[^
0x604ea	0x4610ea	.text	0	5	Php\^
0x604f8	0x4610f8	.text	0	4	h`[^
0x6050f	0x46110f	.text	0	5	Php\^
0x6051d	0x46111d	.text	0	4	h`[^
0x60533	0x461133	.text	0	6	@Php\^
0x60549	0x461149	.text	0	4	h`[^
0x6055f	0x46115f	.text	0	5	Php\^
0x605f2	0x4611f2	.text	0	4	h`[^
0x60609	0x461209	.text	0	5	Php\^
0x60617	0x461217	.text	0	4	h`[^
0x60630	0x461230	.text	0	6	@Php\^
0x6063f	0x46123f	.text	0	4	h`[^
0x60655	0x461255	.text	0	6	@Php\^
0x60664	0x461264	.text	0	4	h`[^
0x6067e	0x46127e	.text	0	5	Php\^
0x60693	0x461293	.text	0	4	h`[^
0x606a9	0x4612a9	.text	0	5	Php\^
0x6075f	0x46135f	.text	0	4	h`[^
0x60776	0x461376	.text	0	5	Php\^
0x60784	0x461384	.text	0	4	h`[^
0x6079d	0x46139d	.text	0	6	@Php\^
0x607ac	0x4613ac	.text	0	4	h`[^
0x607c2	0x4613c2	.text	0	6	@Php\^
0x607d1	0x4613d1	.text	0	4	h`[^
0x607eb	0x4613eb	.text	0	5	Php\^
0x607ff	0x4613ff	.text	0	5	2h`[^
0x60816	0x461416	.text	0	5	Php\^
0x6090b	0x46150b	.text	0	5	Php\^
0x60ac0	0x4616c0	.text	0	5	Php\^
0x60c83	0x461883	.text	0	4	=DeN
0x60dbc	0x4619bc	.text	0	4	=DeN
0x60efa	0x461afa	.text	0	4	=DeN
0x60fc2	0x461bc2	.text	0	5	Php\^
0x61025	0x461c25	.text	0	5	Php\^
0x613c2	0x461fc2	.text	0	5	Php\^
0x613df	0x461fdf	.text	0	7	<SVWj(j
0x61712	0x462312	.text	0	4	=lcM
0x61761	0x462361	.text	0	4	=pcM
0x617b0	0x4623b0	.text	0	4	=tcM
0x61cff	0x4628ff	.text	0	4	= #P
0x6260f	0x46320f	.text	0	5	Phh!^
0x62b75	0x463775	.text	0	4	=tkM
0x62c9d	0x46389d	.text	0	4	=8y^
0x63015	0x463c15	.text	0	8	DSVWh0x^
0x63089	0x463c89	.text	0	4	htkM
0x6309e	0x463c9e	.text	0	4	hpkM
0x630b3	0x463cb3	.text	0	4	h0kM
0x631a8	0x463da8	.text	0	8	DSVWh0x^
0x6321c	0x463e1c	.text	0	4	htkM
0x6322a	0x463e2a	.text	0	4	=tkM
0x63250	0x463e50	.text	0	5	Ph@mN
0x63266	0x463e66	.text	0	4	hpkM
0x6327b	0x463e7b	.text	0	4	h0kM
0x633b6	0x463fb6	.text	0	4	=hcM
0x63413	0x464013	.text	0	5	Php\^
0x6344e	0x46404e	.text	0	5	Php\^
0x6350a	0x46410a	.text	0	4	=<y^
0x63643	0x464243	.text	0	4	h`[^
0x63659	0x464259	.text	0	5	Php\^
0x63ec6	0x464ac6	.text	0	4	SVWh
0x63fcd	0x464bcd	.text	0	4	h06M
0x63fd2	0x464bd2	.text	0	4	h,6M
0x64594	0x465194	.text	0	5	Php\^
0x6460d	0x46520d	.text	0	4	=tkM
0x65d2a	0x46692a	.text	0	4	=$s^
0x65d60	0x466960	.text	0	4	=$s^
0x65d97	0x466997	.text	0	5	Php\^
0x65f8f	0x466b8f	.text	0	5	Php\^
0x65fe1	0x466be1	.text	0	5	Ph0#P
0x66001	0x466c01	.text	0	4	SVWh
0x6600b	0x466c0b	.text	0	4	h0#P
0x6602c	0x466c2c	.text	0	5	Ph0#P
0x66044	0x466c44	.text	0	5	Ph0#P
0x6605c	0x466c5c	.text	0	5	Ph0#P
0x66074	0x466c74	.text	0	5	Ph0#P
0x660e7	0x466ce7	.text	0	4	h0#P
0x661bc	0x466dbc	.text	0	5	Ph0x^
0x663ca	0x466fca	.text	0	8	TSVWh0x^
0x66498	0x467098	.text	0	4	SVWj
0x66f8e	0x467b8e	.text	0	4	=\fM
0x67052	0x467c52	.text	0	4	=\fM
0x6734d	0x467f4d	.text	0	4	=\fM
0x6737b	0x467f7b	.text	0	4	=\fM
0x67779	0x468379	.text	0	4	=dkM
0x67e1b	0x468a1b	.text	0	4	=\fM
0x69884	0x46a484	.text	0	5	Php\^
0x6c734	0x46d334	.text	0	5	Php\^
0x6c7ee	0x46d3ee	.text	0	4	A;<N
0x6c8de	0x46d4de	.text	0	5	Php\^
0x6c9fc	0x46d5fc	.text	0	4	A;<N
0x6ca67	0x46d667	.text	0	4	J;<N
0x6caa9	0x46d6a9	.text	0	5	Php\^
0x6cad2	0x46d6d2	.text	0	4	A;<N
0x6cb60	0x46d760	.text	0	5	Php\^
0x6cba4	0x46d7a4	.text	0	5	Php\^
0x6cc9d	0x46d89d	.text	0	4	EPp^
0x6ccef	0x46d8ef	.text	0	5	Php\^
0x6cd74	0x46d974	.text	0	5	Php\^
0x6ce41	0x46da41	.text	0	4	EPp^
0x6ce61	0x46da61	.text	0	5	Php\^
0x6cea6	0x46daa6	.text	0	4	EPp^
0x6d8e9	0x46e4e9	.text	0	5	Php\^
0x6dabc	0x46e6bc	.text	0	5	Php\^
0x6db0e	0x46e70e	.text	0	5	Ph0#P
0x6db2e	0x46e72e	.text	0	4	SVWh
0x6db38	0x46e738	.text	0	4	h0#P
0x6db59	0x46e759	.text	0	5	Ph0#P
0x6db7e	0x46e77e	.text	0	5	Ph0#P
0x6db96	0x46e796	.text	0	5	Ph0#P
0x6dbae	0x46e7ae	.text	0	5	Ph0#P
0x6dbc6	0x46e7c6	.text	0	5	Ph0#P
0x6dc39	0x46e839	.text	0	4	h0#P
0x6dcc7	0x46e8c7	.text	0	4	h0x^
0x6dce2	0x46e8e2	.text	0	4	h0x^
0x6ddb4	0x46e9b4	.text	0	4	=hcM
0x6df29	0x46eb29	.text	0	4	=`mN
0x6dfb3	0x46ebb3	.text	0	4	=`mN
0x6e041	0x46ec41	.text	0	4	=`mN
0x6e0c5	0x46ecc5	.text	0	4	=`mN
0x6f26d	0x46fe6d	.text	0	4	=8eN
0x6f375	0x46ff75	.text	0	4	h8nM
0x6f3d2	0x46ffd2	.text	0	4	h8nM
0x6fcdf	0x4708df	.text	0	4	=dkM
0x6fceb	0x4708eb	.text	0	4	hPdM
0x6ffd4	0x470bd4	.text	0	4	=|aP
0x70040	0x470c40	.text	0	4	=8eN
0x71ae6	0x4726e6	.text	0	4	=0kM
0x72173	0x472d73	.text	0	5	Php\^
0x722dc	0x472edc	.text	0	5	Php\^
0x72301	0x472f01	.text	0	6	@Php\^
0x72334	0x472f34	.text	0	5	Php\^
0x72366	0x472f66	.text	0	5	Php\^
0x72392	0x472f92	.text	0	5	Php\^
0x723ba	0x472fba	.text	0	6	@Php\^
0x723ed	0x472fed	.text	0	5	Php\^
0x7241f	0x47301f	.text	0	5	Php\^
0x72ff4	0x473bf4	.text	0	5	Php\^
0x73049	0x473c49	.text	0	4	=tkM
0x730c1	0x473cc1	.text	0	5	Php\^
0x730f2	0x473cf2	.text	0	5	Php\^
0x73229	0x473e29	.text	0	5	Php\^
0x7325d	0x473e5d	.text	0	5	Php\^
0x73314	0x473f14	.text	0	5	Php\^
0x73348	0x473f48	.text	0	5	Php\^
0x733d6	0x473fd6	.text	0	5	Php\^
0x7340a	0x47400a	.text	0	5	Php\^
0x73496	0x474096	.text	0	5	Php\^
0x734ca	0x4740ca	.text	0	5	Php\^
0x736c5	0x4742c5	.text	0	5	Php\^
0x7388e	0x47448e	.text	0	5	Ph0#P
0x738a6	0x4744a6	.text	0	5	Ph0#P
0x738be	0x4744be	.text	0	5	Ph0#P
0x738d6	0x4744d6	.text	0	5	Ph0#P
0x738ee	0x4744ee	.text	0	5	Ph0#P
0x73957	0x474557	.text	0	4	@ -h
0x73961	0x474561	.text	0	4	h0#P
0x739ae	0x4745ae	.text	0	5	Php\^
0x739cb	0x4745cb	.text	0	4	h0#P
0x73a18	0x474618	.text	0	5	Ph0#P
0x73a3a	0x47463a	.text	0	5	Ph0#P
0x73a73	0x474673	.text	0	5	Ph0#P
0x73a8b	0x47468b	.text	0	5	Ph0#P
0x73aa3	0x4746a3	.text	0	5	Ph0#P
0x73abb	0x4746bb	.text	0	5	Ph0#P
0x73ad3	0x4746d3	.text	0	5	Ph0#P
0x73c93	0x474893	.text	0	5	Php\^
0x743c8	0x474fc8	.text	0	5	DA[f 
0x7475c	0x47535c	.text	0	5	DA[d 
0x74af0	0x4756f0	.text	0	5	DA[h 
0x74e84	0x475a84	.text	0	5	DA[b 
0x7537d	0x475f7d	.text	0	5	DA[$ 
0x756f6	0x4762f6	.text	0	5	DA[# 
0x75d07	0x476907	.text	0	5	DA[& 
0x7609b	0x476c9b	.text	0	5	DA[( 
0x7640e	0x47700e	.text	0	5	DA[q 
0x76781	0x477381	.text	0	5	DA[r 
0x76e68	0x477a68	.text	0	4	DA[R
0x771db	0x477ddb	.text	0	4	DA[H
0x7754e	0x47814e	.text	0	4	DA[T
0x778c1	0x4784c1	.text	0	4	DA[G
0x77c34	0x478834	.text	0	4	DA[E
0x77fa7	0x478ba7	.text	0	4	DA[M
0x7831a	0x478f1a	.text	0	4	DA[I
0x78a00	0x479600	.text	0	4	DA[N
0x78d73	0x479973	.text	0	4	DA[F
0x790e6	0x479ce6	.text	0	4	DA[A
0x79459	0x47a059	.text	0	4	DA[U
0x79c02	0x47a802	.text	0	6	DAo$-D
0x79d8d	0x47a98d	.text	0	5	DA[' 
0x79f15	0x47ab15	.text	0	5	DA[& 
0x7a09d	0x47ac9d	.text	0	5	DA[( 
0x7a225	0x47ae25	.text	0	5	DA[% 
0x7a3aa	0x47afaa	.text	0	4	DA!$
0x7a3e1	0x47afe1	.text	0	6	DAcf^D
0x7a569	0x47b169	.text	0	4	DA!&
0x7a5a0	0x47b1a0	.text	0	6	DAcf^D
0x7a696	0x47b296	.text	0	6	DAcOJC
0x7a746	0x47b346	.text	0	6	DAs(^D
0x7a791	0x47b391	.text	0	4	=tkM
0x7aab9	0x47b6b9	.text	0	6	DAs$JD
0x7ab1a	0x47b71a	.text	0	4	DA[ 
0x7ad81	0x47b981	.text	0	6	DAsm&E
0x7b023	0x47bc23	.text	0	6	DAsm&E
0x7b3be	0x47bfbe	.text	0	6	DAkiPD
0x7b41b	0x47c01b	.text	0	5	DA[q 
0x7b439	0x47c039	.text	0	5	DA[p 
0x7b476	0x47c076	.text	0	5	DA[r 
0x7b843	0x47c443	.text	0	6	DAciz@
0x7bdbf	0x47c9bf	.text	0	6	DAcH|@
0x7c1dc	0x47cddc	.text	0	6	DAcb}@
0x7c331	0x47cf31	.text	0	6	DAcy}@
0x7d58c	0x47e18c	.text	0	4	DA[L
0x7d9e8	0x47e5e8	.text	0	6	DA{rYA
0x7dc6e	0x47e86e	.text	0	6	DAcGdA
0x7dce6	0x47e8e6	.text	0	6	DAsUpA
0x7dde8	0x47e9e8	.text	0	6	DAcGdA
0x7de60	0x47ea60	.text	0	6	DAsUpA
0x7df7f	0x47eb7f	.text	0	4	DA!&
0x7e114	0x47ed14	.text	0	4	DA!$
0x7e2a9	0x47eea9	.text	0	4	DA!<
0x7e453	0x47f053	.text	0	4	DA!:
0x7ea0c	0x47f60c	.text	0	4	=TZ^
0x7ea3c	0x47f63c	.text	0	4	=TZ^
0x7f5ef	0x4801ef	.text	0	6	DAsG"@
0x7f607	0x480207	.text	0	6	DAcw"@
0x7f781	0x480381	.text	0	6	DAsG"@
0x7f799	0x480399	.text	0	6	DAcw"@
0x7f911	0x480511	.text	0	6	DAsG"@
0x7f929	0x480529	.text	0	6	DAcC#@
0x7faa3	0x4806a3	.text	0	6	DAsG"@
0x7fabb	0x4806bb	.text	0	6	DAcC#@
0x7fc35	0x480835	.text	0	6	DAsG"@
0x7fc4d	0x48084d	.text	0	6	DAcw"@
0x7fdc7	0x4809c7	.text	0	6	DAsG"@
0x7fddf	0x4809df	.text	0	6	DAcw"@
0x7ff57	0x480b57	.text	0	6	DAsG"@
0x7ff6f	0x480b6f	.text	0	6	DAcC#@
0x800e9	0x480ce9	.text	0	6	DAsG"@
0x80101	0x480d01	.text	0	6	DAcC#@
0x80287	0x480e87	.text	0	6	DAsG"@
0x8040d	0x48100d	.text	0	6	DAsG"@
0x80591	0x481191	.text	0	6	DAsG"@
0x80717	0x481317	.text	0	6	DAsG"@
0x809bf	0x4815bf	.text	0	6	DA{P&@
0x80aaf	0x4816af	.text	0	6	DAc/'@
0x80adf	0x4816df	.text	0	6	DA_R;F
0x80af7	0x4816f7	.text	0	6	DAoA)@
0x80b0f	0x48170f	.text	0	6	DAsU*@
0x80c34	0x481834	.text	0	6	DA{g(@
0x80d6b	0x48196b	.text	0	6	DAcz'@
0x80d83	0x481983	.text	0	6	DAoA)@
0x80d9b	0x48199b	.text	0	6	DAsU*@
0x80ed2	0x481ad2	.text	0	6	DAoA)@
0x80eea	0x481aea	.text	0	6	DAsU*@
0x8103b	0x481c3b	.text	0	6	DAoA)@
0x81053	0x481c53	.text	0	6	DAsU*@
0x811a4	0x481da4	.text	0	6	DAoA)@
0x811bc	0x481dbc	.text	0	6	DAsU*@
0x811d4	0x481dd4	.text	0	6	DAc8(@
0x815a1	0x4821a1	.text	0	6	DAc2zA
0x8170f	0x48230f	.text	0	6	DA{w~A
0x81c0f	0x48280f	.text	0	4	DA!$
0x81db0	0x4829b0	.text	0	4	DA!&
0x81f51	0x482b51	.text	0	4	DA!<
0x82105	0x482d05	.text	0	4	DA!:
0x82abb	0x4836bb	.text	0	6	DA{o\tE
0x82ea9	0x483aa9	.text	0	4	DA!$
0x8300e	0x483c0e	.text	0	4	DA!&
0x83173	0x483d73	.text	0	4	DA!$
0x832d8	0x483ed8	.text	0	4	DA!&
0x8347d	0x48407d	.text	0	6	DA{0+@
0x835c8	0x4841c8	.text	0	6	DAo--@
0x83613	0x484213	.text	0	6	DAcb+@
0x83745	0x484345	.text	0	6	DAo--@
0x83790	0x484390	.text	0	6	DAc/3@
0x838dd	0x4844dd	.text	0	5	DA[q 
0x83b2c	0x48472c	.text	0	6	DAo--@
0x83b8e	0x48478e	.text	0	6	DAcw7@
0x83dc5	0x4849c5	.text	0	6	DAo--@
0x83df5	0x4849f5	.text	0	6	DAcw7@
0x8405e	0x484c5e	.text	0	6	DAo--@
0x8408e	0x484c8e	.text	0	6	DAcP9@
0x842e0	0x484ee0	.text	0	6	DAo--@
0x84310	0x484f10	.text	0	6	DAcP9@
0x8467f	0x48527f	.text	0	6	DAo--@
0x847cc	0x4853cc	.text	0	6	DAcYC@
0x847e4	0x4853e4	.text	0	6	DAo--@
0x84a67	0x485667	.text	0	6	DAo--@
0x84bb4	0x4857b4	.text	0	6	DAcYC@
0x84bcc	0x4857cc	.text	0	6	DAo--@
0x84d1a	0x48591a	.text	0	6	DA{dx@
0x84d32	0x485932	.text	0	6	DAo--@
0x84d62	0x485962	.text	0	6	DAc2g@
0x84d7a	0x48597a	.text	0	6	DA_Ax@
0x84ec4	0x485ac4	.text	0	6	DAo--@
0x84ef4	0x485af4	.text	0	6	DAc2g@
0x84f0c	0x485b0c	.text	0	6	DA_Ax@
0x8503e	0x485c3e	.text	0	6	DA{P<@
0x85056	0x485c56	.text	0	6	DAo--@
0x8509e	0x485c9e	.text	0	6	DAk2g@
0x851d3	0x485dd3	.text	0	6	DAc8=@
0x851eb	0x485deb	.text	0	6	DAo--@
0x85452	0x486052	.text	0	6	DA{dx@
0x8546a	0x48606a	.text	0	6	DAo--@
0x8549a	0x48609a	.text	0	6	DAc2g@
0x854b2	0x4860b2	.text	0	6	DA_Ax@
0x855fc	0x4861fc	.text	0	6	DAo--@
0x8562c	0x48622c	.text	0	6	DAc2g@
0x85644	0x486244	.text	0	6	DA_Ax@
0x85776	0x486376	.text	0	6	DA{P<@
0x8578e	0x48638e	.text	0	6	DAo--@
0x858f3	0x4864f3	.text	0	6	DAc8=@
0x8590b	0x48650b	.text	0	6	DAo--@
0x85b8a	0x48678a	.text	0	6	DAo--@
0x85d07	0x486907	.text	0	6	DAo--@
0x85f86	0x486b86	.text	0	6	DAo--@
0x86103	0x486d03	.text	0	6	DAo--@
0x86382	0x486f82	.text	0	6	DAo--@
0x863fa	0x486ffa	.text	0	6	DAcfU@
0x86631	0x487231	.text	0	6	DAo--@
0x866a9	0x4872a9	.text	0	6	DAcfU@
0x867c3	0x4873c3	.text	0	6	DAo--@
0x86928	0x487528	.text	0	6	DAo--@
0x86aa2	0x4876a2	.text	0	6	DAo--@
0x86c04	0x487804	.text	0	6	DAo--@
0x86d4e	0x48794e	.text	0	6	DA{xF@
0x86d7e	0x48797e	.text	0	6	DAo--@
0x86ecb	0x487acb	.text	0	6	DAo--@
0x86ffd	0x487bfd	.text	0	6	DAcnG@
0x87015	0x487c15	.text	0	6	DAo--@
0x8715c	0x487d5c	.text	0	6	DAo--@
0x87291	0x487e91	.text	0	6	DA{*I@
0x872a9	0x487ea9	.text	0	6	DAo--@
0x8740e	0x48800e	.text	0	6	DAo--@
0x8753d	0x48813d	.text	0	6	DA{LJ@
0x87555	0x488155	.text	0	6	DAo--@
0x876d2	0x4882d2	.text	0	6	DAo--@
0x8783a	0x48843a	.text	0	6	DAo--@
0x87984	0x488584	.text	0	6	DA{<N@
0x8799c	0x48859c	.text	0	6	DAo--@
0x87b1e	0x48871e	.text	0	6	DAc}N@
0x87c6f	0x48886f	.text	0	6	DA{<N@
0x87c87	0x488887	.text	0	6	DAo--@
0x87e07	0x488a07	.text	0	6	DAc}N@
0x87f70	0x488b70	.text	0	6	DAcsP@
0x87f88	0x488b88	.text	0	6	DAo--@
0x880b7	0x488cb7	.text	0	6	DA{gO@
0x881d4	0x488dd4	.text	0	6	DA{gO@
0x88324	0x488f24	.text	0	6	DAo--@
0x884a1	0x4890a1	.text	0	6	DAo--@
0x8861e	0x48921e	.text	0	6	DAo--@
0x8879b	0x48939b	.text	0	6	DAo--@
0x888d0	0x4894d0	.text	0	6	DAc}R@
0x88918	0x489518	.text	0	6	DAo--@
0x88a4d	0x48964d	.text	0	6	DAc\_@
0x88a95	0x489695	.text	0	6	DAo--@
0x88be2	0x4897e2	.text	0	6	DAo--@
0x88d17	0x489917	.text	0	6	DAcEV@
0x88d47	0x489947	.text	0	6	DA{ny@
0x88d5f	0x48995f	.text	0	6	DAo--@
0x88feb	0x489beb	.text	0	6	DA{ny@
0x89003	0x489c03	.text	0	6	DAo--@
0x89297	0x489e97	.text	0	6	DA{ny@
0x892c4	0x489ec4	.text	0	6	DAo--@
0x89765	0x48a365	.text	0	6	DA{ny@
0x897aa	0x48a3aa	.text	0	6	DAo--@
0x898df	0x48a4df	.text	0	6	DA{ny@
0x89924	0x48a524	.text	0	6	DAo--@
0x89b4e	0x48a74e	.text	0	6	DAcRh@
0x89b66	0x48a766	.text	0	6	DA_Ca@
0x89cc2	0x48a8c2	.text	0	6	DA_Ca@
0x89cda	0x48a8da	.text	0	6	DA{-f@
0x8a093	0x48ac93	.text	0	6	DA_Ca@
0x8a0c3	0x48acc3	.text	0	6	DA{Lb@
0x8a20a	0x48ae0a	.text	0	6	DA_Ca@
0x8a381	0x48af81	.text	0	6	DA_Ca@
0x8a3b1	0x48afb1	.text	0	6	DA{Lb@
0x8a4f8	0x48b0f8	.text	0	6	DA_Ca@
0x8a716	0x48b316	.text	0	6	DA{PME
0x8a878	0x48b478	.text	0	6	DAotPE
0x8a9be	0x48b5be	.text	0	6	DA{\tNE
0x8a9d6	0x48b5d6	.text	0	6	DAotPE
0x8b091	0x48bc91	.text	0	6	DA_Ca@
0x8bf82	0x48cb82	.text	0	4	DA!*
0x8c0e7	0x48cce7	.text	0	4	DA!(
0x8c24c	0x48ce4c	.text	0	4	DA!*
0x8c3b1	0x48cfb1	.text	0	4	DA!(
0x8c46a	0x48d06a	.text	0	5	DA[. 
0x8c775	0x48d375	.text	0	6	DA_Ca@
0x8cbf9	0x48d7f9	.text	0	6	DA_Ca@
0x8e141	0x48ed41	.text	0	4	DAo,
0x8e159	0x48ed59	.text	0	4	DAsL
0x8e23f	0x48ee3f	.text	0	4	DA{c
0x8e8cd	0x48f4cd	.text	0	6	DA_R;F
0x8e8fd	0x48f4fd	.text	0	6	DAs{;F
0x8f91c	0x49051c	.text	0	4	DA!*
0x8faf9	0x4906f9	.text	0	4	DA!(
0x8fce4	0x4908e4	.text	0	6	DA_Ca@
0x8ff1f	0x490b1f	.text	0	6	DA_Ca@
0x902c4	0x490ec4	.text	0	5	DA[' 
0x9046c	0x49106c	.text	0	5	DA[% 
0x90614	0x491214	.text	0	5	DA[& 
0x907bc	0x4913bc	.text	0	5	DA[( 
0x90930	0x491530	.text	0	5	(SVWj
0x90c48	0x491848	.text	0	6	DAsm&E
0x910c1	0x491cc1	.text	0	6	DAsm&E
0x91537	0x492137	.text	0	6	DA_R;F
0x9154f	0x49214f	.text	0	6	DAs{;F
0x91bb1	0x4927b1	.text	0	4	DA[-
0x91cd7	0x4928d7	.text	0	4	DA[+
0x920bf	0x492cbf	.text	0	6	DA_R;F
0x920d7	0x492cd7	.text	0	6	DAs{;F
0x92fde	0x493bde	.text	0	6	DAsMEG
0x9300e	0x493c0e	.text	0	6	DA_BHG
0x93026	0x493c26	.text	0	6	DA{eHG
0x9311d	0x493d1d	.text	0	6	DAoqDG
0x93135	0x493d35	.text	0	6	DAsMEG
0x93271	0x493e71	.text	0	6	DAoqDG
0x93289	0x493e89	.text	0	6	DAsMEG
0x932e3	0x493ee3	.text	0	6	DAcw>G
0x933c7	0x493fc7	.text	0	6	DAoqDG
0x933df	0x493fdf	.text	0	6	DAsMEG
0x93439	0x494039	.text	0	6	DAcb?G
0x9351d	0x49411d	.text	0	6	DAoqDG
0x93535	0x494135	.text	0	6	DAsMEG
0x9358f	0x49418f	.text	0	6	DAc$@G
0x93673	0x494273	.text	0	6	DAoqDG
0x9368b	0x49428b	.text	0	6	DAsMEG
0x936cd	0x4942cd	.text	0	6	DA{b@G
0x937e1	0x4943e1	.text	0	6	DAoTFG
0x93811	0x494411	.text	0	6	DA{YAG
0x9395a	0x49455a	.text	0	6	DAoTFG
0x9398a	0x49458a	.text	0	6	DA{YAG
0x93ad3	0x4946d3	.text	0	6	DAoTFG
0x93b03	0x494703	.text	0	6	DA{YAG
0x93c4c	0x49484c	.text	0	6	DAoTFG
0x93c7c	0x49487c	.text	0	6	DA{YAG
0x93dc5	0x4949c5	.text	0	6	DAoTFG
0x93df5	0x4949f5	.text	0	6	DA{YAG
0x942c0	0x494ec0	.text	0	6	DA_R;F
0x950a6	0x495ca6	.text	0	6	DA{0]E
0x951db	0x495ddb	.text	0	6	DAcn]E
0x9523b	0x495e3b	.text	0	6	DAso}E
0x954be	0x4960be	.text	0	6	DAc"bE
0x9551e	0x49611e	.text	0	6	DAso}E
0x95650	0x496250	.text	0	6	DAc"bE
0x956b0	0x4962b0	.text	0	6	DAso}E
0x957e2	0x4963e2	.text	0	6	DAc-cE
0x95842	0x496442	.text	0	6	DAso}E
0x95a5a	0x49665a	.text	0	6	DA{[|E
0x95e41	0x496a41	.text	0	6	DA_R;F
0x96f65	0x497b65	.text	0	6	DA{ iF
0x97067	0x497c67	.text	0	6	DAcumF
0x971e4	0x497de4	.text	0	6	DAc8kF
0x97345	0x497f45	.text	0	6	DA{kkF
0x98369	0x498f69	.text	0	6	DA_R;F
0x98b9b	0x49979b	.text	0	4	=Dp^
0x98e16	0x499a16	.text	0	5	DA[' 
0x98fbe	0x499bbe	.text	0	5	DA[% 
0x99166	0x499d66	.text	0	5	DA[& 
0x9930e	0x499f0e	.text	0	5	DA[( 
0x9ab74	0x49b774	.text	0	4	DA!*
0x9ad51	0x49b951	.text	0	4	DA!(
0x9bd47	0x49c947	.text	0	6	DA_R;F
0x9d26a	0x49de6a	.text	0	4	DA!$
0x9d40b	0x49e00b	.text	0	4	DA!&
0x9d5ac	0x49e1ac	.text	0	4	DA!<
0x9d762	0x49e362	.text	0	4	DA!:
0x9da96	0x49e696	.text	0	6	DA{0sD
0x9ddc1	0x49e9c1	.text	0	6	DA{&}D
0x9deb8	0x49eab8	.text	0	6	DA{~}D
0x9dfe4	0x49ebe4	.text	0	6	DA{~}D
0x9e125	0x49ed25	.text	0	6	DAcbsD
0x9e26e	0x49ee6e	.text	0	6	DAcbsD
0x9e54d	0x49f14d	.text	0	6	DA{pQF
0x9e5b4	0x49f1b4	.text	0	5	Php\^
0x9e67e	0x49f27e	.text	0	5	Php\^
0x9e731	0x49f331	.text	0	4	A;<N
0xa3b3d	0x4a473d	.text	0	4	=dkM
0xa3f24	0x4a4b24	.text	0	4	h p^
0xa3f35	0x4a4b35	.text	0	4	h@s^
0xa4882	0x4a5482	.text	0	4	SVWj
0xa5fc6	0x4a6bc6	.text	0	4	=\fM
0xa9b53	0x4aa753	.text	0	4	=\fM
0xaa811	0x4ab411	.text	0	4	=\fM
0xaacd0	0x4ab8d0	.text	0	5	Php\^
0xaad0b	0x4ab90b	.text	0	5	Php\^
0xaad2f	0x4ab92f	.text	0	5	Php\^
0xab35d	0x4abf5d	.text	0	5	Php\^
0xab37c	0x4abf7c	.text	0	5	Php\^
0xab398	0x4abf98	.text	0	5	Php\^
0xab4c9	0x4ac0c9	.text	0	4	h`[^
0xab4f3	0x4ac0f3	.text	0	5	Php\^
0xab5dc	0x4ac1dc	.text	0	5	Php\^
0xab72c	0x4ac32c	.text	0	4	h`[^
0xab765	0x4ac365	.text	0	5	Php\^
0xab7e4	0x4ac3e4	.text	0	5	Php\^
0xab8a4	0x4ac4a4	.text	0	5	Php\^
0xab98e	0x4ac58e	.text	0	5	Php\^
0xab9dc	0x4ac5dc	.text	0	5	Php\^
0xaba2d	0x4ac62d	.text	0	5	Php\^
0xaba72	0x4ac672	.text	0	5	Php\^
0xabab6	0x4ac6b6	.text	0	5	Php\^
0xabb17	0x4ac717	.text	0	5	Ph0#P
0xabb5e	0x4ac75e	.text	0	5	Ph0#P
0xabba6	0x4ac7a6	.text	0	5	Ph0#P
0xabbed	0x4ac7ed	.text	0	5	Ph0#P
0xabccc	0x4ac8cc	.text	0	4	h0#P
0xabced	0x4ac8ed	.text	0	5	Ph0#P
0xabd05	0x4ac905	.text	0	5	Ph0#P
0xabd1d	0x4ac91d	.text	0	5	Ph0#P
0xabd4b	0x4ac94b	.text	0	5	Ph0#P
0xabd63	0x4ac963	.text	0	5	Ph0#P
0xabd7b	0x4ac97b	.text	0	5	Ph0#P
0xabda2	0x4ac9a2	.text	0	5	Ph0#P
0xabdba	0x4ac9ba	.text	0	5	Ph0#P
0xabde1	0x4ac9e1	.text	0	5	Ph0#P
0xabdf9	0x4ac9f9	.text	0	5	Ph0#P
0xabe20	0x4aca20	.text	0	5	Ph0#P
0xabe38	0x4aca38	.text	0	5	Ph0#P
0xabe50	0x4aca50	.text	0	5	Ph0#P
0xabe68	0x4aca68	.text	0	5	Ph0#P
0xabe80	0x4aca80	.text	0	5	Ph0#P
0xabe98	0x4aca98	.text	0	5	Ph0#P
0xabfcd	0x4acbcd	.text	0	4	h0#P
0xac1e0	0x4acde0	.text	0	4	SVWh
0xac204	0x4ace04	.text	0	5	Php\^
0xac245	0x4ace45	.text	0	5	Php\^
0xac269	0x4ace69	.text	0	7	(SVWj(j
0xac323	0x4acf23	.text	0	5	Php\^
0xac381	0x4acf81	.text	0	5	Php\^
0xac3e0	0x4acfe0	.text	0	5	Php\^
0xac414	0x4ad014	.text	0	5	Php\^
0xac5b3	0x4ad1b3	.text	0	5	Php\^
0xac8b5	0x4ad4b5	.text	0	5	Php\^
0xac8e9	0x4ad4e9	.text	0	5	Php\^
0xac939	0x4ad539	.text	0	5	Php\^
0xac96d	0x4ad56d	.text	0	5	Php\^
0xac9bd	0x4ad5bd	.text	0	5	Php\^
0xac9f1	0x4ad5f1	.text	0	5	Php\^
0xaca34	0x4ad634	.text	0	5	Php\^
0xacb06	0x4ad706	.text	0	4	=tkM
0xacb52	0x4ad752	.text	0	4	=tkM
0xacbc3	0x4ad7c3	.text	0	5	Php\^
0xacc5e	0x4ad85e	.text	0	5	Php\^
0xacfb4	0x4adbb4	.text	0	4	=hcM
0xad000	0x4adc00	.text	0	4	=DeN
0xad060	0x4adc60	.text	0	4	=pkM
0xad092	0x4adc92	.text	0	4	=pkM
0xad214	0x4ade14	.text	0	5	Php\^
0xad3a2	0x4adfa2	.text	0	5	Php\^
0xad3bf	0x4adfbf	.text	0	4	SVWh
0xad3eb	0x4adfeb	.text	0	5	Php\^
0xadb75	0x4ae775	.text	0	5	Php\^
0xadbb0	0x4ae7b0	.text	0	5	Php\^
0xadbd4	0x4ae7d4	.text	0	5	Php\^
0xadc3d	0x4ae83d	.text	0	5	Php\^
0xadc5c	0x4ae85c	.text	0	5	Php\^
0xadd7e	0x4ae97e	.text	0	4	h`[^
0xadda8	0x4ae9a8	.text	0	5	Php\^
0xade0e	0x4aea0e	.text	0	4	h`[^
0xade38	0x4aea38	.text	0	5	Php\^
0xade5d	0x4aea5d	.text	0	4	h`[^
0xade7b	0x4aea7b	.text	0	5	Php\^
0xae02f	0x4aec2f	.text	0	5	Php\^
0xae113	0x4aed13	.text	0	4	h`[^
0xae134	0x4aed34	.text	0	5	Php\^
0xae142	0x4aed42	.text	0	4	h`[^
0xae160	0x4aed60	.text	0	5	Php\^
0xae2c5	0x4aeec5	.text	0	5	Php\^
0xae3a9	0x4aefa9	.text	0	4	h`[^
0xae3ca	0x4aefca	.text	0	5	Php\^
0xae3d8	0x4aefd8	.text	0	4	h`[^
0xae3f6	0x4aeff6	.text	0	5	Php\^
0xae558	0x4af158	.text	0	5	Php\^
0xae63c	0x4af23c	.text	0	4	h`[^
0xae65d	0x4af25d	.text	0	5	Php\^
0xae66b	0x4af26b	.text	0	4	h`[^
0xae689	0x4af289	.text	0	5	Php\^
0xae826	0x4af426	.text	0	5	Php\^
0xae915	0x4af515	.text	0	4	h`[^
0xae936	0x4af536	.text	0	5	Php\^
0xae944	0x4af544	.text	0	4	h`[^
0xae962	0x4af562	.text	0	5	Php\^
0xaeb39	0x4af739	.text	0	5	Php\^
0xaec1e	0x4af81e	.text	0	4	h`[^
0xaec3f	0x4af83f	.text	0	5	Php\^
0xaec4d	0x4af84d	.text	0	4	h`[^
0xaec6b	0x4af86b	.text	0	5	Php\^
0xaee22	0x4afa22	.text	0	4	hY5K
0xaf6ca	0x4b02ca	.text	0	6	SVWjdj
0xaf6fa	0x4b02fa	.text	0	6	SVWjdj
0xb2c07	0x4b3807	.text	0	4	SVWj
0xb2c33	0x4b3833	.text	0	4	SVWj
0xb2c59	0x4b3859	.text	0	4	SVWj
0xb3ce4	0x4b48e4	.text	0	4	SVWj
0xb42ce	0x4b4ece	.text	0	4	SVWj
0xb4836	0x4b5436	.text	0	4	SVWh
0xb4b15	0x4b5715	.text	0	6	SVWj,j
0xb52b3	0x4b5eb3	.text	0	4	SVWj
0xb5313	0x4b5f13	.text	0	4	SVWj
0xb53b3	0x4b5fb3	.text	0	4	SVWj
0xb5723	0x4b6323	.text	0	4	SVWj
0xb57c3	0x4b63c3	.text	0	4	SVWj
0xb5dc3	0x4b69c3	.text	0	4	SVWj
0xb5df6	0x4b69f6	.text	0	4	SVWj
0xb7753	0x4b8353	.text	0	4	SVWj
0xb7773	0x4b8373	.text	0	4	SVWj
0xba293	0x4bae93	.text	0	4	SVWj
0xba413	0x4bb013	.text	0	4	SVWj
0xbc9b3	0x4bd5b3	.text	0	4	SVWj
0xbccf3	0x4bd8f3	.text	0	4	SVWh
0xc090b	0x4c150b	.text	0	5	SVWUj
0xc8156	0x4c9156	.rdata	0	16	B^format != NULL
0xc8168	0x4c9168	.rdata	4	10	vsprintf.c
0xc8174	0x4c9174	.rdata	5	14	string != NULL
0xc8184	0x4c9184	.rdata	1	6	Client
0xc818c	0x4c918c	.rdata	1	6	Ignore
0xc8198	0x4c9198	.rdata	1	6	Normal
0xc81a0	0x4c91a0	.rdata	1	4	Free
0xc8260	0x4c9260	.rdata	20	9	dbgheap.c
0xc826c	0x4c926c	.rdata	4	17	_CrtCheckMemory()
0xc8280	0x4c9280	.rdata	1	25	_pFirstBlock == pOldBlock
0xc829c	0x4c929c	.rdata	1	24	_pLastBlock == pOldBlock
0xc82b8	0x4c92b8	.rdata	1	49	fRealloc || (!fRealloc && pNewBlock == pOldBlock)
0xc82ec	0x4c92ec	.rdata	1	57	_BLOCK_TYPE(pOldBlock->nBlockUse)==_BLOCK_TYPE(nBlockUse)
0xc8328	0x4c9328	.rdata	1	68	pOldBlock->nLine == IGNORE_LINE && pOldBlock->lRequest == IGNORE_REQ
0xc8370	0x4c9370	.rdata	3	33	_CrtIsValidHeapPointer(pUserData)
0xc8420	0x4c9420	.rdata	1	21	_pFirstBlock == pHead
0xc8438	0x4c9438	.rdata	1	20	_pLastBlock == pHead
0xc8450	0x4c9450	.rdata	2	29	pHead->nBlockUse == nBlockUse
0xc8470	0x4c9470	.rdata	1	60	pHead->nLine == IGNORE_LINE && pHead->lRequest == IGNORE_REQ
0xc8508	0x4c9508	.rdata	3	38	_BLOCK_TYPE_IS_VALID(pHead->nBlockUse)
0xc8600	0x4c9600	.rdata	1	7	DAMAGED
0xc87e0	0x4c97e0	.rdata	1	6	{%ld} 
0xc87e8	0x4c97e8	.rdata	1	10	%hs(%d) : 
0xc87f4	0x4c97f4	.rdata	1	19	#File Error#(%d) : 
0xc882c	0x4c982c	.rdata	1	5	%.2X 
0xc88b0	0x4c98b0	.rdata	4	9	sprintf.c
0xc88bc	0x4c98bc	.rdata	1	8	fclose.c
0xc88c8	0x4c98c8	.rdata	10	11	str != NULL
0xc88d4	0x4c98d4	.rdata	1	17	*mode != _T('\0')
0xc88e8	0x4c98e8	.rdata	2	12	mode != NULL
0xc88f8	0x4c98f8	.rdata	1	17	*file != _T('\0')
0xc890c	0x4c990c	.rdata	4	7	fopen.c
0xc8914	0x4c9914	.rdata	1	12	file != NULL
0xc8924	0x4c9924	.rdata	2	9	fprintf.c
0xc8930	0x4c9930	.rdata	1	7	ftell.c
0xc8938	0x4c9938	.rdata	1	7	fseek.c
0xc8940	0x4c9940	.rdata	1	8	strupr.c
0xc894c	0x4c994c	.rdata	1	7	tzset.c
0xc8958	0x4c9958	.rdata	1	7	fgetc.c
0xc8960	0x4c9960	.rdata	3	14	stream != NULL
0xc8970	0x4c9970	.rdata	1	8	printf.c
0xc898c	0x4c998c	.rdata	1	7	cmd.exe
0xc8994	0x4c9994	.rdata	1	11	command.com
0xc89a4	0x4c99a4	.rdata	1	8	system.c
0xc89b0	0x4c99b0	.rdata	1	20	*command != _T('\0')
0xc89c8	0x4c99c8	.rdata	1	7	COMSPEC
0xc89d0	0x4c99d0	.rdata	2	8	sscanf.c
0xc89dc	0x4c99dc	.rdata	1	62	("inconsistent IOB fields", stream->_ptr - stream->_base >= 0)
0xc8a1c	0x4c9a1c	.rdata	2	9	_flsbuf.c
0xc8a38	0x4c9a38	.rdata	1	6	(null)
0xc8a79	0x4c9a79	.rdata	0	6	`h````
0xc8a9c	0x4c9a9c	.rdata	1	8	output.c
0xc8aa8	0x4c9aa8	.rdata	1	14	ch != _T('\0')
0xc8ab8	0x4c9ab8	.rdata	1	16	Assertion Failed
0xc8acc	0x4c9acc	.rdata	1	5	Error
0xc8ad4	0x4c9ad4	.rdata	1	7	Warning
0xc8adc	0x4c9adc	.rdata	1	11	%s(%d) : %s
0xc8af0	0x4c9af0	.rdata	1	17	Assertion failed!
0xc8b04	0x4c9b04	.rdata	1	18	Assertion failed: 
0xc8b18	0x4c9b18	.rdata	3	42	_CrtDbgReport: String too long or IO Error
0xc8b78	0x4c9b78	.rdata	1	9	wsprintfA
0xc8b84	0x4c9b84	.rdata	2	10	user32.dll
0xc8b90	0x4c9b90	.rdata	1	34	Microsoft Visual C++ Debug Library
0xc8be0	0x4c9be0	.rdata	0	38	(Press Retry to debug the application)
0xc8c09	0x4c9c09	.rdata	0	8	Module: 
0xc8c15	0x4c9c15	.rdata	0	6	File: 
0xc8c1d	0x4c9c1d	.rdata	0	6	Line: 
0xc8c28	0x4c9c28	.rdata	1	12	Expression: 
0xc8c79	0x4c9c79	.rdata	0	53	failure, see the Visual C++ documentation on asserts.
0xc8cb4	0x4c9cb4	.rdata	2	22	<program name unknown>
0xc8ccc	0x4c9ccc	.rdata	1	8	dbgrpt.c
0xc8cd8	0x4c9cd8	.rdata	1	21	szUserMessage != NULL
0xc8cf0	0x4c9cf0	.rdata	1	10	_freebuf.c
0xc8cfc	0x4c9cfc	.rdata	3	7	_open.c
0xc8d04	0x4c9d04	.rdata	2	16	filename != NULL
0xc8d18	0x4c9d18	.rdata	1	8	stream.c
0xc8d24	0x4c9d24	.rdata	1	9	_filbuf.c
0xc8d30	0x4c9d30	.rdata	3	9	_sftbuf.c
0xc8d3c	0x4c9d3c	.rdata	1	22	flag == 0 || flag == 1
0xc8d54	0x4c9d54	.rdata	2	8	ioinit.c
0xc8d60	0x4c9d60	.rdata	4	8	aw_map.c
0xc8d78	0x4c9d78	.rdata	0	21	SunMonTueWedThuFriSat
0xc8d90	0x4c9d90	.rdata	0	36	JanFebMarAprMayJunJulAugSepOctNovDec
0xc8db8	0x4c9db8	.rdata	1	10	wcstombs.c
0xc8dc4	0x4c9dc4	.rdata	1	12	pwcs != NULL
0xc8dd4	0x4c9dd4	.rdata	2	7	_file.c
0xc8ddc	0x4c9ddc	.rdata	3	8	aw_str.c
0xc8de8	0x4c9de8	.rdata	2	9	stdenvp.c
0xc8df4	0x4c9df4	.rdata	1	9	stdargv.c
0xc8e00	0x4c9e00	.rdata	4	8	aw_env.c
0xc8e0c	0x4c9e0c	.rdata	1	14	runtime error 
0xc9098	0x4ca098	.rdata	1	36	Microsoft Visual C++ Runtime Library
0xc90d0	0x4ca0d0	.rdata	0	9	Program: 
0xc90e0	0x4ca0e0	.rdata	1	4	PATH
0xc90e8	0x4ca0e8	.rdata	1	18	**argv != _T('\0')
0xc90fc	0x4ca0fc	.rdata	1	13	*argv != NULL
0xc910c	0x4ca10c	.rdata	1	12	argv != NULL
0xc911c	0x4ca11c	.rdata	1	21	*filename != _T('\0')
0xc9134	0x4ca134	.rdata	6	10	spawnvpe.c
0xc9140	0x4ca140	.rdata	1	4	.com
0xc9148	0x4ca148	.rdata	1	4	.exe
0xc9150	0x4ca150	.rdata	1	4	.bat
0xc9158	0x4ca158	.rdata	1	4	.cmd
0xc9164	0x4ca164	.rdata	2	9	spawnve.c
0xc9170	0x4ca170	.rdata	2	7	input.c
0xc9178	0x4ca178	.rdata	2	9	_getbuf.c
0xc9184	0x4ca184	.rdata	1	18	GetLastActivePopup
0xc9198	0x4ca198	.rdata	1	15	GetActiveWindow
0xc91a8	0x4ca1a8	.rdata	1	11	MessageBoxA
0xc91b4	0x4ca1b4	.rdata	1	9	osfinfo.c
0xc91c0	0x4ca1c0	.rdata	1	10	wtombenv.c
0xc91cc	0x4ca1cc	.rdata	1	9	dospawn.c
0xc91d8	0x4ca1d8	.rdata	2	9	cenvarg.c
0xc91e4	0x4ca1e4	.rdata	1	8	mbtowc.c
0xc91f0	0x4ca1f0	.rdata	1	34	MB_CUR_MAX == 1 || MB_CUR_MAX == 2
0xc9214	0x4ca214	.rdata	1	8	ungetc.c
0xc9220	0x4ca220	.rdata	1	8	chsize.c
0xc922c	0x4ca22c	.rdata	1	9	size >= 0
0xc9238	0x4ca238	.rdata	5	8	aw_cmp.c
0xc9244	0x4ca244	.rdata	1	60	cchCount1==0 && cchCount2==1 || cchCount1==1 && cchCount2==0
0xc9284	0x4ca284	.rdata	7	8	setenv.c
0xc9290	0x4ca290	.rdata	1	8	strlwr.c
0xc9680	0x4cb280	.data	1	23	C:\Pacgen\src\options.c
0xc9698	0x4cb298	.data	1	23	C:\Pacgen\src\options.c
0xc96b0	0x4cb2b0	.data	1	23	C:\Pacgen\src\options.c
0xc96c8	0x4cb2c8	.data	1	9	globe.shp
0xc96f8	0x4cb2f8	.data	1	12	introusa.smk
0xc9708	0x4cb308	.data	1	12	introjpn.smk
0xc9718	0x4cb318	.data	1	23	C:\Pacgen\src\options.c
0xc9730	0x4cb330	.data	1	23	C:\Pacgen\src\options.c
0xc9748	0x4cb348	.data	1	23	C:\Pacgen\src\options.c
0xc9760	0x4cb360	.data	1	23	C:\Pacgen\src\options.c
0xc9778	0x4cb378	.data	1	23	C:\Pacgen\src\options.c
0xc9790	0x4cb390	.data	1	23	C:\Pacgen\src\options.c
0xc97a8	0x4cb3a8	.data	1	23	C:\Pacgen\src\options.c
0xc97c0	0x4cb3c0	.data	1	23	C:\Pacgen\src\options.c
0xc97d8	0x4cb3d8	.data	1	23	C:\Pacgen\src\options.c
0xc97f0	0x4cb3f0	.data	1	23	C:\Pacgen\src\options.c
0xc9808	0x4cb408	.data	1	23	C:\Pacgen\src\options.c
0xc9820	0x4cb420	.data	1	11	transit.shp
0xc982c	0x4cb42c	.data	1	20	C:\Pacgen\Src\Info.c
0xc9844	0x4cb444	.data	1	11	transit.shp
0xc9854	0x4cb454	.data	1	20	C:\Pacgen\Src\Info.c
0xc986c	0x4cb46c	.data	1	20	C:\Pacgen\Src\Info.c
0xc9884	0x4cb484	.data	1	12	pacintro.smk
0xc9894	0x4cb494	.data	1	11	credits.smk
0xc98a0	0x4cb4a0	.data	1	20	C:\Pacgen\Src\Info.c
0xc98b8	0x4cb4b8	.data	1	20	C:\Pacgen\Src\Info.c
0xc993c	0x4cb53c	.data	1	22	C:\Pacgen\src\crtscn.c
0xc9954	0x4cb554	.data	1	5	*.scn
0xc995c	0x4cb55c	.data	1	22	C:\Pacgen\src\crtscn.c
0xc9974	0x4cb574	.data	1	22	C:\Pacgen\src\crtscn.c
0xc998c	0x4cb58c	.data	1	7	%s (%s)
0xc9994	0x4cb594	.data	1	7	%s (%s)
0xc999c	0x4cb59c	.data	1	7	%s (%s)
0xc99a4	0x4cb5a4	.data	1	22	C:\Pacgen\src\crtscn.c
0xc99bc	0x4cb5bc	.data	1	22	C:\Pacgen\src\crtscn.c
0xc99d4	0x4cb5d4	.data	1	22	C:\Pacgen\src\crtscn.c
0xc99ec	0x4cb5ec	.data	1	22	C:\Pacgen\src\crtscn.c
0xc9a04	0x4cb604	.data	1	22	C:\Pacgen\src\crtscn.c
0xc9a1c	0x4cb61c	.data	1	22	C:\Pacgen\src\crtscn.c
0xc9a34	0x4cb634	.data	1	22	C:\Pacgen\src\crtscn.c
0xc9a50	0x4cb650	.data	1	22	C:\Pacgen\src\crtscn.c
0xc9a6c	0x4cb66c	.data	1	22	C:\Pacgen\src\crtscn.c
0xc9a84	0x4cb684	.data	1	22	C:\Pacgen\src\crtscn.c
0xc9a9c	0x4cb69c	.data	1	22	C:\Pacgen\src\crtscn.c
0xc9ab4	0x4cb6b4	.data	1	22	C:\Pacgen\src\crtscn.c
0xc9acc	0x4cb6cc	.data	1	22	C:\Pacgen\src\crtscn.c
0xc9aec	0x4cb6ec	.data	1	22	C:\Pacgen\src\crtscn.c
0xc9b10	0x4cb710	.data	1	22	C:\Pacgen\src\crtscn.c
0xc9b28	0x4cb728	.data	1	22	C:\Pacgen\src\crtscn.c
0xc9b40	0x4cb740	.data	1	22	C:\Pacgen\src\crtscn.c
0xc9b58	0x4cb758	.data	1	22	C:\Pacgen\src\crtscn.c
0xc9b70	0x4cb770	.data	1	22	C:\Pacgen\src\crtscn.c
0xc9b88	0x4cb788	.data	1	22	C:\Pacgen\src\crtscn.c
0xc9ba0	0x4cb7a0	.data	1	22	C:\Pacgen\src\crtscn.c
0xc9bb8	0x4cb7b8	.data	1	22	C:\Pacgen\src\crtscn.c
0xc9bdc	0x4cb7dc	.data	1	22	C:\Pacgen\src\crtscn.c
0xc9bf4	0x4cb7f4	.data	1	22	C:\Pacgen\src\crtscn.c
0xc9c0c	0x4cb80c	.data	1	22	C:\Pacgen\src\crtscn.c
0xc9c24	0x4cb824	.data	1	22	C:\Pacgen\src\crtscn.c
0xc9c3c	0x4cb83c	.data	1	22	C:\Pacgen\src\crtscn.c
0xc9c5c	0x4cb85c	.data	1	22	C:\Pacgen\src\crtscn.c
0xc9c74	0x4cb874	.data	1	22	C:\Pacgen\src\crtscn.c
0xc9c8c	0x4cb88c	.data	1	22	C:\Pacgen\src\crtscn.c
0xc9ca4	0x4cb8a4	.data	1	22	C:\Pacgen\src\crtscn.c
0xc9cbc	0x4cb8bc	.data	1	22	C:\Pacgen\src\crtscn.c
0xc9cd4	0x4cb8d4	.data	1	22	C:\Pacgen\src\crtscn.c
0xc9cec	0x4cb8ec	.data	1	5	*.scn
0xc9cf4	0x4cb8f4	.data	1	5	*.map
0xc9cfc	0x4cb8fc	.data	1	22	C:\Pacgen\src\crtscn.c
0xc9d14	0x4cb914	.data	1	22	C:\Pacgen\src\crtscn.c
0xc9d2c	0x4cb92c	.data	1	22	C:\Pacgen\src\crtscn.c
0xc9d5c	0x4cb95c	.data	1	22	C:\Pacgen\src\crtscn.c
0xc9d88	0x4cb988	.data	1	22	C:\Pacgen\src\crtscn.c
0xc9db0	0x4cb9b0	.data	1	22	C:\Pacgen\src\crtscn.c
0xc9dcc	0x4cb9cc	.data	1	22	C:\Pacgen\src\crtscn.c
0xc9de4	0x4cb9e4	.data	1	4	19%d
0xc9df8	0x4cb9f8	.data	1	22	C:\Pacgen\src\crtscn.c
0xc9e10	0x4cba10	.data	1	22	C:\Pacgen\src\crtscn.c
0xc9e28	0x4cba28	.data	1	22	C:\Pacgen\src\crtscn.c
0xc9e44	0x4cba44	.data	1	22	C:\Pacgen\src\crtscn.c
0xc9e7c	0x4cba7c	.data	1	22	C:\Pacgen\src\crtscn.c
0xc9eb4	0x4cbab4	.data	1	22	C:\Pacgen\src\crtscn.c
0xc9ed4	0x4cbad4	.data	1	30	Days left of starting weather.
0xc9ef4	0x4cbaf4	.data	1	22	C:\Pacgen\src\crtscn.c
0xc9f0c	0x4cbb0c	.data	1	8	*BD%d/%d
0xc9f18	0x4cbb18	.data	1	21	Enter new bonus MONTH
0xc9f30	0x4cbb30	.data	1	20	Enter new bonus YEAR
0xc9f48	0x4cbb48	.data	1	22	C:\Pacgen\src\crtscn.c
0xc9fa4	0x4cbba4	.data	1	22	C:\Pacgen\src\crtscn.c
0xca084	0x4cbc84	.data	1	22	C:\Pacgen\src\crtscn.c
0xca09c	0x4cbc9c	.data	1	22	C:\Pacgen\src\crtscn.c
0xca0b4	0x4cbcb4	.data	1	22	C:\Pacgen\src\crtscn.c
0xca0cc	0x4cbccc	.data	1	22	C:\Pacgen\src\crtscn.c
0xca0e4	0x4cbce4	.data	1	22	C:\Pacgen\src\crtscn.c
0xca0fc	0x4cbcfc	.data	1	22	C:\Pacgen\src\crtscn.c
0xca114	0x4cbd14	.data	1	22	C:\Pacgen\src\crtscn.c
0xca12c	0x4cbd2c	.data	1	22	C:\Pacgen\src\crtscn.c
0xca144	0x4cbd44	.data	1	22	C:\Pacgen\src\crtscn.c
0xca15c	0x4cbd5c	.data	1	22	C:\Pacgen\src\crtscn.c
0xca174	0x4cbd74	.data	1	22	C:\Pacgen\src\crtscn.c
0xca190	0x4cbd90	.data	1	22	C:\Pacgen\src\crtscn.c
0xca1a8	0x4cbda8	.data	1	22	C:\Pacgen\src\crtscn.c
0xca1c0	0x4cbdc0	.data	1	22	C:\Pacgen\src\crtscn.c
0xca1d8	0x4cbdd8	.data	1	22	C:\Pacgen\src\crtscn.c
0xca1f0	0x4cbdf0	.data	1	22	C:\Pacgen\src\crtscn.c
0xca208	0x4cbe08	.data	1	24	C:\Pacgen\src\mainmenu.c
0xca224	0x4cbe24	.data	1	4	v1.1
0xca22c	0x4cbe2c	.data	1	24	C:\Pacgen\src\mainmenu.c
0xca248	0x4cbe48	.data	1	12	campaign.shp
0xca280	0x4cbe80	.data	1	24	C:\Pacgen\src\mainmenu.c
0xca29c	0x4cbe9c	.data	1	9	globe.shp
0xca2cc	0x4cbecc	.data	1	5	*.sv?
0xca2f4	0x4cbef4	.data	1	32	No sea trans found for player:%d
0xca318	0x4cbf18	.data	1	32	No air trans found for player:%d
0xca36c	0x4cbf6c	.data	1	24	C:\Pacgen\src\mainmenu.c
0xca388	0x4cbf88	.data	1	24	C:\Pacgen\src\mainmenu.c
0xca3a4	0x4cbfa4	.data	1	24	C:\Pacgen\src\mainmenu.c
0xca3c0	0x4cbfc0	.data	1	24	C:\Pacgen\src\mainmenu.c
0xca3dc	0x4cbfdc	.data	1	23	C:\Pacgen\Src\deployp.c
0xca3f4	0x4cbff4	.data	1	23	C:\Pacgen\Src\deployp.c
0xca40c	0x4cc00c	.data	1	4	%s%d
0xca414	0x4cc014	.data	1	4	%s%d
0xca41c	0x4cc01c	.data	1	4	%s, 
0xca424	0x4cc024	.data	1	4	%s  
0xca42c	0x4cc02c	.data	1	7	(%d,%d)
0xca434	0x4cc034	.data	1	23	C:\Pacgen\Src\deployp.c
0xca44c	0x4cc04c	.data	1	5	%s %d
0xca454	0x4cc054	.data	1	23	C:\Pacgen\Src\deployp.c
0xca46c	0x4cc06c	.data	1	23	C:\Pacgen\Src\deployp.c
0xca484	0x4cc084	.data	1	5	%-10s
0xca490	0x4cc090	.data	1	6	%s %d 
0xca498	0x4cc098	.data	1	5	%s %d
0xca4a0	0x4cc0a0	.data	1	5	%s %d
0xca4a8	0x4cc0a8	.data	1	5	%-10s
0xca4b8	0x4cc0b8	.data	1	23	C:\Pacgen\Src\deployp.c
0xca4d0	0x4cc0d0	.data	1	23	C:\Pacgen\Src\deployp.c
0xca4e8	0x4cc0e8	.data	1	23	C:\Pacgen\Src\deployp.c
0xca500	0x4cc100	.data	1	23	C:\Pacgen\Src\deployp.c
0xca518	0x4cc118	.data	1	23	C:\Pacgen\Src\deployp.c
0xca530	0x4cc130	.data	1	23	C:\Pacgen\Src\deployp.c
0xca548	0x4cc148	.data	1	23	C:\Pacgen\Src\deployp.c
0xca560	0x4cc160	.data	1	23	C:\Pacgen\Src\deployp.c
0xca578	0x4cc178	.data	1	23	C:\Pacgen\Src\deployp.c
0xca590	0x4cc190	.data	1	23	C:\Pacgen\Src\deployp.c
0xca5a8	0x4cc1a8	.data	1	23	C:\Pacgen\Src\deployp.c
0xca620	0x4cc220	.data	1	23	C:\Pacgen\Src\deployp.c
0xca638	0x4cc238	.data	1	23	C:\Pacgen\Src\deployp.c
0xca650	0x4cc250	.data	1	12	deploy_u.shp
0xca660	0x4cc260	.data	1	23	C:\Pacgen\Src\deployp.c
0xca678	0x4cc278	.data	1	12	deploy_j.shp
0xca688	0x4cc288	.data	1	5	  %s 
0xca690	0x4cc290	.data	1	23	C:\Pacgen\Src\deployp.c
0xca6a8	0x4cc2a8	.data	1	23	C:\Pacgen\Src\deployp.c
0xca6e0	0x4cc2e0	.data	1	23	C:\Pacgen\Src\deployp.c
0xca6f8	0x4cc2f8	.data	1	23	C:\Pacgen\Src\deployp.c
0xca710	0x4cc310	.data	1	23	C:\Pacgen\Src\deployp.c
0xca728	0x4cc328	.data	1	23	C:\Pacgen\Src\deployp.c
0xca740	0x4cc340	.data	1	12	screen%d.bmp
0xca758	0x4cc358	.data	1	5	%c%c\
0xca760	0x4cc360	.data	1	4	%s%s
0xca768	0x4cc368	.data	1	11	%sdebug.txt
0xca77c	0x4cc37c	.data	1	12	c:\debug.txt
0xca8ac	0x4cc4ac	.data	1	18	smack\pacintro.smk
0xca9e0	0x4cc5e0	.data	1	8	main.pal
0xca9ec	0x4cc5ec	.data	1	9	menu2.pal
0xcaaa8	0x4cc6a8	.data	1	12	pacintro.smk
0xcac64	0x4cc864	.data	1	6	PacGen
0xcac6c	0x4cc86c	.data	1	6	PacGen
0xcac74	0x4cc874	.data	1	15	Pacific General
0xcac84	0x4cc884	.data	1	6	PacGen
0xcacec	0x4cc8ec	.data	1	20	C:\Pacgen\src\init.c
0xcad08	0x4cc908	.data	1	20	C:\Pacgen\src\init.c
0xcad24	0x4cc924	.data	1	20	C:\Pacgen\src\init.c
0xcad3c	0x4cc93c	.data	1	20	C:\Pacgen\src\init.c
0xcad58	0x4cc958	.data	1	20	C:\Pacgen\src\init.c
0xcad70	0x4cc970	.data	1	20	C:\Pacgen\src\init.c
0xcad88	0x4cc988	.data	1	8	misc.txt
0xcad98	0x4cc998	.data	1	20	C:\Pacgen\src\init.c
0xcadb0	0x4cc9b0	.data	1	20	C:\Pacgen\src\init.c
0xcadc8	0x4cc9c8	.data	1	11	classes.txt
0xcadd8	0x4cc9d8	.data	1	20	C:\Pacgen\src\init.c
0xcadf0	0x4cc9f0	.data	1	20	C:\Pacgen\src\init.c
0xcae08	0x4cca08	.data	1	11	terrain.txt
0xcae1c	0x4cca1c	.data	1	20	C:\Pacgen\src\init.c
0xcae34	0x4cca34	.data	1	20	C:\Pacgen\src\init.c
0xcae4c	0x4cca4c	.data	1	11	nations.txt
0xcae5c	0x4cca5c	.data	1	20	C:\Pacgen\src\init.c
0xcae7c	0x4cca7c	.data	1	20	C:\Pacgen\src\init.c
0xcae94	0x4cca94	.data	1	20	C:\Pacgen\src\init.c
0xcaeac	0x4ccaac	.data	1	11	bignats.txt
0xcaebc	0x4ccabc	.data	1	20	C:\Pacgen\src\init.c
0xcaedc	0x4ccadc	.data	1	20	C:\Pacgen\src\init.c
0xcaef4	0x4ccaf4	.data	1	20	C:\Pacgen\src\init.c
0xcaf0c	0x4ccb0c	.data	1	10	stance.txt
0xcaf18	0x4ccb18	.data	1	20	C:\Pacgen\src\init.c
0xcaf38	0x4ccb38	.data	1	20	C:\Pacgen\src\init.c
0xcaf50	0x4ccb50	.data	1	20	C:\Pacgen\src\init.c
0xcaf68	0x4ccb68	.data	1	12	latitude.txt
0xcaf7c	0x4ccb7c	.data	1	20	C:\Pacgen\src\init.c
0xcaf9c	0x4ccb9c	.data	1	20	C:\Pacgen\src\init.c
0xcafb4	0x4ccbb4	.data	1	20	C:\Pacgen\src\init.c
0xcafcc	0x4ccbcc	.data	1	11	Weather.txt
0xcafdc	0x4ccbdc	.data	1	20	C:\Pacgen\src\init.c
0xcaffc	0x4ccbfc	.data	1	20	C:\Pacgen\src\init.c
0xcb014	0x4ccc14	.data	1	20	C:\Pacgen\src\init.c
0xcb02c	0x4ccc2c	.data	1	10	months.txt
0xcb03c	0x4ccc3c	.data	1	20	C:\Pacgen\src\init.c
0xcb05c	0x4ccc5c	.data	1	20	C:\Pacgen\src\init.c
0xcb074	0x4ccc74	.data	1	20	C:\Pacgen\src\init.c
0xcb08c	0x4ccc8c	.data	1	12	research.txt
0xcb0a0	0x4ccca0	.data	1	20	C:\Pacgen\src\init.c
0xcb0c0	0x4cccc0	.data	1	20	C:\Pacgen\src\init.c
0xcb0d8	0x4cccd8	.data	1	20	C:\Pacgen\src\init.c
0xcb0f0	0x4cccf0	.data	1	12	specials.txt
0xcb104	0x4ccd04	.data	1	20	C:\Pacgen\src\init.c
0xcb124	0x4ccd24	.data	1	20	C:\Pacgen\src\init.c
0xcb13c	0x4ccd3c	.data	1	20	C:\Pacgen\src\init.c
0xcb154	0x4ccd54	.data	1	12	tilefile.txt
0xcb168	0x4ccd68	.data	1	20	C:\Pacgen\src\init.c
0xcb188	0x4ccd88	.data	1	20	C:\Pacgen\src\init.c
0xcb1a0	0x4ccda0	.data	1	20	C:\Pacgen\src\init.c
0xcb1b8	0x4ccdb8	.data	1	12	menutext.txt
0xcb1cc	0x4ccdcc	.data	1	20	C:\Pacgen\src\init.c
0xcb1ec	0x4ccdec	.data	1	20	C:\Pacgen\src\init.c
0xcb204	0x4cce04	.data	1	20	C:\Pacgen\src\init.c
0xcb21c	0x4cce1c	.data	1	10	combat.txt
0xcb22c	0x4cce2c	.data	1	20	C:\Pacgen\src\init.c
0xcb24c	0x4cce4c	.data	1	20	C:\Pacgen\src\init.c
0xcb264	0x4cce64	.data	1	20	C:\Pacgen\src\init.c
0xcb27c	0x4cce7c	.data	1	8	temp.txt
0xcb28c	0x4cce8c	.data	1	20	C:\Pacgen\src\init.c
0xcb2ac	0x4cceac	.data	1	20	C:\Pacgen\src\init.c
0xcb2c4	0x4ccec4	.data	1	20	C:\Pacgen\src\init.c
0xcb2dc	0x4ccedc	.data	1	11	hotkeys.txt
0xcb2ec	0x4cceec	.data	1	4	ALT-
0xcb2f4	0x4ccef4	.data	1	4	CTL-
0xcb300	0x4ccf00	.data	1	20	C:\Pacgen\src\init.c
0xcb328	0x4ccf28	.data	1	20	C:\Pacgen\src\init.c
0xcb340	0x4ccf40	.data	1	12	uniticon.shp
0xcb350	0x4ccf50	.data	1	20	C:\Pacgen\src\init.c
0xcb368	0x4ccf68	.data	1	12	hexsides.shp
0xcb37c	0x4ccf7c	.data	1	20	C:\Pacgen\src\init.c
0xcb394	0x4ccf94	.data	1	9	dlgin.shp
0xcb3a8	0x4ccfa8	.data	1	20	C:\Pacgen\src\init.c
0xcb3c0	0x4ccfc0	.data	1	11	buttons.shp
0xcb3d0	0x4ccfd0	.data	1	20	C:\Pacgen\src\init.c
0xcb3e8	0x4ccfe8	.data	1	11	joinnet.shp
0xcb414	0x4cd014	.data	1	20	C:\Pacgen\src\init.c
0xcb42c	0x4cd02c	.data	1	12	creatnet.shp
0xcb46c	0x4cd06c	.data	1	20	C:\Pacgen\src\init.c
0xcb484	0x4cd084	.data	1	12	waitroom.shp
0xcb4cc	0x4cd0cc	.data	1	20	C:\Pacgen\src\init.c
0xcb4e4	0x4cd0e4	.data	1	11	scenchs.shp
0xcb520	0x4cd120	.data	1	20	C:\Pacgen\src\init.c
0xcb538	0x4cd138	.data	1	12	loadsave.shp
0xcb580	0x4cd180	.data	1	20	C:\Pacgen\src\init.c
0xcb598	0x4cd198	.data	1	11	flagssm.shp
0xcb5c8	0x4cd1c8	.data	1	20	C:\Pacgen\src\init.c
0xcb5e0	0x4cd1e0	.data	1	11	flagslg.shp
0xcb614	0x4cd214	.data	1	20	C:\Pacgen\src\init.c
0xcb62c	0x4cd22c	.data	1	11	flagbag.shp
0xcb660	0x4cd260	.data	1	20	C:\Pacgen\src\init.c
0xcb678	0x4cd278	.data	1	12	aibucket.shp
0xcb6b4	0x4cd2b4	.data	1	20	C:\Pacgen\src\init.c
0xcb6cc	0x4cd2cc	.data	1	12	dayntscn.shp
0xcb708	0x4cd308	.data	1	20	C:\Pacgen\src\init.c
0xcb720	0x4cd320	.data	1	11	selunit.shp
0xcb758	0x4cd358	.data	1	20	C:\Pacgen\src\init.c
0xcb770	0x4cd370	.data	1	12	setprest.shp
0xcb7b0	0x4cd3b0	.data	1	20	C:\Pacgen\src\init.c
0xcb7c8	0x4cd3c8	.data	1	12	mainmenu.shp
0xcb808	0x4cd408	.data	1	20	C:\Pacgen\src\init.c
0xcb820	0x4cd420	.data	1	12	mainmen2.shp
0xcb860	0x4cd460	.data	1	20	C:\Pacgen\src\init.c
0xcb878	0x4cd478	.data	1	10	str_jl.shp
0xcb8b0	0x4cd4b0	.data	1	20	C:\Pacgen\src\init.c
0xcb8c8	0x4cd4c8	.data	1	10	str_jd.shp
0xcb900	0x4cd500	.data	1	20	C:\Pacgen\src\init.c
0xcb918	0x4cd518	.data	1	10	str_ul.shp
0xcb954	0x4cd554	.data	1	20	C:\Pacgen\src\init.c
0xcb96c	0x4cd56c	.data	1	10	str_ud.shp
0xcb9a8	0x4cd5a8	.data	1	20	C:\Pacgen\src\init.c
0xcb9c0	0x4cd5c0	.data	1	10	str_nl.shp
0xcba00	0x4cd600	.data	1	20	C:\Pacgen\src\init.c
0xcba18	0x4cd618	.data	1	10	str_nd.shp
0xcba58	0x4cd658	.data	1	20	C:\Pacgen\src\init.c
0xcba70	0x4cd670	.data	1	10	str_jl.shp
0xcbaa8	0x4cd6a8	.data	1	20	C:\Pacgen\src\init.c
0xcbac0	0x4cd6c0	.data	1	10	str_jd.shp
0xcbaf8	0x4cd6f8	.data	1	20	C:\Pacgen\src\init.c
0xcbb10	0x4cd710	.data	1	11	str_ul2.shp
0xcbb4c	0x4cd74c	.data	1	20	C:\Pacgen\src\init.c
0xcbb64	0x4cd764	.data	1	11	str_ud2.shp
0xcbba0	0x4cd7a0	.data	1	20	C:\Pacgen\src\init.c
0xcbbb8	0x4cd7b8	.data	1	11	str_jl2.shp
0xcbbf0	0x4cd7f0	.data	1	20	C:\Pacgen\src\init.c
0xcbc08	0x4cd808	.data	1	11	str_jd2.shp
0xcbc40	0x4cd840	.data	1	20	C:\Pacgen\src\init.c
0xcbc58	0x4cd858	.data	1	10	str_nl.shp
0xcbc90	0x4cd890	.data	1	20	C:\Pacgen\src\init.c
0xcbca8	0x4cd8a8	.data	1	10	str_nd.shp
0xcbce0	0x4cd8e0	.data	1	20	C:\Pacgen\src\init.c
0xcbcf8	0x4cd8f8	.data	1	12	indicatr.shp
0xcbd34	0x4cd934	.data	1	20	C:\Pacgen\src\init.c
0xcbd4c	0x4cd94c	.data	1	10	dlgout.shp
0xcbd7c	0x4cd97c	.data	1	20	C:\Pacgen\src\init.c
0xcbd94	0x4cd994	.data	1	11	plcemnt.shp
0xcbdc8	0x4cd9c8	.data	1	20	C:\Pacgen\src\init.c
0xcbde0	0x4cd9e0	.data	1	9	audio.shp
0xcbe18	0x4cda18	.data	1	20	C:\Pacgen\src\init.c
0xcbe30	0x4cda30	.data	1	11	carrier.shp
0xcbe64	0x4cda64	.data	1	20	C:\Pacgen\src\init.c
0xcbe7c	0x4cda7c	.data	1	12	cmbtrslt.shp
0xcbeb8	0x4cdab8	.data	1	20	C:\Pacgen\src\init.c
0xcbed0	0x4cdad0	.data	1	11	ctrlbar.shp
0xcbf0c	0x4cdb0c	.data	1	20	C:\Pacgen\src\init.c
0xcbf24	0x4cdb24	.data	1	10	deploy.shp
0xcbf58	0x4cdb58	.data	1	20	C:\Pacgen\src\init.c
0xcbf70	0x4cdb70	.data	1	12	gotounit.shp
0xcbfa8	0x4cdba8	.data	1	20	C:\Pacgen\src\init.c
0xcbfc0	0x4cdbc0	.data	1	12	fuelpump.shp
0xcbff8	0x4cdbf8	.data	1	20	C:\Pacgen\src\init.c
0xcc010	0x4cdc10	.data	1	12	disbname.shp
0xcc04c	0x4cdc4c	.data	1	20	C:\Pacgen\src\init.c
0xcc064	0x4cdc64	.data	1	9	score.shp
0xcc098	0x4cdc98	.data	1	20	C:\Pacgen\src\init.c
0xcc0b0	0x4cdcb0	.data	1	9	yesno.shp
0xcc0e0	0x4cdce0	.data	1	20	C:\Pacgen\src\init.c
0xcc0f8	0x4cdcf8	.data	1	12	expstars.shp
0xcc138	0x4cdd38	.data	1	20	C:\Pacgen\src\init.c
0xcc150	0x4cdd50	.data	1	12	stacking.shp
0xcc1a4	0x4cdda4	.data	1	20	C:\Pacgen\src\init.c
0xcc1bc	0x4cddbc	.data	1	12	glossary.shp
0xcc1f4	0x4cddf4	.data	1	20	C:\Pacgen\src\init.c
0xcc20c	0x4cde0c	.data	1	12	strticon.shp
0xcc248	0x4cde48	.data	1	20	C:\Pacgen\src\init.c
0xcc260	0x4cde60	.data	1	11	strtdim.shp
0xcc28c	0x4cde8c	.data	1	20	C:\Pacgen\src\init.c
0xcc2a4	0x4cdea4	.data	1	12	strticon.shp
0xcc2e0	0x4cdee0	.data	1	20	C:\Pacgen\src\init.c
0xcc2f8	0x4cdef8	.data	1	12	deploy_u.shp
0xcc334	0x4cdf34	.data	1	20	C:\Pacgen\src\init.c
0xcc34c	0x4cdf4c	.data	1	12	mltistrt.shp
0xcc38c	0x4cdf8c	.data	1	20	C:\Pacgen\src\init.c
0xcc3a4	0x4cdfa4	.data	1	9	guest.shp
0xcc3dc	0x4cdfdc	.data	1	20	C:\Pacgen\src\init.c
0xcc3f4	0x4cdff4	.data	1	8	host.shp
0xcc42c	0x4ce02c	.data	1	20	C:\Pacgen\src\init.c
0xcc444	0x4ce044	.data	1	12	mltichat.shp
0xcc480	0x4ce080	.data	1	20	C:\Pacgen\src\init.c
0xcc498	0x4ce098	.data	1	12	exmnunit.shp
0xcc4d4	0x4ce0d4	.data	1	20	C:\Pacgen\src\init.c
0xcc4ec	0x4ce0ec	.data	1	11	redblue.shp
0xcc51c	0x4ce11c	.data	1	20	C:\Pacgen\src\init.c
0xcc534	0x4ce134	.data	1	12	exptloss.shp
0xcc56c	0x4ce16c	.data	1	20	C:\Pacgen\src\init.c
0xcc584	0x4ce184	.data	1	12	infoscrn.shp
0xcc5c0	0x4ce1c0	.data	1	19	%sDATA\pacequip.eqp
0xcc5d4	0x4ce1d4	.data	1	21	%c:\DATA\pacequip.eqp
0xcc654	0x4ce254	.data	1	20	C:\Pacgen\src\init.c
0xcc66c	0x4ce26c	.data	1	6	%s.TXT
0xcc678	0x4ce278	.data	1	20	C:\Pacgen\src\init.c
0xcc708	0x4ce308	.data	1	20	C:\Pacgen\src\init.c
0xcc720	0x4ce320	.data	1	6	%s.TXT
0xcc72c	0x4ce32c	.data	1	20	C:\Pacgen\src\init.c
0xcc7f0	0x4ce3f0	.data	1	20	C:\Pacgen\src\init.c
0xcc830	0x4ce430	.data	1	15	BORD_%c%c%c.shp
0xcc840	0x4ce440	.data	1	20	C:\Pacgen\src\init.c
0xcc880	0x4ce480	.data	1	16	btn_%c%c%02d.shp
0xcc894	0x4ce494	.data	1	20	C:\Pacgen\src\init.c
0xcc938	0x4ce538	.data	1	20	C:\Pacgen\src\init.c
0xcc984	0x4ce584	.data	1	20	C:\Pacgen\src\init.c
0xcc99c	0x4ce59c	.data	1	12	mouseshp.shp
0xcc9cc	0x4ce5cc	.data	1	20	C:\Pacgen\src\init.c
0xcca08	0x4ce608	.data	1	4	%c:\
0xcca24	0x4ce624	.data	1	8	%s10.mus
0xcca34	0x4ce634	.data	1	6	%c:\%s
0xcca3c	0x4ce63c	.data	1	8	%s10.mus
0xcca64	0x4ce664	.data	1	8	%s\1.mel
0xcca74	0x4ce674	.data	1	6	%c:\%s
0xcca7c	0x4ce67c	.data	1	7	%s1.mel
0xccaa0	0x4ce6a0	.data	1	23	MutexToProtectDrawShape
0xccab8	0x4ce6b8	.data	1	36	Unable to get a mutex for DrawShape.
0xccae0	0x4ce6e0	.data	1	27	MutexToProtectDrawShapeFlip
0xccafc	0x4ce6fc	.data	1	40	Unable to get a mutex for DrawShapeFlip.
0xccb28	0x4ce728	.data	1	32	MutexToProtectDrawShapeTranslate
0xccb4c	0x4ce74c	.data	1	45	Unable to get a mutex for DrawShapeTranslate.
0xccb7c	0x4ce77c	.data	1	32	MutexToProtectOffscreenToPrimary
0xccba0	0x4ce7a0	.data	1	45	Unable to get a mutex for OffscreenToPrimary.
0xccbd0	0x4ce7d0	.data	1	18	MutexToProtectPump
0xccbe4	0x4ce7e4	.data	1	31	Unable to get a mutex for Pump.
0xccc04	0x4ce804	.data	1	28	MutexToProtectPumpForConfirm
0xccc24	0x4ce824	.data	1	41	Unable to get a mutex for PumpForConfirm.
0xccc50	0x4ce850	.data	1	24	MutexToProtectPumpAndAct
0xccc6c	0x4ce86c	.data	1	37	Unable to get a mutex for PumpAndAct.
0xccc94	0x4ce894	.data	1	25	MutexToProtectVerifyShape
0xcccb0	0x4ce8b0	.data	1	38	Unable to get a mutex for VerifyShape.
0xcccd8	0x4ce8d8	.data	1	25	MutexToProtectDrawFuelBox
0xcccf4	0x4ce8f4	.data	1	38	Unable to get a mutex for DrawFuelBox.
0xccd1c	0x4ce91c	.data	1	28	MutexToProtectDrawWeatherBox
0xccd3c	0x4ce93c	.data	1	41	Unable to get a mutex for DrawWeatherBox.
0xccd68	0x4ce968	.data	1	41	Software\Microsoft\Windows\CurrentVersion
0xccd94	0x4ce994	.data	1	15	RegisteredOwner
0xccda8	0x4ce9a8	.data	1	12	%stfont1.dat
0xccdb8	0x4ce9b8	.data	1	20	C:\Pacgen\src\init.c
0xccdd0	0x4ce9d0	.data	1	10	tfont1.dat
0xcce74	0x4cea74	.data	1	7	day.pal
0xccea8	0x4ceaa8	.data	1	7	day.pal
0xcd094	0x4cec94	.data	1	21	C:\PACGEN\SRC\PHASE.C
0xcd0b0	0x4cecb0	.data	1	10	%s %d (%d)
0xcd0bc	0x4cecbc	.data	1	9	%s %s, %s
0xcd0cc	0x4ceccc	.data	1	5	%s %s
0xcd114	0x4ced14	.data	1	7	day.pal
0xcd11c	0x4ced1c	.data	1	21	C:\PACGEN\SRC\PHASE.C
0xcd154	0x4ced54	.data	1	41	Campaign error: next scen coming up as %d
0xcd180	0x4ced80	.data	1	5	*.sve
0xcd188	0x4ced88	.data	1	14	turn%02d_j.shp
0xcd198	0x4ced98	.data	1	13	turn%02dj.pal
0xcd1a8	0x4ceda8	.data	1	14	turn%02d_u.shp
0xcd1b8	0x4cedb8	.data	1	13	turn%02du.pal
0xcd1c8	0x4cedc8	.data	1	21	C:\PACGEN\SRC\PHASE.C
0xcd25c	0x4cee5c	.data	1	7	day.pal
0xcd264	0x4cee64	.data	1	12	scenendj.shp
0xcd274	0x4cee74	.data	1	12	scenendu.shp
0xcd284	0x4cee84	.data	1	21	C:\PACGEN\SRC\PHASE.C
0xcd2f4	0x4ceef4	.data	1	24	C:\Pacgen\src\pickscen.c
0xcd310	0x4cef10	.data	1	24	C:\Pacgen\src\pickscen.c
0xcd32c	0x4cef2c	.data	1	24	C:\Pacgen\src\pickscen.c
0xcd348	0x4cef48	.data	1	24	C:\Pacgen\src\pickscen.c
0xcd364	0x4cef64	.data	1	24	C:\Pacgen\src\pickscen.c
0xcd384	0x4cef84	.data	1	8	Frame:%d
0xcd390	0x4cef90	.data	1	5	*.scn
0xcd398	0x4cef98	.data	1	13	%sSCEN\%s.scn
0xcd3a8	0x4cefa8	.data	1	15	%c:\SCEN\%s.scn
0xcd3b8	0x4cefb8	.data	1	35	Scenario will be implemented later.
0xcd3dc	0x4cefdc	.data	1	24	C:\Pacgen\src\pickscen.c
0xcd3f8	0x4ceff8	.data	1	24	C:\Pacgen\src\pickscen.c
0xcd414	0x4cf014	.data	1	24	C:\Pacgen\src\pickscen.c
0xcd43c	0x4cf03c	.data	1	24	C:\Pacgen\src\pickscen.c
0xcd458	0x4cf058	.data	1	24	C:\Pacgen\src\pickscen.c
0xcd474	0x4cf074	.data	1	5	%s %s
0xcd47c	0x4cf07c	.data	1	6	%s %s.
0xcd484	0x4cf084	.data	1	5	%s %s
0xcd48c	0x4cf08c	.data	1	24	C:\Pacgen\src\pickscen.c
0xcd4a8	0x4cf0a8	.data	1	24	C:\Pacgen\src\pickscen.c
0xcd4c4	0x4cf0c4	.data	1	24	C:\Pacgen\src\pickscen.c
0xcd500	0x4cf100	.data	1	24	C:\Pacgen\src\pickscen.c
0xcd51c	0x4cf11c	.data	1	24	C:\Pacgen\src\pickscen.c
0xcd538	0x4cf138	.data	1	13	%sSCEN\%s.des
0xcd548	0x4cf148	.data	1	15	%c:\SCEN\%s.des
0xcd558	0x4cf158	.data	1	24	C:\Pacgen\src\pickscen.c
0xcd57c	0x4cf17c	.data	1	24	C:\Pacgen\src\pickscen.c
0xcd598	0x4cf198	.data	1	13	%sSCEN\%s.tit
0xcd5a8	0x4cf1a8	.data	1	15	%c:\SCEN\%s.tit
0xcd5b8	0x4cf1b8	.data	1	24	C:\Pacgen\src\pickscen.c
0xcd5dc	0x4cf1dc	.data	1	24	C:\Pacgen\src\pickscen.c
0xcd5f8	0x4cf1f8	.data	1	12	preferen.shp
0xcd608	0x4cf208	.data	1	24	C:\Pacgen\src\pickscen.c
0xcd624	0x4cf224	.data	1	12	preferen.shp
0xcd65c	0x4cf25c	.data	1	5	*.map
0xcd664	0x4cf264	.data	1	9	%sMAPS\%s
0xcd670	0x4cf270	.data	1	9	%sSAVE\%s
0xcd67c	0x4cf27c	.data	1	24	C:\Pacgen\src\loadsave.c
0xcd6c8	0x4cf2c8	.data	1	5	*.map
0xcd6d0	0x4cf2d0	.data	1	9	%sMAPS\%s
0xcd6dc	0x4cf2dc	.data	1	9	%sSAVE\%s
0xcd6e8	0x4cf2e8	.data	1	9	%sSAVE\%s
0xcd6f4	0x4cf2f4	.data	1	24	C:\Pacgen\src\loadsave.c
0xcd710	0x4cf310	.data	1	5	%s %s
0xcd718	0x4cf318	.data	1	24	C:\Pacgen\src\loadsave.c
0xcd734	0x4cf334	.data	1	24	C:\Pacgen\src\loadsave.c
0xcd754	0x4cf354	.data	1	4	.SVE
0xcd760	0x4cf360	.data	1	5	*.map
0xcd768	0x4cf368	.data	1	9	%sMAPS\%s
0xcd774	0x4cf374	.data	1	9	%sSAVE\%s
0xcd780	0x4cf380	.data	1	13	%sSAVE\%s.sve
0xcd790	0x4cf390	.data	1	13	%sSAVE\%s.svg
0xcd7a0	0x4cf3a0	.data	1	5	*.map
0xcd7a8	0x4cf3a8	.data	1	13	%sSAVE\%s.map
0xcd7b8	0x4cf3b8	.data	1	13	%sSAVE\%s.sve
0xcd7c8	0x4cf3c8	.data	1	13	%sSAVE\%s.scn
0xcd7fc	0x4cf3fc	.data	1	5	*.map
0xcd804	0x4cf404	.data	1	28	I'm trying to load a map: ..
0xcd828	0x4cf428	.data	1	41	Trying to load a scenario or save game...
0xcd8bc	0x4cf4bc	.data	1	24	C:\Pacgen\src\loadsave.c
0xcd900	0x4cf500	.data	0	5	Modem
0xcd928	0x4cf528	.data	1	7	Act on 
0xcdebc	0x4cfabc	.data	1	11	transit.shp
0xcdec8	0x4cfac8	.data	1	22	C:\Pacgen\src\multip.c
0xcdee0	0x4cfae0	.data	1	11	transit.shp
0xcdf1c	0x4cfb1c	.data	1	22	C:\Pacgen\src\multip.c
0xcdf34	0x4cfb34	.data	1	22	C:\Pacgen\src\multip.c
0xcdf4c	0x4cfb4c	.data	1	22	C:\Pacgen\src\multip.c
0xcdf7c	0x4cfb7c	.data	1	22	C:\Pacgen\src\multip.c
0xcdf94	0x4cfb94	.data	1	22	C:\Pacgen\src\multip.c
0xcdfac	0x4cfbac	.data	1	22	C:\Pacgen\src\multip.c
0xcdfc4	0x4cfbc4	.data	1	22	C:\Pacgen\src\multip.c
0xcdfdc	0x4cfbdc	.data	1	22	C:\Pacgen\src\multip.c
0xce074	0x4cfc74	.data	1	24	Failed to destroy myself
0xce240	0x4cfe40	.data	1	52	Received message %d from %d which is %d bytes long. 
0xce2e8	0x4cfee8	.data	1	4	Host
0xce420	0x4d0020	.data	1	5	%s>%s
0xce62c	0x4d022c	.data	1	9	%sSCEN\%s
0xce638	0x4d0238	.data	1	13	%sSCEN\%s.scn
0xce648	0x4d0248	.data	1	15	%c:\SCEN\%s.scn
0xce67c	0x4d027c	.data	1	35	Scenario will be implemented later.
0xce7ec	0x4d03ec	.data	1	15	whichbuffer = 4
0xce938	0x4d0538	.data	1	21	C:\Pacgen\Src\score.c
0xce950	0x4d0550	.data	1	21	C:\Pacgen\Src\score.c
0xce96c	0x4d056c	.data	1	21	C:\Pacgen\Src\score.c
0xce984	0x4d0584	.data	1	21	C:\Pacgen\Src\score.c
0xce99c	0x4d059c	.data	1	21	C:\Pacgen\Src\score.c
0xce9b8	0x4d05b8	.data	1	21	C:\Pacgen\Src\score.c
0xce9d0	0x4d05d0	.data	1	21	C:\Pacgen\Src\score.c
0xce9ec	0x4d05ec	.data	1	20	C:\PACGEN\SRC\UNIT.C
0xcea30	0x4d0630	.data	1	20	C:\PACGEN\SRC\UNIT.C
0xcea74	0x4d0674	.data	1	20	C:\PACGEN\SRC\UNIT.C
0xceab8	0x4d06b8	.data	1	20	C:\PACGEN\SRC\UNIT.C
0xceafc	0x4d06fc	.data	1	20	C:\PACGEN\SRC\UNIT.C
0xceb74	0x4d0774	.data	1	20	C:\PACGEN\SRC\UNIT.C
0xcebb8	0x4d07b8	.data	1	20	C:\PACGEN\SRC\UNIT.C
0xcebfc	0x4d07fc	.data	1	20	C:\PACGEN\SRC\UNIT.C
0xcec40	0x4d0840	.data	1	20	C:\PACGEN\SRC\UNIT.C
0xcec84	0x4d0884	.data	1	20	C:\PACGEN\SRC\UNIT.C
0xcecc8	0x4d08c8	.data	1	20	C:\PACGEN\SRC\UNIT.C
0xced0c	0x4d090c	.data	1	8	I'm dead
0xced18	0x4d0918	.data	1	20	C:\PACGEN\SRC\UNIT.C
0xced5c	0x4d095c	.data	1	20	C:\PACGEN\SRC\UNIT.C
0xceda0	0x4d09a0	.data	1	20	C:\PACGEN\SRC\UNIT.C
0xcede4	0x4d09e4	.data	1	20	C:\PACGEN\SRC\UNIT.C
0xcee28	0x4d0a28	.data	1	20	C:\PACGEN\SRC\UNIT.C
0xcee6c	0x4d0a6c	.data	1	20	C:\PACGEN\SRC\UNIT.C
0xcee84	0x4d0a84	.data	1	20	C:\PACGEN\SRC\UNIT.C
0xceee4	0x4d0ae4	.data	1	11	%s\smack\%s
0xceef0	0x4d0af0	.data	1	12	%c:\smack\%s
0xcef00	0x4d0b00	.data	1	15	Unable to open 
0xcef14	0x4d0b14	.data	1	7	day.pal
0xcef50	0x4d0b50	.data	2	8	MCGA.DLL
0xd091c	0x4d251c	.data	1	22	C:\Pacgen\src\deploy.c
0xd0934	0x4d2534	.data	1	22	C:\Pacgen\src\deploy.c
0xd094c	0x4d254c	.data	1	22	C:\Pacgen\src\deploy.c
0xd0964	0x4d2564	.data	1	22	C:\Pacgen\src\deploy.c
0xd097c	0x4d257c	.data	1	22	C:\Pacgen\src\deploy.c
0xd0994	0x4d2594	.data	1	22	C:\Pacgen\src\deploy.c
0xd09ac	0x4d25ac	.data	1	22	C:\Pacgen\src\deploy.c
0xd09c4	0x4d25c4	.data	1	22	C:\Pacgen\src\deploy.c
0xd09dc	0x4d25dc	.data	1	22	C:\Pacgen\src\deploy.c
0xd09f4	0x4d25f4	.data	1	22	C:\Pacgen\src\deploy.c
0xd0a0c	0x4d260c	.data	1	22	C:\Pacgen\src\deploy.c
0xd0a6c	0x4d266c	.data	1	22	C:\Pacgen\src\deploy.c
0xd0a84	0x4d2684	.data	1	22	C:\Pacgen\src\deploy.c
0xd0a9c	0x4d269c	.data	1	5	*.scn
0xd0aa4	0x4d26a4	.data	1	5	*.scn
0xd0bc8	0x4d27c8	.data	1	11	%c:\scen\%s
0xd0bd8	0x4d27d8	.data	1	22	C:\Pacgen\src\deploy.c
0xd0bf0	0x4d27f0	.data	1	22	C:\Pacgen\src\deploy.c
0xd0c08	0x4d2808	.data	1	22	C:\Pacgen\src\deploy.c
0xd0c20	0x4d2820	.data	1	22	C:\Pacgen\src\deploy.c
0xd0c38	0x4d2838	.data	1	22	C:\Pacgen\src\deploy.c
0xd0c88	0x4d2888	.data	1	22	C:\Pacgen\src\deploy.c
0xd0ca0	0x4d28a0	.data	1	22	C:\Pacgen\src\deploy.c
0xd0cb8	0x4d28b8	.data	1	22	C:\Pacgen\src\deploy.c
0xd0cd0	0x4d28d0	.data	1	22	C:\Pacgen\src\deploy.c
0xd0d68	0x4d2968	.data	1	4	%s, 
0xd0d74	0x4d2974	.data	1	11	(%d,%d) %s 
0xd0d80	0x4d2980	.data	1	7	(%d,%d)
0xd0d88	0x4d2988	.data	1	22	C:\Pacgen\src\deploy.c
0xd0da0	0x4d29a0	.data	1	22	C:\Pacgen\src\deploy.c
0xd0db8	0x4d29b8	.data	1	22	C:\Pacgen\src\deploy.c
0xd0dd4	0x4d29d4	.data	1	22	C:\Pacgen\src\deploy.c
0xd0dec	0x4d29ec	.data	1	22	C:\Pacgen\src\deploy.c
0xd0e24	0x4d2a24	.data	1	22	C:\Pacgen\src\deploy.c
0xd0e3c	0x4d2a3c	.data	1	22	C:\Pacgen\src\deploy.c
0xd0e54	0x4d2a54	.data	1	22	C:\Pacgen\src\deploy.c
0xd0e6c	0x4d2a6c	.data	1	22	C:\Pacgen\src\deploy.c
0xd0e84	0x4d2a84	.data	1	5	%-10s
0xd0e90	0x4d2a90	.data	1	6	%s %d 
0xd0e98	0x4d2a98	.data	1	5	%s %d
0xd0ea0	0x4d2aa0	.data	1	5	%s %d
0xd0ea8	0x4d2aa8	.data	1	5	%-10s
0xd0fd0	0x4d2bd0	.data	1	14	%sscen\s%s.tst
0xd0fe4	0x4d2be4	.data	1	6	%s.nfo
0xd0ffc	0x4d2bfc	.data	1	8	Strength
0xd1018	0x4d2c18	.data	1	4	Name
0xd1184	0x4d2d84	.data	1	23	Cant save the nfo file.
0xd119c	0x4d2d9c	.data	1	5	Error
0xd11a4	0x4d2da4	.data	1	6	%s.des
0xd11d8	0x4d2dd8	.data	1	6	%s.tit
0xd120c	0x4d2e0c	.data	1	22	C:\Pacgen\src\deploy.c
0xd1224	0x4d2e24	.data	1	6	%s.des
0xd122c	0x4d2e2c	.data	1	15	%c:\scen\%s.des
0xd123c	0x4d2e3c	.data	1	22	C:\Pacgen\src\deploy.c
0xd1258	0x4d2e58	.data	1	22	C:\Pacgen\src\deploy.c
0xd1270	0x4d2e70	.data	1	22	C:\Pacgen\src\deploy.c
0xd1288	0x4d2e88	.data	1	6	%s.tit
0xd1290	0x4d2e90	.data	1	15	%c:\scen\%s.tit
0xd12a0	0x4d2ea0	.data	1	22	C:\Pacgen\src\deploy.c
0xd12bc	0x4d2ebc	.data	1	22	C:\Pacgen\src\deploy.c
0xd12d4	0x4d2ed4	.data	1	11	WTHRCLR.SHP
0xd12e0	0x4d2ee0	.data	1	11	WTHRMUD.SHP
0xd12ec	0x4d2eec	.data	1	12	WTHRRAIN.SHP
0xd12fc	0x4d2efc	.data	1	12	WTHRSNOW.SHP
0xd130c	0x4d2f0c	.data	1	22	C:\Pacgen\src\deploy.c
0xd1324	0x4d2f24	.data	1	11	AMP%02d.SHP
0xd1330	0x4d2f30	.data	1	11	AMP%02d.SHP
0xd133c	0x4d2f3c	.data	1	11	AMP%02d.SHP
0xd1348	0x4d2f48	.data	1	22	C:\Pacgen\src\deploy.c
0xd1360	0x4d2f60	.data	1	23	C:\PACGEN\SRC\NATNHEX.C
0xd1378	0x4d2f78	.data	1	23	C:\PACGEN\SRC\NATNHEX.C
0xd1494	0x4d3094	.data	1	15	c:\player%d.rep
0xd14a8	0x4d30a8	.data	1	15	c:\player%d.rep
0xd14bc	0x4d30bc	.data	1	15	c:\player%d.rep
0xd1544	0x4d3144	.data	1	15	c:\player%d.rep
0xd1558	0x4d3158	.data	1	22	C:\Pacgen\Src\Replay.c
0xd1580	0x4d3180	.data	1	15	c:\player%d.rep
0xd1594	0x4d3194	.data	1	22	C:\Pacgen\Src\Replay.c
0xd15ac	0x4d31ac	.data	1	15	c:\player%d.rep
0xd15c0	0x4d31c0	.data	1	22	C:\Pacgen\Src\Replay.c
0xd1600	0x4d3200	.data	1	15	c:\player%d.rep
0xd1698	0x4d3298	.data	1	22	C:\Pacgen\Src\Replay.c
0xd16b0	0x4d32b0	.data	1	15	c:\player%d.rep
0xd16f4	0x4d32f4	.data	1	25	Read Mass Replace Units. 
0xd1744	0x4d3344	.data	1	15	map is too big.
0xd17f4	0x4d33f4	.data	1	20	Retreating null unit
0xd18a0	0x4d34a0	.data	1	23	C:\Pacgen\Src\Carrier.c
0xd18b8	0x4d34b8	.data	1	23	C:\Pacgen\Src\Carrier.c
0xd18d0	0x4d34d0	.data	1	23	C:\Pacgen\Src\Carrier.c
0xd18e8	0x4d34e8	.data	1	23	C:\Pacgen\Src\Carrier.c
0xd1900	0x4d3500	.data	1	23	C:\Pacgen\Src\Carrier.c
0xd191c	0x4d351c	.data	1	23	C:\Pacgen\Src\Carrier.c
0xd1934	0x4d3534	.data	1	23	C:\Pacgen\Src\Carrier.c
0xd196c	0x4d356c	.data	1	23	C:\Pacgen\Src\Carrier.c
0xd1984	0x4d3584	.data	1	23	C:\Pacgen\Src\Carrier.c
0xd199c	0x4d359c	.data	1	23	C:\Pacgen\Src\Carrier.c
0xd19b4	0x4d35b4	.data	1	23	C:\Pacgen\Src\Carrier.c
0xd19cc	0x4d35cc	.data	1	23	C:\Pacgen\Src\Carrier.c
0xd19e4	0x4d35e4	.data	1	23	C:\Pacgen\Src\Carrier.c
0xd19fc	0x4d35fc	.data	1	23	C:\Pacgen\Src\Carrier.c
0xd1a18	0x4d3618	.data	1	6	%s: %d
0xd1a20	0x4d3620	.data	1	6	%s: %d
0xd1cec	0x4d38ec	.data	1	6	%d.mus
0xd1d90	0x4d3990	.data	1	24	C:\Pacgen\Src\quickmnu.c
0xd1dac	0x4d39ac	.data	1	24	C:\Pacgen\Src\quickmnu.c
0xd1dc8	0x4d39c8	.data	1	24	C:\Pacgen\Src\quickmnu.c
0xd1de4	0x4d39e4	.data	1	24	C:\Pacgen\Src\quickmnu.c
0xd1e04	0x4d3a04	.data	1	14	%sDATA\EXT.IDX
0xd1e14	0x4d3a14	.data	1	16	%c:\DATA\EXT.IDX
0xd1e28	0x4d3a28	.data	1	18	%sDATA\PFPDATA.IDX
0xd1e3c	0x4d3a3c	.data	1	20	%c:\DATA\PFPDATA.IDX
0xd1e54	0x4d3a54	.data	1	13	%sDATA\%s.PFP
0xd1e64	0x4d3a64	.data	1	15	%c:\DATA\%s.PFP
0xd1e74	0x4d3a74	.data	1	22	C:\Pacgen\src\pfpsys.c
0xd1f08	0x4d3b08	.data	1	22	C:\Pacgen\src\pfpsys.c
0xd1f20	0x4d3b20	.data	1	10	Lay  Tiles
0xd1f3e	0x4d3b3e	.data	0	10	Edit Tiles
0xd1f5c	0x4d3b5c	.data	0	9	Mass Edit
0xd1f7a	0x4d3b7a	.data	0	14	Lay Geo Coords
0xd1f98	0x4d3b98	.data	0	8	ID Tiles
0xd1fb6	0x4d3bb6	.data	0	5	error
0xd1fd8	0x4d3bd8	.data	2	4	Axis
0xd1fec	0x4d3bec	.data	0	6	Allies
0xd2000	0x4d3c00	.data	0	7	Neutral
0xd2014	0x4d3c14	.data	0	12	True Neutral
0xd2028	0x4d3c28	.data	0	10	3rd Player
0xd20b0	0x4d3cb0	.data	1	23	C:\Pacgen\src\mapedit.c
0xd20c8	0x4d3cc8	.data	1	23	C:\Pacgen\src\mapedit.c
0xd20e0	0x4d3ce0	.data	1	23	C:\Pacgen\src\mapedit.c
0xd20f8	0x4d3cf8	.data	1	23	C:\Pacgen\src\mapedit.c
0xd2110	0x4d3d10	.data	1	13	t_%s_%c%c.til
0xd2120	0x4d3d20	.data	1	23	C:\Pacgen\src\mapedit.c
0xd2160	0x4d3d60	.data	1	13	s_%s_%c%c.til
0xd2170	0x4d3d70	.data	1	23	C:\Pacgen\src\mapedit.c
0xd21d8	0x4d3dd8	.data	1	23	C:\Pacgen\src\mapedit.c
0xd21f0	0x4d3df0	.data	1	36	Unable to allocate memory for a map.
0xd2218	0x4d3e18	.data	1	6	%s.TNM
0xd2220	0x4d3e20	.data	1	23	C:\Pacgen\src\mapedit.c
0xd22a0	0x4d3ea0	.data	1	23	C:\Pacgen\src\mapedit.c
0xd22ec	0x4d3eec	.data	1	34	Can't lay tiles while IDing tiles.
0xd2310	0x4d3f10	.data	1	24	Error: Unknown map mode.
0xd232c	0x4d3f2c	.data	1	116	                                                                                                                    
0xd23a4	0x4d3fa4	.data	1	23	Game Map (%02d, %02d), 
0xd23bc	0x4d3fbc	.data	1	14	Scen Name %d, 
0xd23cc	0x4d3fcc	.data	1	4	%s, 
0xd23d4	0x4d3fd4	.data	1	21	terrain id error:%d, 
0xd23ec	0x4d3fec	.data	1	34	%s(Using alternate text for %s),  
0xd2410	0x4d4010	.data	1	10	Error %d, 
0xd241c	0x4d401c	.data	1	10	Nation:%s.
0xd2428	0x4d4028	.data	1	10	No Nation.
0xd2434	0x4d4034	.data	1	29	Nation has a problem:Value:%d
0xd2454	0x4d4054	.data	1	24	Off of map---Crash City!
0xd2470	0x4d4070	.data	1	65	                                                                 
0xd24b4	0x4d40b4	.data	1	75	%s (%02d, %02d=%d)   %s    nation:%d                                       
0xd2500	0x4d4100	.data	1	59	                                                           
0xd2544	0x4d4144	.data	1	10	No Strings
0xd258e	0x4d418e	.data	0	17	Kill the strings?
0xd25a4	0x4d41a4	.data	1	11	lastmap.dat
0xd25d0	0x4d41d0	.data	0	10	Overwrite?
0xd25dc	0x4d41dc	.data	1	7	Message
0xd25e8	0x4d41e8	.data	1	7	s%s.tst
0xd2650	0x4d4250	.data	1	23	C:\Pacgen\src\mapedit.c
0xd2668	0x4d4268	.data	1	23	C:\Pacgen\src\mapedit.c
0xd26b8	0x4d42b8	.data	1	23	C:\Pacgen\src\mapedit.c
0xd26f4	0x4d42f4	.data	1	4	%s%s
0xd26fc	0x4d42fc	.data	1	23	C:\Pacgen\src\mapedit.c
0xd2748	0x4d4348	.data	1	14	%smaps\s%s.tst
0xd275c	0x4d435c	.data	1	7	s%s.tst
0xd2788	0x4d4388	.data	1	42	%d entered for map width. Is this correct?
0xd27b4	0x4d43b4	.data	1	15	Odd settings...
0xd27c4	0x4d43c4	.data	1	43	%d entered for map height. Is this correct?
0xd27f0	0x4d43f0	.data	1	15	Odd settings...
0xd2800	0x4d4400	.data	1	23	C:\Pacgen\src\mapedit.c
0xd2818	0x4d4418	.data	1	44	Place old X origin at what new even X (0-%d)
0xd2848	0x4d4448	.data	1	45	Place new X origin at what old even X (0-%d)?
0xd2878	0x4d4478	.data	1	40	Place old Y origin at what new Y (0-%d)?
0xd28a4	0x4d44a4	.data	1	40	Place new Y origin at what old Y (0-%d)?
0xd28d0	0x4d44d0	.data	1	23	C:\Pacgen\src\mapedit.c
0xd28ec	0x4d44ec	.data	1	29	Click on hex to place geo in.
0xd290c	0x4d450c	.data	1	23	C:\Pacgen\src\mapedit.c
0xd294d	0x4d454d	.data	0	33	Must be divisible by a 12x12 map.
0xd2970	0x4d4570	.data	1	9	Place Geo
0xd297c	0x4d457c	.data	1	15	Place Geo Here?
0xd2990	0x4d4590	.data	1	29	Geo wrongSize. Press any key.
0xd29b0	0x4d45b0	.data	1	23	C:\Pacgen\src\mapedit.c
0xd29c8	0x4d45c8	.data	1	34	Couldn't allocate mem for geo map.
0xd2a02	0x4d4602	.data	0	31	Geo's cannot have text strings.
0xd2a24	0x4d4624	.data	1	23	C:\Pacgen\src\mapedit.c
0xd2a3c	0x4d463c	.data	1	13	Geo placement
0xd2a4c	0x4d464c	.data	1	16	Place this Geo ?
0xd2a60	0x4d4660	.data	1	23	C:\Pacgen\src\mapedit.c
0xd2a78	0x4d4678	.data	1	19	Geo doesn't exist. 
0xd2a8c	0x4d468c	.data	1	17	Edit Hex (%d, %d)
0xd2aa0	0x4d46a0	.data	1	9	MassEdit 
0xd2ae4	0x4d46e4	.data	1	25	Too many terrain strings.
0xd2b00	0x4d4700	.data	1	5	Error
0xd2b08	0x4d4708	.data	1	8	File: %s
0xd2b14	0x4d4714	.data	1	12	Size: %d, %d
0xd2b24	0x4d4724	.data	1	8	Mode: %s
0xd2b30	0x4d4730	.data	1	8	Type: %s
0xd2b3c	0x4d473c	.data	1	17	Save Terrain ID's
0xd2b50	0x4d4750	.data	1	49	Would you like to save all tile terrain ID files?
0xd2b84	0x4d4784	.data	1	4	.tnm
0xd2c50	0x4d4850	.data	1	13	t_%s_%c%c.til
0xd2c60	0x4d4860	.data	1	23	C:\Pacgen\src\mapedit.c
0xd2ca0	0x4d48a0	.data	1	13	s_%s_%c%c.til
0xd2cb0	0x4d48b0	.data	1	23	C:\Pacgen\src\mapedit.c
0xd2d04	0x4d4904	.data	1	42	Enter island range modifier (currently:%d)
0xd2d68	0x4d4968	.data	1	20	C:\Pacgen\src\draw.c
0xd2d80	0x4d4980	.data	1	20	C:\Pacgen\src\draw.c
0xd2d9c	0x4d499c	.data	1	20	C:\Pacgen\src\draw.c
0xd2db4	0x4d49b4	.data	1	20	C:\Pacgen\src\draw.c
0xd2dcc	0x4d49cc	.data	1	20	C:\Pacgen\src\draw.c
0xd2de4	0x4d49e4	.data	1	20	C:\Pacgen\src\draw.c
0xd2e00	0x4d4a00	.data	1	20	C:\Pacgen\src\draw.c
0xd2e1c	0x4d4a1c	.data	1	20	C:\Pacgen\src\draw.c
0xd2e34	0x4d4a34	.data	1	20	C:\Pacgen\src\draw.c
0xd2e4c	0x4d4a4c	.data	1	20	C:\Pacgen\src\draw.c
0xd2e6c	0x4d4a6c	.data	1	20	C:\Pacgen\src\draw.c
0xd2e84	0x4d4a84	.data	1	20	C:\Pacgen\src\draw.c
0xd2e9c	0x4d4a9c	.data	1	20	C:\Pacgen\src\draw.c
0xd2eb8	0x4d4ab8	.data	1	20	C:\Pacgen\src\draw.c
0xd2ed4	0x4d4ad4	.data	1	20	C:\Pacgen\src\draw.c
0xd2ef0	0x4d4af0	.data	1	20	C:\Pacgen\src\draw.c
0xd2f7c	0x4d4b7c	.data	1	20	C:\Pacgen\src\draw.c
0xd2fd8	0x4d4bd8	.data	1	24	C:\Pacgen\Src\listpick.c
0xd3024	0x4d4c24	.data	1	23	C:\Pacgen\src\gamescr.c
0xd303c	0x4d4c3c	.data	1	23	C:\Pacgen\src\gamescr.c
0xd3054	0x4d4c54	.data	1	4	%02d
0xd305c	0x4d4c5c	.data	1	23	C:\Pacgen\src\gamescr.c
0xd3074	0x4d4c74	.data	1	4	%02d
0xd30b4	0x4d4cb4	.data	1	23	C:\Pacgen\src\gamescr.c
0xd30cc	0x4d4ccc	.data	1	23	C:\Pacgen\src\gamescr.c
0xd30e4	0x4d4ce4	.data	1	5	%-10s
0xd30f0	0x4d4cf0	.data	1	6	%s %d 
0xd30f8	0x4d4cf8	.data	1	5	%s %d
0xd3100	0x4d4d00	.data	1	5	%s %d
0xd3108	0x4d4d08	.data	1	5	%-10s
0xd3118	0x4d4d18	.data	1	23	C:\Pacgen\src\gamescr.c
0xd3130	0x4d4d30	.data	1	23	C:\Pacgen\src\gamescr.c
0xd3148	0x4d4d48	.data	1	5	%-10s
0xd3154	0x4d4d54	.data	1	6	%s %d 
0xd315c	0x4d4d5c	.data	1	5	%s %d
0xd3164	0x4d4d64	.data	1	5	%s %d
0xd316c	0x4d4d6c	.data	1	5	%-10s
0xd317c	0x4d4d7c	.data	1	23	C:\Pacgen\src\gamescr.c
0xd3194	0x4d4d94	.data	1	23	C:\Pacgen\src\gamescr.c
0xd31ac	0x4d4dac	.data	1	23	C:\Pacgen\src\gamescr.c
0xd31c4	0x4d4dc4	.data	1	23	C:\Pacgen\src\gamescr.c
0xd31dc	0x4d4ddc	.data	1	23	C:\Pacgen\src\gamescr.c
0xd31f4	0x4d4df4	.data	1	23	C:\Pacgen\src\gamescr.c
0xd320c	0x4d4e0c	.data	1	23	C:\Pacgen\src\gamescr.c
0xd3224	0x4d4e24	.data	1	23	C:\Pacgen\src\gamescr.c
0xd323c	0x4d4e3c	.data	1	23	C:\Pacgen\src\gamescr.c
0xd3254	0x4d4e54	.data	2	23	C:\Pacgen\src\gamescr.c
0xd326c	0x4d4e6c	.data	1	23	C:\Pacgen\src\gamescr.c
0xd3284	0x4d4e84	.data	1	23	C:\Pacgen\src\gamescr.c
0xd329c	0x4d4e9c	.data	1	23	C:\Pacgen\src\gamescr.c
0xd32b4	0x4d4eb4	.data	1	23	C:\Pacgen\src\gamescr.c
0xd32cc	0x4d4ecc	.data	1	23	C:\Pacgen\src\gamescr.c
0xd32e4	0x4d4ee4	.data	1	23	C:\Pacgen\src\gamescr.c
0xd32fc	0x4d4efc	.data	1	23	C:\Pacgen\src\gamescr.c
0xd3314	0x4d4f14	.data	1	23	C:\Pacgen\src\gamescr.c
0xd332c	0x4d4f2c	.data	1	23	C:\Pacgen\src\gamescr.c
0xd3344	0x4d4f44	.data	1	23	C:\Pacgen\src\gamescr.c
0xd335c	0x4d4f5c	.data	1	4	%s, 
0xd3368	0x4d4f68	.data	1	4	%s  
0xd3370	0x4d4f70	.data	1	8	(%d %s) 
0xd337c	0x4d4f7c	.data	1	6	%d %s 
0xd3384	0x4d4f84	.data	1	6	%d %s 
0xd338c	0x4d4f8c	.data	1	9	 (%d,%d) 
0xd3398	0x4d4f98	.data	1	5	%s %d
0xd33a0	0x4d4fa0	.data	1	10	%s %d (%d)
0xd3414	0x4d5014	.data	1	23	C:\Pacgen\src\gamescr.c
0xd342c	0x4d502c	.data	1	8	film.shp
0xd3438	0x4d5038	.data	1	23	C:\Pacgen\src\gamescr.c
0xd3450	0x4d5050	.data	1	23	C:\Pacgen\src\gamescr.c
0xd3468	0x4d5068	.data	1	23	C:\Pacgen\src\gamescr.c
0xd34a8	0x4d50a8	.data	1	23	C:\Pacgen\src\gamescr.c
0xd34c0	0x4d50c0	.data	1	23	C:\Pacgen\src\gamescr.c
0xd34d8	0x4d50d8	.data	1	23	C:\Pacgen\src\gamescr.c
0xd34f0	0x4d50f0	.data	1	23	C:\Pacgen\src\gamescr.c
0xd3508	0x4d5108	.data	1	23	C:\Pacgen\src\gamescr.c
0xd3520	0x4d5120	.data	1	23	C:\Pacgen\src\gamescr.c
0xd3538	0x4d5138	.data	1	23	C:\Pacgen\src\gamescr.c
0xd3550	0x4d5150	.data	1	23	C:\Pacgen\src\gamescr.c
0xd3568	0x4d5168	.data	1	4	%02d
0xd3570	0x4d5170	.data	1	23	C:\Pacgen\src\gamescr.c
0xd3588	0x4d5188	.data	1	4	%02d
0xd35d0	0x4d51d0	.data	1	23	C:\Pacgen\src\screens.c
0xd3610	0x4d5210	.data	1	23	C:\Pacgen\src\screens.c
0xd366c	0x4d526c	.data	1	8	main.Pal
0xd3678	0x4d5278	.data	1	9	menu2.pal
0xd3684	0x4d5284	.data	1	7	day.pal
0xd36e8	0x4d52e8	.data	1	23	C:\Pacgen\src\screens.c
0xd3700	0x4d5300	.data	1	38	Looking for %s in a PFP.Can't find it!
0xd3728	0x4d5328	.data	1	23	C:\Pacgen\src\screens.c
0xd378c	0x4d538c	.data	1	23	C:\Pacgen\Src\transit.c
0xd37bc	0x4d53bc	.data	1	8	%02d.smk
0xd37c8	0x4d53c8	.data	1	12	lose-USA.smk
0xd37d8	0x4d53d8	.data	1	11	win-USA.smk
0xd37e4	0x4d53e4	.data	1	12	lose-jpn.smk
0xd37f4	0x4d53f4	.data	1	11	win-jpn.smk
0xd3800	0x4d5400	.data	1	23	C:\Pacgen\Src\transit.c
0xd3818	0x4d5418	.data	1	11	transit.shp
0xd3824	0x4d5424	.data	1	23	C:\Pacgen\Src\transit.c
0xd383c	0x4d543c	.data	1	11	transit.shp
0xd3878	0x4d5478	.data	1	12	transitj.shp
0xd3888	0x4d5488	.data	1	12	Transitu.shp
0xd3898	0x4d5498	.data	1	23	C:\Pacgen\Src\transit.c
0xd38dc	0x4d54dc	.data	1	23	C:\Pacgen\Src\transit.c
0xd38f4	0x4d54f4	.data	1	13	dbrf_%02d.txt
0xd3904	0x4d5504	.data	1	13	vo_l_%02d.mus
0xd3914	0x4d5514	.data	1	11	c_m_usa.txt
0xd3920	0x4d5520	.data	1	11	c_m_usa.mus
0xd392c	0x4d552c	.data	1	11	c_m_jpn.txt
0xd3938	0x4d5538	.data	1	11	c_m_jpn.mus
0xd3944	0x4d5544	.data	1	11	c_d_usa.txt
0xd3950	0x4d5550	.data	1	11	c_d_usa.mus
0xd395c	0x4d555c	.data	1	11	c_d_jpn.txt
0xd3968	0x4d5568	.data	1	11	c_d_jpn.mus
0xd3974	0x4d5574	.data	1	11	cbrf_00.txt
0xd3980	0x4d5580	.data	1	11	vo_c_00.mus
0xd398c	0x4d558c	.data	1	11	cbrf_01.txt
0xd3998	0x4d5598	.data	1	11	vo_c_01.mus
0xd39a4	0x4d55a4	.data	1	11	cbrf_02.txt
0xd39b0	0x4d55b0	.data	1	11	vo_c_02.mus
0xd39bc	0x4d55bc	.data	1	11	cbrf_03.txt
0xd39c8	0x4d55c8	.data	1	11	vo_c_03.mus
0xd39d4	0x4d55d4	.data	1	12	brf_%02d.txt
0xd39e4	0x4d55e4	.data	1	13	vo_i_%02d.mus
0xd39f4	0x4d55f4	.data	1	12	brf_%02d.txt
0xd3a04	0x4d5604	.data	1	13	vo_i_%02d.mus
0xd3a18	0x4d5618	.data	1	23	C:\Pacgen\Src\transit.c
0xd3a30	0x4d5630	.data	1	23	C:\Pacgen\Src\transit.c
0xd3a48	0x4d5648	.data	1	23	C:\Pacgen\Src\transit.c
0xd3a60	0x4d5660	.data	1	23	C:\Pacgen\Src\transit.c
0xd3a9c	0x4d569c	.data	1	23	C:\Pacgen\Src\transit.c
0xd3ab4	0x4d56b4	.data	1	23	C:\Pacgen\Src\transit.c
0xd3acc	0x4d56cc	.data	1	23	C:\Pacgen\Src\transit.c
0xd3ae4	0x4d56e4	.data	1	23	C:\Pacgen\Src\transit.c
0xd3afc	0x4d56fc	.data	1	23	C:\Pacgen\Src\transit.c
0xd3b14	0x4d5714	.data	1	23	C:\Pacgen\Src\transit.c
0xd3b2c	0x4d572c	.data	1	13	%sSCEN\%s.scn
0xd3b64	0x4d5764	.data	1	8	Later...
0xd3b78	0x4d5778	.data	1	24	C:\Pacgen\src\purchase.c
0xd3b94	0x4d5794	.data	1	24	C:\Pacgen\src\purchase.c
0xd3bb8	0x4d57b8	.data	1	24	C:\Pacgen\src\purchase.c
0xd3bd4	0x4d57d4	.data	1	24	C:\Pacgen\src\purchase.c
0xd3bf0	0x4d57f0	.data	1	24	C:\Pacgen\src\purchase.c
0xd3c0c	0x4d580c	.data	1	24	C:\Pacgen\src\purchase.c
0xd3c28	0x4d5828	.data	1	24	C:\Pacgen\src\purchase.c
0xd3c44	0x4d5844	.data	1	24	C:\Pacgen\src\purchase.c
0xd3c60	0x4d5860	.data	1	5	%s %s
0xd3c68	0x4d5868	.data	1	24	C:\Pacgen\src\purchase.c
0xd3c84	0x4d5884	.data	1	24	C:\Pacgen\src\purchase.c
0xd3ca0	0x4d58a0	.data	1	24	C:\Pacgen\src\purchase.c
0xd3cbc	0x4d58bc	.data	1	24	C:\Pacgen\src\purchase.c
0xd3cdc	0x4d58dc	.data	1	24	C:\Pacgen\src\purchase.c
0xd3cf8	0x4d58f8	.data	1	24	C:\Pacgen\src\purchase.c
0xd3da4	0x4d59a4	.data	1	4	[%d]
0xd3db8	0x4d59b8	.data	1	4	[%d]
0xd3dcc	0x4d59cc	.data	1	4	[%d]
0xd3dd8	0x4d59d8	.data	1	4	[%d]
0xd3de4	0x4d59e4	.data	1	4	[%d]
0xd3df8	0x4d59f8	.data	1	4	[%d]
0xd3e44	0x4d5a44	.data	1	24	C:\Pacgen\src\purchase.c
0xd3e8c	0x4d5a8c	.data	1	24	C:\Pacgen\src\purchase.c
0xd3ea8	0x4d5aa8	.data	1	24	C:\Pacgen\src\purchase.c
0xd3ec4	0x4d5ac4	.data	1	24	C:\Pacgen\src\purchase.c
0xd3ee0	0x4d5ae0	.data	1	24	C:\Pacgen\src\purchase.c
0xd3efc	0x4d5afc	.data	1	24	C:\Pacgen\src\purchase.c
0xd3f18	0x4d5b18	.data	1	24	C:\Pacgen\src\purchase.c
0xd3f34	0x4d5b34	.data	1	24	C:\Pacgen\src\purchase.c
0xd3f50	0x4d5b50	.data	1	24	C:\Pacgen\src\purchase.c
0xd3f6c	0x4d5b6c	.data	1	24	C:\Pacgen\src\purchase.c
0xd3f88	0x4d5b88	.data	1	24	C:\Pacgen\src\purchase.c
0xd3fa4	0x4d5ba4	.data	1	24	C:\Pacgen\src\purchase.c
0xd3fc4	0x4d5bc4	.data	1	24	C:\Pacgen\src\purchase.c
0xd3fe0	0x4d5be0	.data	1	24	C:\Pacgen\src\purchase.c
0xd4040	0x4d5c40	.data	1	24	C:\Pacgen\src\purchase.c
0xd405c	0x4d5c5c	.data	1	24	C:\Pacgen\src\purchase.c
0xd4098	0x4d5c98	.data	1	24	C:\Pacgen\src\purchase.c
0xd40b8	0x4d5cb8	.data	1	24	C:\Pacgen\src\purchase.c
0xd40d4	0x4d5cd4	.data	1	24	C:\Pacgen\src\purchase.c
0xd4110	0x4d5d10	.data	1	24	C:\Pacgen\src\purchase.c
0xd4130	0x4d5d30	.data	1	24	C:\Pacgen\src\purchase.c
0xd414c	0x4d5d4c	.data	1	24	C:\Pacgen\src\purchase.c
0xd4188	0x4d5d88	.data	1	24	C:\Pacgen\src\purchase.c
0xd41a4	0x4d5da4	.data	1	24	C:\Pacgen\src\purchase.c
0xd41c0	0x4d5dc0	.data	1	24	C:\Pacgen\src\purchase.c
0xd41dc	0x4d5ddc	.data	1	24	C:\Pacgen\src\purchase.c
0xd420c	0x4d5e0c	.data	1	24	C:\Pacgen\src\purchase.c
0xd4228	0x4d5e28	.data	1	5	%s %s
0xd4230	0x4d5e30	.data	1	24	C:\Pacgen\src\purchase.c
0xd424c	0x4d5e4c	.data	1	24	C:\Pacgen\src\purchase.c
0xd4268	0x4d5e68	.data	1	24	C:\Pacgen\src\purchase.c
0xd4284	0x4d5e84	.data	1	24	C:\Pacgen\src\purchase.c
0xd42a0	0x4d5ea0	.data	1	24	C:\Pacgen\src\purchase.c
0xd42bc	0x4d5ebc	.data	1	6	%s %s.
0xd42c4	0x4d5ec4	.data	1	24	C:\Pacgen\src\purchase.c
0xd42e0	0x4d5ee0	.data	1	24	C:\Pacgen\src\purchase.c
0xd4334	0x4d5f34	.data	1	24	C:\Pacgen\src\purchase.c
0xd4350	0x4d5f50	.data	1	24	C:\Pacgen\src\purchase.c
0xd4374	0x4d5f74	.data	1	24	C:\Pacgen\src\purchase.c
0xd4390	0x4d5f90	.data	1	24	C:\Pacgen\src\purchase.c
0xd43ac	0x4d5fac	.data	1	24	C:\Pacgen\src\purchase.c
0xd43c8	0x4d5fc8	.data	1	24	C:\Pacgen\src\purchase.c
0xd43e4	0x4d5fe4	.data	1	24	C:\Pacgen\src\purchase.c
0xd4400	0x4d6000	.data	1	24	C:\Pacgen\src\purchase.c
0xd443c	0x4d603c	.data	1	4	[%d]
0xd4448	0x4d6048	.data	1	4	[%d]
0xd4454	0x4d6054	.data	1	4	[%d]
0xd4460	0x4d6060	.data	1	4	[%d]
0xd446c	0x4d606c	.data	1	4	[%d]
0xd44a0	0x4d60a0	.data	1	24	C:\Pacgen\src\glossary.c
0xd44bc	0x4d60bc	.data	1	24	C:\Pacgen\src\glossary.c
0xd44d8	0x4d60d8	.data	1	24	C:\Pacgen\src\glossary.c
0xd44f4	0x4d60f4	.data	1	24	C:\Pacgen\src\glossary.c
0xd4510	0x4d6110	.data	1	6	%d.txt
0xd4518	0x4d6118	.data	1	24	C:\Pacgen\src\glossary.c
0xd4534	0x4d6134	.data	1	24	C:\Pacgen\src\glossary.c
0xd4550	0x4d6150	.data	1	6	%d.txt
0xd4558	0x4d6158	.data	1	24	C:\Pacgen\src\glossary.c
0xd4574	0x4d6174	.data	1	24	C:\Pacgen\src\glossary.c
0xd4590	0x4d6190	.data	1	24	C:\Pacgen\src\glossary.c
0xd45ac	0x4d61ac	.data	1	24	C:\Pacgen\src\glossary.c
0xd45c8	0x4d61c8	.data	1	24	C:\Pacgen\src\glossary.c
0xd45e8	0x4d61e8	.data	1	24	C:\Pacgen\src\glossary.c
0xd4604	0x4d6204	.data	1	24	C:\Pacgen\src\glossary.c
0xd4640	0x4d6240	.data	1	24	C:\Pacgen\src\glossary.c
0xd465c	0x4d625c	.data	1	8	I'm dead
0xd4668	0x4d6268	.data	1	24	C:\Pacgen\src\glossary.c
0xd4684	0x4d6284	.data	1	6	%d.txt
0xd468c	0x4d628c	.data	1	24	C:\Pacgen\src\glossary.c
0xd46a8	0x4d62a8	.data	1	24	C:\Pacgen\src\glossary.c
0xd46c4	0x4d62c4	.data	1	6	%d.txt
0xd46cc	0x4d62cc	.data	1	24	C:\Pacgen\src\glossary.c
0xd46e8	0x4d62e8	.data	1	11	transit.shp
0xd46f4	0x4d62f4	.data	1	20	C:\Pacgen\Src\host.c
0xd470c	0x4d630c	.data	1	11	transit.shp
0xd471c	0x4d631c	.data	1	20	C:\Pacgen\Src\host.c
0xd4734	0x4d6334	.data	1	20	C:\Pacgen\Src\host.c
0xd474c	0x4d634c	.data	1	20	C:\Pacgen\Src\host.c
0xd47b0	0x4d63b0	.data	1	38	Learn how to ride a motorcycle, today!
0xd47d8	0x4d63d8	.data	1	19	Tame the Iron Horse
0xd4859	0x4d6459	.data	0	5	CCCss
0xd486e	0x4d646e	.data	0	49	 !"#$%&'''*+,-./0123456777:::=AAAAAAKCFGHIJKLMNOO
0xd48a0	0x4d64a0	.data	0	35	RSTUVWXYZ[[[_`abcdefgWYZjklmnopqrss
0xd4994	0x4d6594	.data	0	5	KLMNO
0xd49fb	0x4d65fb	.data	0	18	&'LKLKJIHIJKLMNOOO
0xd54e1	0x4d70e1	.data	0	6	frisco
0xd5517	0x4d7117	.data	0	5	india
0xd554d	0x4d714d	.data	0	7	guadcnl
0xd5583	0x4d7183	.data	0	6	midway
0xd55b9	0x4d71b9	.data	0	6	tarawa
0xd55ef	0x4d71ef	.data	0	7	phill44
0xd5625	0x4d7225	.data	0	7	lyteglf
0xd565b	0x4d725b	.data	0	7	hawai44
0xd5691	0x4d7291	.data	0	7	pearl41
0xd56c7	0x4d72c7	.data	0	7	mrnaisl
0xd56fd	0x4d72fd	.data	0	6	cchina
0xd5733	0x4d7333	.data	0	7	philsea
0xd5769	0x4d7369	.data	0	7	phill41
0xd579f	0x4d739f	.data	0	7	mrslisl
0xd57d5	0x4d73d5	.data	0	7	admrisl
0xd580b	0x4d740b	.data	0	7	austral
0xd5841	0x4d7441	.data	0	7	okinawa
0xd5877	0x4d7477	.data	0	7	iwojima
0xd58ad	0x4d74ad	.data	0	5	malay
0xd58e3	0x4d74e3	.data	0	7	slmnisl
0xd5919	0x4d7519	.data	0	7	Burma42
0xd594f	0x4d754f	.data	0	6	persia
0xd5985	0x4d7585	.data	0	6	guinea
0xd59bb	0x4d75bb	.data	0	7	henfild
0xd59f1	0x4d75f1	.data	0	7	coronet
0xd5a27	0x4d7627	.data	0	7	midinva
0xd5a5d	0x4d765d	.data	0	5	halha
0xd5a93	0x4d7693	.data	0	7	sechina
0xd5ac9	0x4d76c9	.data	0	7	chunkng
0xd5aff	0x4d76ff	.data	0	7	olympic
0xd5b35	0x4d7735	.data	0	7	midwest
0xd5b6b	0x4d776b	.data	0	5	dutch
0xd5bb8	0x4d77b8	.data	7	4	bnk\
0xd5bf8	0x4d77f8	.data	5	7	stream\
0xd5c90	0x4d7890	.data	7	14	PacGen Session
0xd5cb0	0x4d78b0	.data	10	13	Mike and Paul
0xd5e60	0x4d7a60	.data	1	11	transit.shp
0xd5e6c	0x4d7a6c	.data	1	21	C:\Pacgen\Src\guest.c
0xd5e84	0x4d7a84	.data	1	11	transit.shp
0xd5e94	0x4d7a94	.data	1	21	C:\Pacgen\Src\guest.c
0xd5eac	0x4d7aac	.data	1	21	C:\Pacgen\Src\guest.c
0xd5ec4	0x4d7ac4	.data	1	21	C:\Pacgen\Src\guest.c
0xd5ee8	0x4d7ae8	.data	1	21	C:\Pacgen\Src\guest.c
0xd5f08	0x4d7b08	.data	1	4	  %s
0xd5f10	0x4d7b10	.data	1	5	 (%d)
0xd5f18	0x4d7b18	.data	1	5	 (%d)
0xd5f28	0x4d7b28	.data	1	20	C:\Pacgen\Src\Menu.c
0xd5f40	0x4d7b40	.data	1	20	C:\Pacgen\Src\Menu.c
0xd5f78	0x4d7b78	.data	1	20	C:\Pacgen\Src\Menu.c
0xd5f90	0x4d7b90	.data	1	20	C:\Pacgen\Src\Menu.c
0xd5fa8	0x4d7ba8	.data	1	20	C:\Pacgen\Src\Menu.c
0xd5fc0	0x4d7bc0	.data	1	20	C:\Pacgen\Src\Menu.c
0xd5fd8	0x4d7bd8	.data	1	20	C:\Pacgen\Src\Menu.c
0xd5ff0	0x4d7bf0	.data	1	20	C:\Pacgen\Src\Menu.c
0xd6008	0x4d7c08	.data	1	20	C:\Pacgen\Src\Menu.c
0xd6064	0x4d7c64	.data	1	16	%sSAVE\quick.svg
0xd6078	0x4d7c78	.data	1	16	%sSAVE\quick.svg
0xd608c	0x4d7c8c	.data	1	20	Quick Load complete.
0xd60bc	0x4d7cbc	.data	1	20	C:\Pacgen\Src\Menu.c
0xd60d4	0x4d7cd4	.data	1	20	C:\Pacgen\Src\Menu.c
0xd61c0	0x4d7dc0	.data	1	5	*.svg
0xd61f8	0x4d7df8	.data	1	5	*.sv?
0xd6208	0x4d7e08	.data	1	23	C:\Pacgen\src\piknatn.c
0xd6220	0x4d7e20	.data	1	23	C:\Pacgen\src\piknatn.c
0xd6238	0x4d7e38	.data	1	23	C:\Pacgen\src\piknatn.c
0xd6250	0x4d7e50	.data	1	23	C:\Pacgen\src\piknatn.c
0xd6268	0x4d7e68	.data	1	23	C:\Pacgen\src\piknatn.c
0xd6288	0x4d7e88	.data	1	23	xunits = %d yunits = %d
0xd62a0	0x4d7ea0	.data	1	24	C:\Pacgen\Src\gotounit.c
0xd62bc	0x4d7ebc	.data	1	24	C:\Pacgen\Src\gotounit.c
0xd62dc	0x4d7edc	.data	1	5	%d,%d
0xd62e4	0x4d7ee4	.data	1	24	C:\Pacgen\Src\gotounit.c
0xd6300	0x4d7f00	.data	1	24	C:\Pacgen\Src\gotounit.c
0xd631c	0x4d7f1c	.data	1	24	C:\Pacgen\Src\gotounit.c
0xd6338	0x4d7f38	.data	1	24	C:\Pacgen\Src\gotounit.c
0xd6364	0x4d7f64	.data	1	5	%d/%d
0xd636c	0x4d7f6c	.data	1	5	%d/%d
0xd6374	0x4d7f74	.data	1	5	%d %s
0xd637c	0x4d7f7c	.data	1	5	%d %s
0xd639c	0x4d7f9c	.data	1	4	[%d]
0xd63ac	0x4d7fac	.data	1	4	[%d]
0xd63bc	0x4d7fbc	.data	1	4	[%d]
0xd63c8	0x4d7fc8	.data	1	4	[%d]
0xd63d0	0x4d7fd0	.data	1	4	[%d]
0xd63e0	0x4d7fe0	.data	1	4	[%d]
0xd6420	0x4d8020	.data	1	5	%d/%d
0xd6438	0x4d8038	.data	1	24	C:\Pacgen\Src\gotounit.c
0xd6454	0x4d8054	.data	1	24	C:\Pacgen\Src\gotounit.c
0xd6470	0x4d8070	.data	1	24	C:\Pacgen\Src\gotounit.c
0xd648c	0x4d808c	.data	1	24	C:\Pacgen\Src\gotounit.c
0xd64a8	0x4d80a8	.data	1	24	C:\Pacgen\Src\gotounit.c
0xd6674	0x4d8274	.data	1	22	C:\Pacgen\Src\Combat.c
0xd668c	0x4d828c	.data	1	12	explsn02.shp
0xd669c	0x4d829c	.data	1	12	explsn03.shp
0xd66ac	0x4d82ac	.data	1	12	explsn03.shp
0xd66bc	0x4d82bc	.data	1	12	explsn01.shp
0xd66cc	0x4d82cc	.data	1	12	explsn01.shp
0xd66dc	0x4d82dc	.data	1	12	explsn01.shp
0xd66ec	0x4d82ec	.data	1	12	explsn02.shp
0xd66fc	0x4d82fc	.data	1	12	explsn02.shp
0xd670c	0x4d830c	.data	1	22	C:\Pacgen\Src\Combat.c
0xd6724	0x4d8324	.data	1	22	C:\Pacgen\Src\Combat.c
0xd673c	0x4d833c	.data	1	12	fire_art.shp
0xd674c	0x4d834c	.data	1	12	fire_art.shp
0xd675c	0x4d835c	.data	1	12	fire_art.shp
0xd676c	0x4d836c	.data	1	12	fire_art.shp
0xd677c	0x4d837c	.data	1	12	fire_art.shp
0xd678c	0x4d838c	.data	1	11	fire_ad.shp
0xd6798	0x4d8398	.data	1	12	fire_art.shp
0xd67a8	0x4d83a8	.data	1	11	fire_aa.shp
0xd67b4	0x4d83b4	.data	1	22	C:\Pacgen\Src\Combat.c
0xd67cc	0x4d83cc	.data	1	11	%sdebug.txt
0xd67e0	0x4d83e0	.data	1	12	c:\debug.txt
0xd67f4	0x4d83f4	.data	1	10	.MAP files
0xd67ff	0x4d83ff	.data	0	5	*.map
0xd6805	0x4d8405	.data	0	10	.GEO files
0xd6810	0x4d8410	.data	0	5	*.geo
0xd6816	0x4d8416	.data	0	10	.EQP files
0xd6821	0x4d8421	.data	0	5	*.eqp
0xd6827	0x4d8427	.data	0	10	.SCN Files
0xd6832	0x4d8432	.data	0	5	*.scn
0xd6838	0x4d8438	.data	0	10	.EML Files
0xd6843	0x4d8443	.data	0	5	*.eml
0xd6849	0x4d8449	.data	0	10	.SAV Files
0xd6854	0x4d8454	.data	0	5	*.sav
0xd685a	0x4d845a	.data	0	17	.EML & .SAV files
0xd686c	0x4d846c	.data	0	11	*.eml;*.sav
0xd6880	0x4d8480	.data	1	9	File Open
0xd689c	0x4d849c	.data	1	10	.MAP files
0xd68a7	0x4d84a7	.data	0	5	*.map
0xd68ad	0x4d84ad	.data	0	10	.GEO files
0xd68b8	0x4d84b8	.data	0	5	*.geo
0xd68be	0x4d84be	.data	0	10	.EQP files
0xd68c9	0x4d84c9	.data	0	5	*.eqp
0xd68cf	0x4d84cf	.data	0	10	.SCN Files
0xd68da	0x4d84da	.data	0	5	*.scn
0xd68e0	0x4d84e0	.data	0	10	.EML Files
0xd68eb	0x4d84eb	.data	0	5	*.eml
0xd68f1	0x4d84f1	.data	0	10	.SAV Files
0xd68fc	0x4d84fc	.data	0	5	*.sav
0xd6902	0x4d8502	.data	0	17	.EML & .SAV files
0xd6914	0x4d8514	.data	0	11	*.eml;*.sav
0xd6928	0x4d8528	.data	1	9	File Save
0xd6944	0x4d8544	.data	1	11	%c:\data\%s
0xd6954	0x4d8554	.data	1	21	C:\Pacgen\src\tools.c
0xd6970	0x4d8570	.data	1	21	C:\Pacgen\src\tools.c
0xd69c4	0x4d85c4	.data	1	11	%c:\data\%s
0xd69dc	0x4d85dc	.data	1	21	C:\Pacgen\src\tools.c
0xd69f4	0x4d85f4	.data	1	21	C:\Pacgen\src\tools.c
0xd6a58	0x4d8658	.data	1	24	Error with equip name %d
0xd6a74	0x4d8674	.data	1	27	Error with tilefile name %d
0xd6a90	0x4d8690	.data	1	21	C:\Pacgen\src\tools.c
0xd6ac4	0x4d86c4	.data	1	21	C:\Pacgen\src\tools.c
0xd6af8	0x4d86f8	.data	1	21	C:\Pacgen\src\tools.c
0xd6b2c	0x4d872c	.data	1	21	C:\Pacgen\src\tools.c
0xd6b60	0x4d8760	.data	1	21	C:\Pacgen\src\tools.c
0xd6b94	0x4d8794	.data	1	21	C:\Pacgen\src\tools.c
0xd6bc8	0x4d87c8	.data	1	21	C:\Pacgen\src\tools.c
0xd6bfc	0x4d87fc	.data	1	21	C:\Pacgen\src\tools.c
0xd6c30	0x4d8830	.data	1	21	C:\Pacgen\src\tools.c
0xd6c64	0x4d8864	.data	1	21	C:\Pacgen\src\tools.c
0xd6c98	0x4d8898	.data	1	21	C:\Pacgen\src\tools.c
0xd6ccc	0x4d88cc	.data	1	21	C:\Pacgen\src\tools.c
0xd6d00	0x4d8900	.data	1	21	C:\Pacgen\src\tools.c
0xd6d34	0x4d8934	.data	1	21	C:\Pacgen\src\tools.c
0xd6d68	0x4d8968	.data	1	21	C:\Pacgen\src\tools.c
0xd6d9c	0x4d899c	.data	1	21	C:\Pacgen\src\tools.c
0xd6dd0	0x4d89d0	.data	1	21	C:\Pacgen\src\tools.c
0xd6e04	0x4d8a04	.data	1	21	C:\Pacgen\src\tools.c
0xd6e38	0x4d8a38	.data	1	21	C:\Pacgen\src\tools.c
0xd6e6c	0x4d8a6c	.data	1	21	C:\Pacgen\src\tools.c
0xd6ea0	0x4d8aa0	.data	1	21	C:\Pacgen\src\tools.c
0xd6ed4	0x4d8ad4	.data	1	21	C:\Pacgen\src\tools.c
0xd6f08	0x4d8b08	.data	1	21	C:\Pacgen\src\tools.c
0xd6f3c	0x4d8b3c	.data	1	21	C:\Pacgen\src\tools.c
0xd6f70	0x4d8b70	.data	1	21	C:\Pacgen\src\tools.c
0xd6fa4	0x4d8ba4	.data	1	21	C:\Pacgen\src\tools.c
0xd6fd8	0x4d8bd8	.data	1	21	C:\Pacgen\src\tools.c
0xd700c	0x4d8c0c	.data	1	21	C:\Pacgen\src\tools.c
0xd7040	0x4d8c40	.data	1	21	C:\Pacgen\src\tools.c
0xd7074	0x4d8c74	.data	1	21	C:\Pacgen\src\tools.c
0xd70a8	0x4d8ca8	.data	1	21	C:\Pacgen\src\tools.c
0xd70dc	0x4d8cdc	.data	1	21	C:\Pacgen\src\tools.c
0xd7110	0x4d8d10	.data	1	21	C:\Pacgen\src\tools.c
0xd7144	0x4d8d44	.data	1	21	C:\Pacgen\src\tools.c
0xd7178	0x4d8d78	.data	1	21	C:\Pacgen\src\tools.c
0xd71ac	0x4d8dac	.data	1	21	C:\Pacgen\src\tools.c
0xd71e0	0x4d8de0	.data	1	21	C:\Pacgen\src\tools.c
0xd7214	0x4d8e14	.data	1	21	C:\Pacgen\src\tools.c
0xd7248	0x4d8e48	.data	1	21	C:\Pacgen\src\tools.c
0xd727c	0x4d8e7c	.data	1	21	C:\Pacgen\src\tools.c
0xd72b0	0x4d8eb0	.data	1	21	C:\Pacgen\src\tools.c
0xd72e4	0x4d8ee4	.data	1	21	C:\Pacgen\src\tools.c
0xd7318	0x4d8f18	.data	1	21	C:\Pacgen\src\tools.c
0xd734c	0x4d8f4c	.data	1	21	C:\Pacgen\src\tools.c
0xd7380	0x4d8f80	.data	1	21	C:\Pacgen\src\tools.c
0xd73dc	0x4d8fdc	.data	1	6	%d.mus
0xd7444	0x4d9044	.data	1	21	C:\Pacgen\src\tools.c
0xd745c	0x4d905c	.data	1	16	%sDATA\prefs.dat
0xd7478	0x4d9078	.data	1	12	c:\prefs.dat
0xd7488	0x4d9088	.data	1	16	%sDATA\prefs.dat
0xd74a4	0x4d90a4	.data	1	12	c:\prefs.dat
0xd74b4	0x4d90b4	.data	1	21	C:\Pacgen\src\tools.c
0xd74cc	0x4d90cc	.data	1	21	C:\Pacgen\src\tools.c
0xd74e4	0x4d90e4	.data	1	12	batlscrn.shp
0xd74f4	0x4d90f4	.data	1	21	C:\Pacgen\src\tools.c
0xd750c	0x4d910c	.data	1	12	batlscrn.shp
0xd7548	0x4d9148	.data	1	12	purchase.shp
0xd7558	0x4d9158	.data	1	21	C:\Pacgen\src\tools.c
0xd7570	0x4d9170	.data	1	12	purchase.shp
0xd75a8	0x4d91a8	.data	1	4	%c:\
0xd75e4	0x4d91e4	.data	1	24	C:\Pacgen\Src\examunit.c
0xd7614	0x4d9214	.data	1	5	%d/%d
0xd7620	0x4d9220	.data	1	5	%d/%d
0xd7638	0x4d9238	.data	1	4	[%d]
0xd7644	0x4d9244	.data	1	4	[%d]
0xd7650	0x4d9250	.data	1	4	[%d]
0xd765c	0x4d925c	.data	1	4	[%d]
0xd7668	0x4d9268	.data	1	4	[%d]
0xd7688	0x4d9288	.data	1	7	%d (%d)
0xd76a0	0x4d92a0	.data	1	24	C:\Pacgen\Src\pickcamp.c
0xd76bc	0x4d92bc	.data	1	12	campaign.shp
0xd76f4	0x4d92f4	.data	1	24	C:\Pacgen\Src\pickcamp.c
0xd7710	0x4d9310	.data	1	24	C:\Pacgen\Src\pickcamp.c
0xd772c	0x4d932c	.data	1	24	C:\Pacgen\Src\pickcamp.c
0xd7748	0x4d9348	.data	1	13	%sSCEN\%s.scn
0xd77d4	0x4d93d4	.data	1	19	%sDATA\campaign.bin
0xd77ec	0x4d93ec	.data	1	21	%c:\DATA\campaign.bin
0xd7834	0x4d9434	.data	1	24	C:\Pacgen\Src\pickcamp.c
0xd7850	0x4d9450	.data	1	9	globe.shp
0xd794c	0x4d954c	.data	1	22	C:\Pacgen\src\Memman.c
0xd79cc	0x4d95cc	.data	1	22	Freemem Error: %s (%d)
0xd79e4	0x4d95e4	.data	1	26	Total Equipment Pieces: %d
0xd7a00	0x4d9600	.data	1	26	Selected Equipment : %d/%d
0xd7a1c	0x4d961c	.data	1	23	C:\Pacgen\src\eqpedit.c
0xd7a34	0x4d9634	.data	1	23	C:\Pacgen\src\eqpedit.c
0xd7a4c	0x4d964c	.data	1	29	Too many pieces of equipment.
0xd7a6c	0x4d966c	.data	1	23	C:\Pacgen\src\eqpedit.c
0xd7a84	0x4d9684	.data	1	5	uh oh
0xd7a8c	0x4d968c	.data	1	23	C:\Pacgen\src\eqpedit.c
0xd7aa4	0x4d96a4	.data	1	7	Uh oh 2
0xd7aac	0x4d96ac	.data	1	10	Copy of %s
0xd7ab8	0x4d96b8	.data	1	23	%d is an invalid entry.
0xd7ad0	0x4d96d0	.data	1	23	C:\Pacgen\src\eqpedit.c
0xd7ae8	0x4d96e8	.data	1	23	C:\Pacgen\src\eqpedit.c
0xd7b00	0x4d9700	.data	1	8	I'm dead
0xd7b0c	0x4d970c	.data	1	18	Error with delete.
0xd7b20	0x4d9720	.data	1	8	I'm dead
0xd7b30	0x4d9730	.data	1	9	%s saved.
0xd7b3c	0x4d973c	.data	1	6	%s.TXT
0xd7b50	0x4d9750	.data	1	33	Unable to save equipment strings.
0xd7b74	0x4d9774	.data	1	4	NUll
0xd7b80	0x4d9780	.data	1	4	NUll
0xd7b88	0x4d9788	.data	1	4	NUll
0xd7b90	0x4d9790	.data	1	8	I'm dead
0xd7b9c	0x4d979c	.data	1	24	Error with equip name %d
0xd7bbc	0x4d97bc	.data	1	10	report.txt
0xd7c64	0x4d9864	.data	1	11	%3d; %13s; 
0xd7c70	0x4d9870	.data	1	25	 %2d/%2d; %3d; %3d; %3d; 
0xd7c8c	0x4d988c	.data	1	10	%4d; %3d; 
0xd7c98	0x4d9898	.data	1	10	%3d; %3d; 
0xd7ca4	0x4d98a4	.data	1	30	 [%2d];  [%2d];  %3d;   %3d;  
0xd7cc4	0x4d98c4	.data	1	29	 %3d;   %3d;   [%2d];  %3d;  
0xd7ce4	0x4d98e4	.data	1	28	 %3d;   %3d;   %3d;   %3d;  
0xd7d04	0x4d9904	.data	1	10	%3d; %3d; 
0xd7d10	0x4d9910	.data	1	10	%3d; %3c; 
0xd7d42	0x4d9942	.data	0	24	File saved as REPORT.TXT
0xd7d60	0x4d9960	.data	1	8	temp.txt
0xd7e04	0x4d9a04	.data	1	11	%3d; %13s; 
0xd7e10	0x4d9a10	.data	1	10	%4d; %3d; 
0xd7e1c	0x4d9a1c	.data	1	10	%3d; %3d; 
0xd7e28	0x4d9a28	.data	1	30	 [%2d];  [%2d];  %3d;   %3d;  
0xd7e48	0x4d9a48	.data	1	29	 %3d;   %3d;   [%2d];  %3d;  
0xd7e68	0x4d9a68	.data	1	28	 %3d;   %3d;   %3d;   %3d;  
0xd7e88	0x4d9a88	.data	1	10	%3d; %3d; 
0xd7e94	0x4d9a94	.data	1	10	%3d; %3c; 
0xd7eb8	0x4d9ab8	.data	1	10	report.txt
0xd7f64	0x4d9b64	.data	1	11	%3d; %13s; 
0xd7f70	0x4d9b70	.data	1	15	%2d//%2d; %2d; 
0xd7f80	0x4d9b80	.data	1	10	%3d; %2d; 
0xd7f8c	0x4d9b8c	.data	1	10	%2d; %8s; 
0xd7f98	0x4d9b98	.data	1	5	Sur; 
0xd7fa0	0x4d9ba0	.data	1	5	Air; 
0xd7fa8	0x4d9ba8	.data	1	5	Err; 
0xd7fb0	0x4d9bb0	.data	1	10	%3d; %3d; 
0xd7fbc	0x4d9bbc	.data	1	10	%2d; %2d; 
0xd7fc8	0x4d9bc8	.data	1	5	%2d; 
0xd7fd0	0x4d9bd0	.data	1	5	%2d; 
0xd7fd8	0x4d9bd8	.data	1	5	%2d; 
0xd7fe0	0x4d9be0	.data	1	5	%3c; 
0xd7fe8	0x4d9be8	.data	1	11	%10s; %2d; 
0xd800e	0x4d9c0e	.data	0	24	File saved as REPORT.TXT
0xd8028	0x4d9c28	.data	1	24	C:\Pacgen\src\setprest.c
0xd8044	0x4d9c44	.data	1	24	C:\Pacgen\src\setprest.c
0xd8068	0x4d9c68	.data	1	24	C:\Pacgen\src\setprest.c
0xd8088	0x4d9c88	.data	1	24	C:\Pacgen\src\setprest.c
0xd80a4	0x4d9ca4	.data	1	24	C:\PACGEN\SRC\SETTRANS.C
0xd80c0	0x4d9cc0	.data	1	24	C:\PACGEN\SRC\SETTRANS.C
0xd80e0	0x4d9ce0	.data	1	5	%d %s
0xd8118	0x4d9d18	.data	1	24	C:\Pacgen\Src\tutorial.c
0xd8134	0x4d9d34	.data	1	12	tutorial.shp
0xd816c	0x4d9d6c	.data	1	24	C:\Pacgen\Src\tutorial.c
0xd8188	0x4d9d88	.data	1	24	C:\Pacgen\Src\tutorial.c
0xd81a4	0x4d9da4	.data	1	24	C:\Pacgen\Src\tutorial.c
0xd81c0	0x4d9dc0	.data	1	18	%sSCEN\landtut.scn
0xd81d4	0x4d9dd4	.data	1	17	%sSCEN\navtut.scn
0xd83a4	0x4d9fa4	.data	1	8	info.txt
0xd8468	0x4da068	.data	1	21	C:\Pacgen\src\graph.c
0xd8480	0x4da080	.data	1	21	C:\Pacgen\src\graph.c
0xd8498	0x4da098	.data	1	21	C:\Pacgen\src\graph.c
0xd84b0	0x4da0b0	.data	1	21	C:\Pacgen\src\graph.c
0xd84c8	0x4da0c8	.data	1	21	C:\Pacgen\src\graph.c
0xd84e0	0x4da0e0	.data	1	21	C:\Pacgen\src\graph.c
0xd84f8	0x4da0f8	.data	1	21	C:\Pacgen\src\graph.c
0xd8510	0x4da110	.data	1	21	C:\Pacgen\src\graph.c
0xd8528	0x4da128	.data	1	21	C:\Pacgen\src\graph.c
0xd8540	0x4da140	.data	1	21	C:\Pacgen\src\graph.c
0xd8558	0x4da158	.data	1	21	C:\Pacgen\src\graph.c
0xd8570	0x4da170	.data	1	21	C:\Pacgen\src\graph.c
0xd8588	0x4da188	.data	1	21	C:\Pacgen\src\graph.c
0xd85a0	0x4da1a0	.data	1	21	C:\Pacgen\src\graph.c
0xd85b8	0x4da1b8	.data	1	21	C:\Pacgen\src\graph.c
0xd85d0	0x4da1d0	.data	1	21	C:\Pacgen\src\graph.c
0xd85e8	0x4da1e8	.data	1	21	C:\Pacgen\src\graph.c
0xd8600	0x4da200	.data	1	21	C:\Pacgen\src\graph.c
0xd8668	0x4da268	.data	1	21	C:\Pacgen\src\graph.c
0xd8680	0x4da280	.data	1	21	C:\Pacgen\src\graph.c
0xd8698	0x4da298	.data	1	21	C:\Pacgen\src\graph.c
0xd86b0	0x4da2b0	.data	1	21	C:\Pacgen\src\graph.c
0xd86c8	0x4da2c8	.data	1	21	C:\Pacgen\src\graph.c
0xd86e0	0x4da2e0	.data	1	21	C:\Pacgen\src\graph.c
0xd86f8	0x4da2f8	.data	1	21	C:\Pacgen\src\graph.c
0xd8710	0x4da310	.data	1	21	C:\Pacgen\src\graph.c
0xd8728	0x4da328	.data	1	21	C:\Pacgen\src\graph.c
0xd8740	0x4da340	.data	1	21	C:\Pacgen\src\graph.c
0xd8784	0x4da384	.data	1	21	C:\Pacgen\Src\Audio.c
0xd879c	0x4da39c	.data	1	21	C:\Pacgen\Src\Audio.c
0xd87b4	0x4da3b4	.data	1	21	C:\Pacgen\Src\Audio.c
0xd87cc	0x4da3cc	.data	1	21	C:\Pacgen\Src\Audio.c
0xd87e4	0x4da3e4	.data	1	21	C:\Pacgen\Src\Audio.c
0xd87fc	0x4da3fc	.data	1	21	C:\Pacgen\Src\Audio.c
0xd8814	0x4da414	.data	1	21	C:\Pacgen\Src\Audio.c
0xd882c	0x4da42c	.data	1	21	C:\Pacgen\Src\Audio.c
0xd8844	0x4da444	.data	1	21	C:\Pacgen\Src\Audio.c
0xd885c	0x4da45c	.data	1	21	C:\Pacgen\Src\Audio.c
0xd8874	0x4da474	.data	1	21	C:\Pacgen\Src\Audio.c
0xd888c	0x4da48c	.data	1	21	C:\Pacgen\Src\Audio.c
0xd88a4	0x4da4a4	.data	1	21	C:\Pacgen\Src\Audio.c
0xd88bc	0x4da4bc	.data	1	21	C:\Pacgen\Src\Audio.c
0xd88d4	0x4da4d4	.data	1	24	C:\Pacgen\src\defscrns.c
0xd88f0	0x4da4f0	.data	1	24	C:\Pacgen\src\defscrns.c
0xd8910	0x4da510	.data	1	24	C:\Pacgen\src\defscrns.c
0xd8930	0x4da530	.data	1	24	C:\Pacgen\src\defscrns.c
0xd8950	0x4da550	.data	1	24	C:\Pacgen\src\defscrns.c
0xd8970	0x4da570	.data	1	24	C:\Pacgen\src\defscrns.c
0xd8990	0x4da590	.data	1	24	C:\Pacgen\src\defscrns.c
0xd89b0	0x4da5b0	.data	1	24	C:\Pacgen\src\defscrns.c
0xd89d0	0x4da5d0	.data	1	24	C:\Pacgen\src\defscrns.c
0xd89f0	0x4da5f0	.data	1	24	C:\Pacgen\src\defscrns.c
0xd8a0c	0x4da60c	.data	1	7	Save-F2
0xd8a14	0x4da614	.data	1	24	C:\Pacgen\src\defscrns.c
0xd8a30	0x4da630	.data	1	7	Load-F3
0xd8a38	0x4da638	.data	1	24	C:\Pacgen\src\defscrns.c
0xd8a54	0x4da654	.data	1	6	(Q)uit
0xd8a5c	0x4da65c	.data	1	24	C:\Pacgen\src\defscrns.c
0xd8a78	0x4da678	.data	1	11	(R)esizeMap
0xd8a84	0x4da684	.data	1	24	C:\Pacgen\src\defscrns.c
0xd8aa0	0x4da6a0	.data	1	10	(H)exsides
0xd8aac	0x4da6ac	.data	1	24	C:\Pacgen\src\defscrns.c
0xd8ac8	0x4da6c8	.data	1	11	(T)oggleMap
0xd8ad4	0x4da6d4	.data	1	24	C:\Pacgen\src\defscrns.c
0xd8af0	0x4da6f0	.data	1	9	Load(G)eo
0xd8afc	0x4da6fc	.data	1	24	C:\Pacgen\src\defscrns.c
0xd8b18	0x4da718	.data	1	9	(E)ditHex
0xd8b24	0x4da724	.data	1	24	C:\Pacgen\src\defscrns.c
0xd8b40	0x4da740	.data	1	10	(M)assEdit
0xd8b4c	0x4da74c	.data	1	24	C:\Pacgen\src\defscrns.c
0xd8b68	0x4da768	.data	1	10	(I)d Tiles
0xd8b74	0x4da774	.data	1	24	C:\Pacgen\src\defscrns.c
0xd8b90	0x4da790	.data	1	11	MapType/IRM
0xd8b9c	0x4da79c	.data	1	24	C:\Pacgen\src\defscrns.c
0xd8bb8	0x4da7b8	.data	1	9	(N)ew Map
0xd8bc4	0x4da7c4	.data	1	24	C:\Pacgen\src\defscrns.c
0xd8be0	0x4da7e0	.data	1	6	(F)ill
0xd8be8	0x4da7e8	.data	1	24	C:\Pacgen\src\defscrns.c
0xd8c04	0x4da804	.data	1	10	(A)utoroad
0xd8c10	0x4da810	.data	1	24	C:\Pacgen\src\defscrns.c
0xd8c2c	0x4da82c	.data	1	10	MainMen(u)
0xd8c38	0x4da838	.data	1	24	C:\Pacgen\src\defscrns.c
0xd8c54	0x4da854	.data	1	11	buttons.shp
0xd8c60	0x4da860	.data	1	11	buttons.shp
0xd8c6c	0x4da86c	.data	1	24	C:\Pacgen\src\defscrns.c
0xd8c8c	0x4da88c	.data	1	24	C:\Pacgen\src\defscrns.c
0xd8ca8	0x4da8a8	.data	1	24	C:\Pacgen\src\defscrns.c
0xd8cc4	0x4da8c4	.data	1	11	*Map Editor
0xd8cd0	0x4da8d0	.data	1	24	C:\Pacgen\src\defscrns.c
0xd8cec	0x4da8ec	.data	1	13	*Equip Editor
0xd8cfc	0x4da8fc	.data	1	24	C:\Pacgen\src\defscrns.c
0xd8d18	0x4da918	.data	1	24	C:\Pacgen\src\defscrns.c
0xd8d34	0x4da934	.data	1	11	buttons.shp
0xd8d40	0x4da940	.data	1	11	buttons.shp
0xd8d4c	0x4da94c	.data	1	11	buttons.shp
0xd8d58	0x4da958	.data	1	11	buttons.shp
0xd8d64	0x4da964	.data	1	24	C:\Pacgen\src\defscrns.c
0xd8d80	0x4da980	.data	1	24	C:\Pacgen\src\defscrns.c
0xd8d9c	0x4da99c	.data	1	24	C:\Pacgen\src\defscrns.c
0xd8db8	0x4da9b8	.data	1	11	buttons.shp
0xd8dc4	0x4da9c4	.data	1	11	buttons.shp
0xd8dd0	0x4da9d0	.data	1	11	buttons.shp
0xd8ddc	0x4da9dc	.data	1	11	buttons.shp
0xd8de8	0x4da9e8	.data	1	24	C:\Pacgen\src\defscrns.c
0xd8e04	0x4daa04	.data	1	11	buttons.shp
0xd8e10	0x4daa10	.data	1	11	buttons.shp
0xd8e1c	0x4daa1c	.data	1	11	buttons.shp
0xd8e28	0x4daa28	.data	1	11	buttons.shp
0xd8e34	0x4daa34	.data	1	24	C:\Pacgen\src\defscrns.c
0xd8e50	0x4daa50	.data	1	24	C:\Pacgen\src\defscrns.c
0xd8e6c	0x4daa6c	.data	1	13	*WeatherTurns
0xd8e7c	0x4daa7c	.data	1	24	C:\Pacgen\src\defscrns.c
0xd8e98	0x4daa98	.data	1	9	*Max Core
0xd8ea4	0x4daaa4	.data	1	24	C:\Pacgen\src\defscrns.c
0xd8ec0	0x4daac0	.data	1	24	C:\Pacgen\src\defscrns.c
0xd8edc	0x4daadc	.data	1	11	buttons.shp
0xd8ee8	0x4daae8	.data	1	11	buttons.shp
0xd8ef4	0x4daaf4	.data	1	11	buttons.shp
0xd8f00	0x4dab00	.data	1	11	buttons.shp
0xd8f30	0x4dab30	.data	1	24	C:\Pacgen\src\defscrns.c
0xd8f4c	0x4dab4c	.data	1	24	C:\Pacgen\src\defscrns.c
0xd8f68	0x4dab68	.data	1	11	buttons.shp
0xd8f74	0x4dab74	.data	1	11	buttons.shp
0xd8f80	0x4dab80	.data	1	24	C:\Pacgen\src\defscrns.c
0xd8f9c	0x4dab9c	.data	1	24	C:\Pacgen\src\defscrns.c
0xd8fb8	0x4dabb8	.data	1	24	C:\Pacgen\src\defscrns.c
0xd8fd4	0x4dabd4	.data	1	24	C:\Pacgen\src\defscrns.c
0xd8ff0	0x4dabf0	.data	1	24	C:\Pacgen\src\defscrns.c
0xd900c	0x4dac0c	.data	1	24	C:\Pacgen\src\defscrns.c
0xd9028	0x4dac28	.data	1	11	buttons.shp
0xd9034	0x4dac34	.data	1	24	C:\Pacgen\src\defscrns.c
0xd9050	0x4dac50	.data	1	4	Done
0xd9058	0x4dac58	.data	1	24	C:\Pacgen\src\defscrns.c
0xd9074	0x4dac74	.data	1	24	C:\Pacgen\src\defscrns.c
0xd9090	0x4dac90	.data	1	11	buttons.shp
0xd909c	0x4dac9c	.data	1	24	C:\Pacgen\src\defscrns.c
0xd90b8	0x4dacb8	.data	1	24	C:\Pacgen\src\defscrns.c
0xd90d4	0x4dacd4	.data	1	24	C:\Pacgen\src\defscrns.c
0xd90f0	0x4dacf0	.data	1	24	C:\Pacgen\src\defscrns.c
0xd910c	0x4dad0c	.data	1	24	C:\Pacgen\src\defscrns.c
0xd9128	0x4dad28	.data	1	24	C:\Pacgen\src\defscrns.c
0xd9144	0x4dad44	.data	1	24	C:\Pacgen\src\defscrns.c
0xd9160	0x4dad60	.data	1	24	C:\Pacgen\src\defscrns.c
0xd917c	0x4dad7c	.data	1	24	C:\Pacgen\src\defscrns.c
0xd9198	0x4dad98	.data	1	24	C:\Pacgen\src\defscrns.c
0xd91b4	0x4dadb4	.data	1	24	C:\Pacgen\src\defscrns.c
0xd91d0	0x4dadd0	.data	1	24	C:\Pacgen\src\defscrns.c
0xd91ec	0x4dadec	.data	1	11	buttons.shp
0xd91f8	0x4dadf8	.data	1	11	buttons.shp
0xd9204	0x4dae04	.data	1	24	C:\Pacgen\src\defscrns.c
0xd9220	0x4dae20	.data	1	24	C:\Pacgen\src\defscrns.c
0xd923c	0x4dae3c	.data	1	24	C:\Pacgen\src\defscrns.c
0xd9258	0x4dae58	.data	1	11	buttons.shp
0xd9264	0x4dae64	.data	1	11	buttons.shp
0xd9270	0x4dae70	.data	1	11	buttons.shp
0xd927c	0x4dae7c	.data	1	11	buttons.shp
0xd9288	0x4dae88	.data	1	24	C:\Pacgen\src\defscrns.c
0xd92a4	0x4daea4	.data	1	24	C:\Pacgen\src\defscrns.c
0xd92c0	0x4daec0	.data	1	24	C:\PACGEN\SRC\SETNIGHT.C
0xd92dc	0x4daedc	.data	1	24	C:\PACGEN\SRC\SETNIGHT.C
0xd9450	0x4db050	.data	1	23	C:\Pacgen\Src\multopt.c
0xd9468	0x4db068	.data	1	23	C:\Pacgen\Src\multopt.c
0xd9480	0x4db080	.data	1	23	C:\Pacgen\Src\multopt.c
0xd9498	0x4db098	.data	1	23	C:\Pacgen\Src\multopt.c
0xd94b0	0x4db0b0	.data	1	23	C:\Pacgen\Src\multopt.c
0xd94c8	0x4db0c8	.data	1	23	C:\Pacgen\Src\multopt.c
0xd94e0	0x4db0e0	.data	1	23	C:\Pacgen\Src\multopt.c
0xd9500	0x4db100	.data	1	23	C:\Pacgen\Src\multopt.c
0xd9518	0x4db118	.data	1	23	C:\Pacgen\Src\multopt.c
0xd9530	0x4db130	.data	1	23	C:\Pacgen\Src\multopt.c
0xd9548	0x4db148	.data	1	23	C:\Pacgen\Src\multopt.c
0xd9560	0x4db160	.data	1	23	C:\Pacgen\Src\multopt.c
0xd9578	0x4db178	.data	1	23	C:\Pacgen\Src\multopt.c
0xd9594	0x4db194	.data	1	23	C:\Pacgen\Src\multopt.c
0xd95b4	0x4db1b4	.data	1	23	C:\Pacgen\Src\multopt.c
0xd95cc	0x4db1cc	.data	1	23	C:\Pacgen\Src\multopt.c
0xd95e4	0x4db1e4	.data	1	23	C:\Pacgen\Src\multopt.c
0xd95fc	0x4db1fc	.data	1	23	C:\Pacgen\Src\multopt.c
0xd9614	0x4db214	.data	1	23	C:\Pacgen\Src\multopt.c
0xd962c	0x4db22c	.data	1	23	C:\Pacgen\Src\multopt.c
0xd9644	0x4db244	.data	1	23	C:\Pacgen\Src\disband.c
0xd9660	0x4db260	.data	1	23	C:\Pacgen\Src\disband.c
0xd9678	0x4db278	.data	1	23	C:\Pacgen\Src\disband.c
0xd9690	0x4db290	.data	1	11	streamsize:
0xd969c	0x4db29c	.data	1	5	nopal
0xd96a4	0x4db2a4	.data	1	7	nosound
0xd96ac	0x4db2ac	.data	1	5	novid
0xd96b4	0x4db2b4	.data	1	13	noweatheranim
0xd96c4	0x4db2c4	.data	1	10	hondarules
0xd96d0	0x4db2d0	.data	1	21	C:\Pacgen\Src\yesno.c
0xd96e8	0x4db2e8	.data	1	21	C:\Pacgen\Src\yesno.c
0xd9700	0x4db300	.data	1	21	C:\Pacgen\Src\yesno.c
0xd983c	0x4db43c	.data	1	32	D:\pacdemo\Mel\Mel400a\Src\Api.c
0xd9860	0x4db460	.data	1	32	D:\pacdemo\Mel\Mel400a\Src\Api.c
0xd9884	0x4db484	.data	1	32	D:\pacdemo\Mel\Mel400a\Src\Api.c
0xd98a8	0x4db4a8	.data	1	32	D:\pacdemo\Mel\Mel400a\Src\Api.c
0xd98cc	0x4db4cc	.data	1	7	%ld.mus
0xd98d4	0x4db4d4	.data	1	7	%ld.mus
0xd98dc	0x4db4dc	.data	1	32	D:\pacdemo\Mel\Mel400a\Src\Api.c
0xd9900	0x4db500	.data	1	32	D:\pacdemo\Mel\Mel400a\Src\Api.c
0xd9924	0x4db524	.data	1	32	D:\pacdemo\Mel\Mel400a\Src\Api.c
0xd9948	0x4db548	.data	1	32	D:\pacdemo\Mel\Mel400a\Src\Api.c
0xd996c	0x4db56c	.data	1	32	D:\pacdemo\Mel\Mel400a\Src\Api.c
0xd9990	0x4db590	.data	1	47	ERROR: vsprintf() returned EOF in LocalDebugf()
0xd99c0	0x4db5c0	.data	1	32	D:\pacdemo\Mel\Mel400a\Src\Api.c
0xd9c98	0x4db898	.data	1	33	D:\pacdemo\Mel\Mel400a\Src\Bank.c
0xd9cbc	0x4db8bc	.data	1	33	D:\pacdemo\Mel\Mel400a\Src\Bank.c
0xd9ce0	0x4db8e0	.data	1	33	D:\pacdemo\Mel\Mel400a\Src\Bank.c
0xd9d04	0x4db904	.data	1	33	D:\pacdemo\Mel\Mel400a\Src\Bank.c
0xd9d28	0x4db928	.data	1	33	D:\pacdemo\Mel\Mel400a\Src\Bank.c
0xd9d4c	0x4db94c	.data	1	33	D:\pacdemo\Mel\Mel400a\Src\Bank.c
0xd9d70	0x4db970	.data	1	33	D:\pacdemo\Mel\Mel400a\Src\Bank.c
0xd9d94	0x4db994	.data	1	33	D:\pacdemo\Mel\Mel400a\Src\Bank.c
0xd9db8	0x4db9b8	.data	1	33	D:\pacdemo\Mel\Mel400a\Src\Bank.c
0xd9ddc	0x4db9dc	.data	1	33	D:\pacdemo\Mel\Mel400a\Src\Bank.c
0xd9e00	0x4dba00	.data	1	33	D:\pacdemo\Mel\Mel400a\Src\Bank.c
0xd9e24	0x4dba24	.data	1	33	D:\pacdemo\Mel\Mel400a\Src\Bank.c
0xd9e48	0x4dba48	.data	1	35	D:\pacdemo\Mel\Mel400a\Src\Memory.c
0xd9e6c	0x4dba6c	.data	1	35	D:\pacdemo\Mel\Mel400a\Src\Memory.c
0xd9e90	0x4dba90	.data	1	35	D:\pacdemo\Mel\Mel400a\Src\Memory.c
0xd9eb4	0x4dbab4	.data	1	35	D:\pacdemo\Mel\Mel400a\Src\Memory.c
0xd9ed8	0x4dbad8	.data	1	33	D:\pacdemo\Mel\Mel400a\Src\File.c
0xd9efc	0x4dbafc	.data	1	33	D:\pacdemo\Mel\Mel400a\Src\File.c
0xd9f20	0x4dbb20	.data	1	33	D:\pacdemo\Mel\Mel400a\Src\File.c
0xd9f44	0x4dbb44	.data	1	33	D:\pacdemo\Mel\Mel400a\Src\File.c
0xd9f68	0x4dbb68	.data	1	33	D:\pacdemo\Mel\Mel400a\Src\File.c
0xd9f90	0x4dbb90	.data	1	4	.bnk
0xd9f98	0x4dbb98	.data	1	4	.xmi
0xd9fa0	0x4dbba0	.data	1	4	.mel
0xd9fa8	0x4dbba8	.data	1	4	.tlk
0xd9fb0	0x4dbbb0	.data	1	33	D:\pacdemo\Mel\Mel400a\Src\File.c
0xd9ffc	0x4dbbfc	.data	1	8	Device: 
0xda00c	0x4dbc0c	.data	1	36	D:\pacdemo\Mel\Mel400a\Src\Ailstub.c
0xda034	0x4dbc34	.data	1	36	D:\pacdemo\Mel\Mel400a\Src\Ailstub.c
0xda060	0x4dbc60	.data	1	36	D:\pacdemo\Mel\Mel400a\Src\Ailstub.c
0xda088	0x4dbc88	.data	1	36	D:\pacdemo\Mel\Mel400a\Src\Ailstub.c
0xda0b0	0x4dbcb0	.data	1	9	mode co80
0xda0bc	0x4dbcbc	.data	1	20	Mel 4.0.0.A 02/14/97
0xda108	0x4dbd08	.data	1	36	D:\pacdemo\Mel\Mel400a\Src\Ailstub.c
0xda130	0x4dbd30	.data	1	36	D:\pacdemo\Mel\Mel400a\Src\Ailstub.c
0xda158	0x4dbd58	.data	1	36	D:\pacdemo\Mel\Mel400a\Src\Ailstub.c
0xda180	0x4dbd80	.data	1	33	D:\pacdemo\Mel\Mel400a\Src\Heap.c
0xda1a4	0x4dbda4	.data	1	33	D:\pacdemo\Mel\Mel400a\Src\Heap.c
0xda1c8	0x4dbdc8	.data	1	33	D:\pacdemo\Mel\Mel400a\Src\Heap.c
0xda1ec	0x4dbdec	.data	1	33	D:\pacdemo\Mel\Mel400a\Src\Heap.c
0xda210	0x4dbe10	.data	1	33	D:\pacdemo\Mel\Mel400a\Src\Heap.c
0xda234	0x4dbe34	.data	1	33	D:\pacdemo\Mel\Mel400a\Src\Heap.c
0xda258	0x4dbe58	.data	1	33	D:\pacdemo\Mel\Mel400a\Src\Heap.c
0xda27c	0x4dbe7c	.data	1	33	D:\pacdemo\Mel\Mel400a\Src\Heap.c
0xda2a0	0x4dbea0	.data	1	33	D:\pacdemo\Mel\Mel400a\Src\Heap.c
0xda2c4	0x4dbec4	.data	1	12	melerror.txt
0xda2d4	0x4dbed4	.data	1	8	language
0xda2e8	0x4dbee8	.data	1	4	%s%d
0xda2f0	0x4dbef0	.data	1	20	Mel 4.0.0.A 02/14/97
0xda310	0x4dbf10	.data	1	5	ERROR
0xda318	0x4dbf18	.data	1	5	ERROR
0xda320	0x4dbf20	.data	1	13	Generic Error
0xda330	0x4dbf30	.data	1	5	ERROR
0xda338	0x4dbf38	.data	1	11	Lock Failed
0xda344	0x4dbf44	.data	1	5	ERROR
0xda34c	0x4dbf4c	.data	1	12	Alloc Failed
0xdbea6	0x5ef6a6	.idata	0	16	DirectDrawCreate
0xdbeb8	0x5ef6b8	.idata	0	9	DDRAW.dll
0xdbec4	0x5ef6c4	.idata	0	18	GlobalMemoryStatus
0xdbeda	0x5ef6da	.idata	0	13	GetDriveTypeA
0xdbeea	0x5ef6ea	.idata	0	18	GetModuleFileNameA
0xdbf00	0x5ef700	.idata	0	12	CreateMutexA
0xdbf10	0x5ef710	.idata	0	14	GetDateFormatA
0xdbf22	0x5ef722	.idata	0	12	ReleaseMutex
0xdbf32	0x5ef732	.idata	0	19	WaitForSingleObject
0xdbf48	0x5ef748	.idata	0	18	OutputDebugStringA
0xdbf5e	0x5ef75e	.idata	0	11	CloseHandle
0xdbf6c	0x5ef76c	.idata	0	17	GetDiskFreeSpaceA
0xdbf7e	0x5ef77e	.idata	0	12	KERNEL32.dll
0xdbf8e	0x5ef78e	.idata	0	10	ShowCursor
0xdbf9c	0x5ef79c	.idata	0	15	DialogBoxParamA
0xdbfae	0x5ef7ae	.idata	0	9	EndDialog
0xdbfba	0x5ef7ba	.idata	0	12	SendMessageA
0xdbfca	0x5ef7ca	.idata	0	10	GetDlgItem
0xdbfd8	0x5ef7d8	.idata	0	13	GetDlgItemInt
0xdbfe8	0x5ef7e8	.idata	0	13	SetDlgItemInt
0xdbff8	0x5ef7f8	.idata	0	15	PostQuitMessage
0xdc00a	0x5ef80a	.idata	0	11	MessageBoxA
0xdc018	0x5ef818	.idata	0	12	UpdateWindow
0xdc028	0x5ef828	.idata	0	10	ShowWindow
0xdc036	0x5ef836	.idata	0	15	CreateWindowExA
0xdc048	0x5ef848	.idata	0	14	RegisterClassA
0xdc05a	0x5ef85a	.idata	0	11	LoadCursorA
0xdc068	0x5ef868	.idata	0	9	LoadIconA
0xdc074	0x5ef874	.idata	0	8	EndPaint
0xdc080	0x5ef880	.idata	0	10	BeginPaint
0xdc08e	0x5ef88e	.idata	0	14	DefWindowProcA
0xdc0a0	0x5ef8a0	.idata	0	8	GetFocus
0xdc0ac	0x5ef8ac	.idata	0	16	DispatchMessageA
0xdc0c0	0x5ef8c0	.idata	0	16	TranslateMessage
0xdc0d4	0x5ef8d4	.idata	0	12	PeekMessageA
0xdc0e4	0x5ef8e4	.idata	0	15	GetDlgItemTextA
0xdc0f6	0x5ef8f6	.idata	0	15	SetDlgItemTextA
0xdc108	0x5ef908	.idata	0	19	SendDlgItemMessageA
0xdc11e	0x5ef91e	.idata	0	18	IsDlgButtonChecked
0xdc134	0x5ef934	.idata	0	23	DialogBoxIndirectParamA
0xdc14e	0x5ef94e	.idata	0	9	wsprintfA
0xdc15a	0x5ef95a	.idata	0	18	GetDialogBaseUnits
0xdc170	0x5ef970	.idata	0	8	SetFocus
0xdc17c	0x5ef97c	.idata	0	11	GetMessageA
0xdc18a	0x5ef98a	.idata	0	13	DestroyWindow
0xdc198	0x5ef998	.idata	0	10	USER32.dll
0xdc1a6	0x5ef9a6	.idata	0	14	GetStockObject
0xdc1b8	0x5ef9b8	.idata	0	9	SetBkMode
0xdc1c4	0x5ef9c4	.idata	0	10	SetBkColor
0xdc1d2	0x5ef9d2	.idata	0	12	SetTextColor
0xdc1e0	0x5ef9e0	.idata	0	9	GDI32.dll
0xdc1ec	0x5ef9ec	.idata	0	16	GetOpenFileNameA
0xdc200	0x5efa00	.idata	0	16	GetSaveFileNameA
0xdc212	0x5efa12	.idata	0	12	comdlg32.dll
0xdc222	0x5efa22	.idata	0	11	RegCloseKey
0xdc230	0x5efa30	.idata	0	16	RegQueryValueExA
0xdc244	0x5efa44	.idata	0	13	RegOpenKeyExA
0xdc252	0x5efa52	.idata	0	12	ADVAPI32.dll
0xdc262	0x5efa62	.idata	0	11	timeGetTime
0xdc270	0x5efa70	.idata	0	13	timeKillEvent
0xdc280	0x5efa80	.idata	0	15	timeBeginPeriod
0xdc292	0x5efa92	.idata	0	14	timeGetDevCaps
0xdc2a4	0x5efaa4	.idata	0	12	timeSetEvent
0xdc2b4	0x5efab4	.idata	0	15	mciSendCommandA
0xdc2c6	0x5efac6	.idata	0	14	auxGetDevCapsA
0xdc2d8	0x5efad8	.idata	0	13	auxGetNumDevs
0xdc2e8	0x5efae8	.idata	0	12	auxSetVolume
0xdc2f8	0x5efaf8	.idata	0	12	auxGetVolume
0xdc308	0x5efb08	.idata	0	18	mciGetErrorStringA
0xdc31c	0x5efb1c	.idata	0	9	WINMM.dll
0xdc326	0x5efb26	.idata	0	10	DPLAYX.dll
0xdc332	0x5efb32	.idata	0	12	smackw32.DLL
0xdc342	0x5efb42	.idata	0	6	_lread
0xdc34c	0x5efb4c	.idata	0	6	_lopen
0xdc356	0x5efb56	.idata	0	7	_lclose
0xdc360	0x5efb60	.idata	0	10	GlobalFree
0xdc36e	0x5efb6e	.idata	0	12	GlobalUnlock
0xdc37e	0x5efb7e	.idata	0	10	GlobalLock
0xdc38c	0x5efb8c	.idata	0	11	GlobalAlloc
0xdc39a	0x5efb9a	.idata	0	13	IsBadWritePtr
0xdc3aa	0x5efbaa	.idata	0	12	IsBadReadPtr
0xdc3ba	0x5efbba	.idata	0	12	HeapValidate
0xdc3ca	0x5efbca	.idata	0	11	ExitProcess
0xdc3d8	0x5efbd8	.idata	0	16	TerminateProcess
0xdc3ec	0x5efbec	.idata	0	17	GetCurrentProcess
0xdc400	0x5efc00	.idata	0	22	GetTimeZoneInformation
0xdc41a	0x5efc1a	.idata	0	13	GetSystemTime
0xdc42a	0x5efc2a	.idata	0	12	GetLocalTime
0xdc43a	0x5efc3a	.idata	0	12	GetLastError
0xdc44a	0x5efc4a	.idata	0	14	FindFirstFileA
0xdc45c	0x5efc5c	.idata	0	13	FindNextFileA
0xdc46c	0x5efc6c	.idata	0	9	FindClose
0xdc478	0x5efc78	.idata	0	20	FileTimeToSystemTime
0xdc490	0x5efc90	.idata	0	23	FileTimeToLocalFileTime
0xdc4aa	0x5efcaa	.idata	0	16	GetModuleHandleA
0xdc4be	0x5efcbe	.idata	0	15	GetStartupInfoA
0xdc4d0	0x5efcd0	.idata	0	15	GetCommandLineA
0xdc4e2	0x5efce2	.idata	0	10	GetVersion
0xdc4f0	0x5efcf0	.idata	0	10	DebugBreak
0xdc4fe	0x5efcfe	.idata	0	12	GetStdHandle
0xdc50e	0x5efd0e	.idata	0	20	InterlockedDecrement
0xdc526	0x5efd26	.idata	0	9	WriteFile
0xdc532	0x5efd32	.idata	0	14	GetProcAddress
0xdc544	0x5efd44	.idata	0	12	LoadLibraryA
0xdc554	0x5efd54	.idata	0	20	InterlockedIncrement
0xdc56c	0x5efd6c	.idata	0	9	HeapAlloc
0xdc578	0x5efd78	.idata	0	11	HeapReAlloc
0xdc586	0x5efd86	.idata	0	8	HeapFree
0xdc592	0x5efd92	.idata	0	11	HeapDestroy
0xdc5a0	0x5efda0	.idata	0	10	HeapCreate
0xdc5ae	0x5efdae	.idata	0	11	VirtualFree
0xdc5bc	0x5efdbc	.idata	0	12	VirtualAlloc
0xdc5cc	0x5efdcc	.idata	0	8	ReadFile
0xdc5d8	0x5efdd8	.idata	0	14	SetHandleCount
0xdc5ea	0x5efdea	.idata	0	11	GetFileType
0xdc5f8	0x5efdf8	.idata	0	14	SetFilePointer
0xdc60a	0x5efe0a	.idata	0	19	MultiByteToWideChar
0xdc620	0x5efe20	.idata	0	12	LCMapStringA
0xdc630	0x5efe30	.idata	0	19	WideCharToMultiByte
0xdc646	0x5efe46	.idata	0	12	LCMapStringW
0xdc656	0x5efe56	.idata	0	14	GetStringTypeA
0xdc668	0x5efe68	.idata	0	14	GetStringTypeW
0xdc67a	0x5efe7a	.idata	0	9	RtlUnwind
0xdc686	0x5efe86	.idata	0	24	UnhandledExceptionFilter
0xdc6a2	0x5efea2	.idata	0	23	FreeEnvironmentStringsA
0xdc6bc	0x5efebc	.idata	0	21	GetEnvironmentStrings
0xdc6d4	0x5efed4	.idata	0	23	FreeEnvironmentStringsW
0xdc6ee	0x5efeee	.idata	0	22	GetEnvironmentStringsW
0xdc708	0x5eff08	.idata	0	9	GetCPInfo
0xdc714	0x5eff14	.idata	0	6	GetACP
0xdc71e	0x5eff1e	.idata	0	8	GetOEMCP
0xdc72a	0x5eff2a	.idata	0	18	GetFileAttributesA
0xdc740	0x5eff40	.idata	0	21	SetConsoleCtrlHandler
0xdc758	0x5eff58	.idata	0	12	SetStdHandle
0xdc768	0x5eff68	.idata	0	16	FlushFileBuffers
0xdc77c	0x5eff7c	.idata	0	11	CreateFileA
0xdc78a	0x5eff8a	.idata	0	18	GetExitCodeProcess
0xdc7a0	0x5effa0	.idata	0	14	CreateProcessA
0xdc7b2	0x5effb2	.idata	0	12	SetEndOfFile
0xdc7c2	0x5effc2	.idata	0	14	CompareStringA
0xdc7d4	0x5effd4	.idata	0	14	CompareStringW
0xdc7e6	0x5effe6	.idata	0	23	SetEnvironmentVariableA
0xdc800	0x5f0000	.idata	0	8	SetTimer
0xdc80c	0x5f000c	.idata	0	9	KillTimer
0xdc818	0x5f0018	.idata	0	26	_AIL_load_sample_buffer@16
0xdc836	0x5f0036	.idata	0	26	_AIL_sample_buffer_ready@4
0xdc854	0x5f0054	.idata	0	20	_AIL_sample_status@4
0xdc86c	0x5f006c	.idata	1	21	_AIL_set_sample_pan@8
0xdc884	0x5f0084	.idata	0	24	_AIL_set_sample_volume@8
0xdc8a0	0x5f00a0	.idata	0	31	_AIL_set_sample_playback_rate@8
0xdc8c2	0x5f00c2	.idata	0	23	_AIL_set_sample_type@12
0xdc8dc	0x5f00dc	.idata	0	18	_AIL_init_sample@4
0xdc8f2	0x5f00f2	.idata	0	17	_AIL_end_sample@4
0xdc906	0x5f0106	.idata	0	29	_AIL_allocate_sample_handle@4
0xdc926	0x5f0126	.idata	0	14	_AIL_startup@0
0xdc938	0x5f0138	.idata	0	29	_AIL_digital_configuration@16
0xdc958	0x5f0158	.idata	0	19	_AIL_waveOutOpen@16
0xdc96e	0x5f016e	.idata	0	15	_AIL_shutdown@0
0xdc980	0x5f0180	.idata	0	28	_AIL_release_sample_handle@4
0xdc9a0	0x5f01a0	.idata	0	21	_AIL_start_sequence@4
0xdc9b8	0x5f01b8	.idata	0	21	_AIL_init_sequence@12
0xdc9d0	0x5f01d0	.idata	0	31	_AIL_allocate_sequence_handle@4
0xdc9f2	0x5f01f2	.idata	0	30	_AIL_release_sequence_handle@4
0xdca14	0x5f0214	.idata	0	19	_AIL_end_sequence@4
0xdca2a	0x5f022a	.idata	0	22	_AIL_sequence_status@4
0xdca44	0x5f0244	.idata	0	19	_AIL_start_sample@4
0xdca5a	0x5f025a	.idata	0	28	_AIL_set_sample_loop_count@8
0xdca7a	0x5f027a	.idata	0	26	_AIL_set_sample_address@12
0xdca98	0x5f0298	.idata	0	27	_AIL_set_sequence_volume@12
0xdcab6	0x5f02b6	.idata	0	28	_AIL_active_sequence_count@4
0xdcad6	0x5f02d6	.idata	0	16	_AIL_file_read@8
0xdcaea	0x5f02ea	.idata	0	16	_AIL_file_size@4
0xdcafe	0x5f02fe	.idata	0	21	_AIL_mem_alloc_lock@4
0xdcb16	0x5f0316	.idata	0	20	_AIL_mem_free_lock@4
0xdcb2c	0x5f032c	.idata	0	9	mss32.dll
0xdf263	0x5f3663	.rsrc	0	9	Airmobile
0xdf275	0x5f3675	.rsrc	0	8	Airborne
0xe0579	0x5f4979	.rsrc	0	6	ZZ\<Z(
0xe0597	0x5f4997	.rsrc	0	8	DDD.===+
0xe05b5	0x5f49b5	.rsrc	0	10	4500==44//
0xe05d5	0x5f49d5	.rsrc	0	10	===+04+/4=
0xe05f5	0x5f49f5	.rsrc	0	10	+=AA==44=P
0xe0615	0x5f4a15	.rsrc	0	10	A=AA444455
0xe0635	0x5f4a35	.rsrc	0	10	+A=4==////
0xe0655	0x5f4a55	.rsrc	0	10	=+==404A=P
0xe069b	0x5f4a9b	.rsrc	0	4	44==
0xe076e	0x5f4b6e	.rsrc	0	34	44D77D3==5D5==35=+.D300=.554454044
0xe3b0d	0x5f830d	.reloc	0	7	=p>9?Y?
0xe3c6d	0x5f846d	.reloc	0	7	9$939K9
0xe3c8b	0x5f848b	.reloc	0	11	>(?3???K?f?
0xe3cf5	0x5f84f5	.reloc	0	7	:9:Y:y:
0xe82a9	0x5fcaa9	.reloc	0	11	?,?<?G?S?[?
0xe84e3	0x5fcce3	.reloc	0	5	>\t?@?
0xea0e9	0x5fe8e9	.reloc	0	5	=U?Z?
0xeab67	0x5ff367	.reloc	0	5	?&?>?
0xeb049	0x5ff849	.reloc	0	7	>/>G>H?
0xeb2b5	0x5ffab5	.reloc	0	5	>\t?{?
0xecbe3	0x6013e3	.reloc	0	17	?(?7?g?n?r?v?z?~?
0xece19	0x601619	.reloc	0	5	?.?R?
0xed837	0x602037	.reloc	0	9	2 2$2(2,2
0xee60c	0x0	?	19889	17	..\exe/Pacgen.exe
0xee780	0x0	?	19889	4	NB10
0xee790	0x0	?	19889	24	C:\pacgen\exe\Pacgen.pdb
